trade_seq,trade_id,timestamp,tick_direction,price,mark_price,iv,instrument_name,index_price,direction,contracts,amount,block_trade_leg_count,block_trade_id,combo_id,unix_sec
3244,364031192,1746054198600,1,0.002,0.00200424,58.55,BTC-30MAY25-70000-P,94082.19,buy,0.1,0.1,,,,1746054198.6
3245,364032208,1746054946023,1,0.002,0.00191419,58.99,BTC-30MAY25-70000-P,94306.89,buy,0.1,0.1,,,,1746054946.023
3246,364043163,1746069007628,1,0.002,0.00184976,60.21,BTC-30MAY25-70000-P,94941.72,buy,12.0,12.0,,,,1746069007.628
3247,364064808,1746093422391,2,0.0017,0.00155988,60.15,BTC-30MAY25-70000-P,95661.62,buy,0.1,0.1,,,,1746093422.391
3248,364072423,1746095257519,0,0.0018,0.00162483,61.79,BTC-30MAY25-70000-P,96252.24,buy,0.1,0.1,,,,1746095257.519
3249,364072467,1746095288063,0,0.0019,0.00162864,62.39,BTC-30MAY25-70000-P,96253.5,buy,12.5,12.5,2.0,BLOCK-195399,BTC-PS-30MAY25-75000_70000,1746095288.063
3250,364121369,1746109781463,2,0.0018,0.00164216,62.31,BTC-30MAY25-70000-P,96471.92,buy,0.1,0.1,,,,1746109781.463
3251,364121370,1746109781463,3,0.0018,0.00164216,62.31,BTC-30MAY25-70000-P,96471.92,buy,3.6,3.6,,,,1746109781.463
3252,364139341,1746113654226,2,0.0016,0.00154749,62.11,BTC-30MAY25-70000-P,97077.0,buy,0.9,0.9,,,,1746113654.226
3253,364147128,1746117277620,0,0.0017,0.00162675,63.3,BTC-30MAY25-70000-P,97365.9,buy,0.1,0.1,,,,1746117277.62
3254,364149182,1746118146478,1,0.0017,0.00165892,63.18,BTC-30MAY25-70000-P,97309.88,buy,0.1,0.1,,,,1746118146.478
3255,364149925,1746118450195,1,0.0017,0.0016894,62.93,BTC-30MAY25-70000-P,97148.45,buy,0.1,0.1,,,,1746118450.195
3256,364150787,1746118750211,1,0.0017,0.0016791,62.88,BTC-30MAY25-70000-P,97098.55,buy,0.1,0.1,,,,1746118750.211
3257,364151765,1746119050254,1,0.0017,0.00163839,63.07,BTC-30MAY25-70000-P,97199.86,buy,0.1,0.1,,,,1746119050.254
3258,364152141,1746119350266,1,0.0017,0.00164059,63.07,BTC-30MAY25-70000-P,97211.38,buy,0.1,0.1,,,,1746119350.266
3259,364154374,1746120797822,1,0.0017,0.00165786,62.76,BTC-30MAY25-70000-P,97023.64,buy,0.1,0.1,,,,1746120797.822
3260,364157141,1746121849541,1,0.0017,0.00164713,62.32,BTC-30MAY25-70000-P,96724.52,buy,0.1,0.1,,,,1746121849.541
3261,364158131,1746122593591,0,0.0018,0.00162959,63.16,BTC-30MAY25-70000-P,96876.13,buy,0.5,0.5,,,,1746122593.591
3262,364159700,1746123799216,2,0.0017,0.00166175,62.16,BTC-30MAY25-70000-P,96624.64,buy,0.1,0.1,,,,1746123799.216
3263,364160534,1746124376977,3,0.0017,0.00166681,61.98,BTC-30MAY25-70000-P,96522.31,buy,0.1,0.1,,,,1746124376.977
3264,364166385,1746127653579,3,0.0017,0.00165775,61.97,BTC-30MAY25-70000-P,96518.8,buy,0.1,0.1,,,,1746127653.579
3265,364166548,1746127953623,3,0.0017,0.00163379,62.12,BTC-30MAY25-70000-P,96610.35,buy,0.1,0.1,,,,1746127953.623
3266,364166858,1746128253668,3,0.0017,0.00162013,62.29,BTC-30MAY25-70000-P,96715.81,buy,0.1,0.1,,,,1746128253.668
3267,364167549,1746128995777,3,0.0017,0.0016382,62.19,BTC-30MAY25-70000-P,96635.13,buy,0.1,0.1,,,,1746128995.777
3268,364167811,1746129295834,3,0.0017,0.00162942,62.27,BTC-30MAY25-70000-P,96684.97,buy,0.1,0.1,,,,1746129295.834
3269,364169190,1746129984932,3,0.0017,0.00167698,61.85,BTC-30MAY25-70000-P,96451.68,buy,0.1,0.1,,,,1746129984.932
3270,364169939,1746130293649,3,0.0017,0.001646,62.1,BTC-30MAY25-70000-P,96592.61,buy,0.1,0.1,,,,1746130293.649
3271,364170595,1746130611271,3,0.0017,0.00159232,62.58,BTC-30MAY25-70000-P,96876.45,buy,0.1,0.1,,,,1746130611.271
3272,364175276,1746135833455,3,0.0017,0.00161562,62.53,BTC-30MAY25-70000-P,96766.21,buy,0.1,0.1,,,,1746135833.455
3273,364176625,1746137474178,2,0.0016,0.00164063,61.59,BTC-30MAY25-70000-P,96573.45,buy,1.0,1.0,,,,1746137474.178
3274,364176633,1746137483903,3,0.0016,0.00164196,61.59,BTC-30MAY25-70000-P,96572.05,buy,1.0,1.0,,,,1746137483.903
3275,364176680,1746137492967,3,0.0016,0.00163068,61.66,BTC-30MAY25-70000-P,96615.79,buy,1.0,1.0,,,,1746137492.967
3276,364188174,1746147618301,0,0.0017,0.00161901,63.18,BTC-30MAY25-70000-P,97096.48,sell,0.1,0.1,,,,1746147618.301
3277,364196085,1746153237947,2,0.0016,0.00161947,62.67,BTC-30MAY25-70000-P,97068.87,buy,0.1,0.1,,,,1746153237.947
3278,364196086,1746153239920,3,0.0016,0.00161949,62.67,BTC-30MAY25-70000-P,97067.64,buy,0.1,0.1,,,,1746153239.92
3279,364218447,1746166404954,0,0.0017,0.00160621,63.1,BTC-30MAY25-70000-P,96770.2,buy,0.1,0.1,,,,1746166404.954
3282,364218480,1746166424980,1,0.0018,0.00161006,63.72,BTC-30MAY25-70000-P,96770.84,buy,7.4,7.4,,,,1746166424.98
3281,364218479,1746166424980,1,0.0018,0.00161006,63.72,BTC-30MAY25-70000-P,96770.84,buy,1.3,1.3,,,,1746166424.98
3280,364218478,1746166424980,0,0.0018,0.00161006,63.72,BTC-30MAY25-70000-P,96770.84,buy,1.2,1.2,,,,1746166424.98
3283,364272058,1746191311147,2,0.0016,0.00157522,63.0,BTC-30MAY25-70000-P,97030.7,buy,0.1,0.1,,,,1746191311.147
3284,364283579,1746196090080,2,0.0014,0.00141514,62.01,BTC-30MAY25-70000-P,97204.15,sell,25.0,25.0,2.0,BLOCK-195676,BTC-PS-30MAY25-74000_70000,1746196090.08
3285,364291653,1746197649329,0,0.0015,0.00141776,63.56,BTC-30MAY25-70000-P,97704.18,sell,0.1,0.1,,,,1746197649.329
3286,364373849,1746239586605,1,0.0015,0.00138481,62.42,BTC-30MAY25-70000-P,96717.84,buy,0.1,0.1,,,,1746239586.605
3287,364391752,1746255625082,1,0.0015,0.00145278,61.63,BTC-30MAY25-70000-P,96204.73,buy,0.1,0.1,,,,1746255625.082
3288,364463731,1746277163889,1,0.0015,0.00144034,61.72,BTC-30MAY25-70000-P,96154.77,buy,0.1,0.1,,,,1746277163.889
3289,364463732,1746277163889,1,0.0015,0.00144034,61.72,BTC-30MAY25-70000-P,96154.77,buy,0.7,0.7,,,,1746277163.889
3290,364520462,1746313582554,2,0.0014,0.00139946,61.65,BTC-30MAY25-70000-P,96182.77,buy,0.1,0.1,,,,1746313582.554
3291,364560624,1746333713355,3,0.0014,0.00140174,61.28,BTC-30MAY25-70000-P,95813.8,buy,0.1,0.1,,,,1746333713.355
3292,364561050,1746334467967,0,0.0015,0.00142299,61.95,BTC-30MAY25-70000-P,95789.16,buy,0.1,0.1,,,,1746334467.967
3293,364561762,1746335416847,1,0.0015,0.00142473,62.21,BTC-30MAY25-70000-P,95938.81,buy,0.1,0.1,,,,1746335416.847
3294,364672067,1746403224470,1,0.0015,0.00145832,59.99,BTC-30MAY25-70000-P,94267.89,buy,0.1,0.1,,,,1746403224.47
3295,364674619,1746404363014,2,0.0014,0.00146232,59.81,BTC-30MAY25-70000-P,94541.66,sell,4.0,4.0,,,,1746404363.014
3296,364679128,1746408138033,0,0.0015,0.00147487,60.21,BTC-30MAY25-70000-P,94331.25,buy,0.1,0.1,,,,1746408138.033
3297,364679129,1746408150759,0,0.0016,0.00148031,60.84,BTC-30MAY25-70000-P,94316.01,buy,1.0,1.0,,,,1746408150.759
3298,364679130,1746408150759,1,0.0016,0.00148031,60.84,BTC-30MAY25-70000-P,94316.01,buy,3.9,3.9,,,,1746408150.759
3299,364679157,1746408253002,1,0.0016,0.00147686,60.84,BTC-30MAY25-70000-P,94318.86,buy,2.0,2.0,,,,1746408253.002
3300,364744679,1746452868076,2,0.0015,0.0016076,59.88,BTC-30MAY25-70000-P,93780.32,sell,0.1,0.1,,,,1746452868.076
3301,364765307,1746458123994,0,0.0017,0.00158245,61.12,BTC-30MAY25-70000-P,93699.65,buy,5.0,5.0,,,,1746458123.994
3302,364765308,1746458123994,1,0.0017,0.00158245,61.12,BTC-30MAY25-70000-P,93699.65,buy,0.1,0.1,,,,1746458123.994
3303,364765322,1746458134908,0,0.0018,0.0015826,61.71,BTC-30MAY25-70000-P,93687.91,buy,0.9,0.9,,,,1746458134.908
3304,364767754,1746459477942,2,0.0015,0.0016139,60.08,BTC-30MAY25-70000-P,93839.93,sell,50.0,50.0,2.0,BLOCK-195912,BTC-PS-30MAY25-85000_70000,1746459477.942
3305,364829393,1746508245859,2,0.0013,0.00138783,60.55,BTC-30MAY25-70000-P,94505.5,sell,3.0,3.0,,,,1746508245.859
3306,364832302,1746513456552,0,0.0016,0.00143365,62.67,BTC-30MAY25-70000-P,94448.89,buy,1.0,1.0,,,,1746513456.552
3307,364859306,1746535468852,1,0.0016,0.00148881,62.05,BTC-30MAY25-70000-P,93975.56,buy,0.1,0.1,,,,1746535468.852
3308,364984790,1746588848612,2,0.0013,0.0013513,65.44,BTC-30MAY25-70000-P,96549.99,sell,0.5,0.5,,,,1746588848.612
3310,364984809,1746588879605,3,0.0013,0.00135278,65.44,BTC-30MAY25-70000-P,96550.52,sell,0.5,0.5,,,,1746588879.605
3309,364984808,1746588879605,3,0.0013,0.00135278,65.44,BTC-30MAY25-70000-P,96550.52,sell,1.5,1.5,,,,1746588879.605
3311,364989961,1746597524119,3,0.0013,0.00126818,65.25,BTC-30MAY25-70000-P,96364.09,buy,0.1,0.1,,,,1746597524.119
3312,364990221,1746597858284,3,0.0013,0.00126443,65.36,BTC-30MAY25-70000-P,96416.66,buy,0.1,0.1,,,,1746597858.284
3313,364991640,1746599974316,3,0.0013,0.0012766,65.58,BTC-30MAY25-70000-P,96527.12,buy,0.1,0.1,,,,1746599974.316
3314,364992503,1746600898049,3,0.0013,0.00126464,65.68,BTC-30MAY25-70000-P,96559.87,buy,0.1,0.1,,,,1746600898.049
3315,364994171,1746602757567,2,0.0012,0.00128063,65.18,BTC-30MAY25-70000-P,96735.64,sell,25.0,25.0,2.0,BLOCK-196205,BTC-PS-30MAY25-74000_70000,1746602757.567
3316,364994173,1746602758740,0,0.0013,0.00128057,66.02,BTC-30MAY25-70000-P,96735.68,buy,0.1,0.1,,,,1746602758.74
3317,364994696,1746603171064,1,0.0013,0.00127947,66.03,BTC-30MAY25-70000-P,96757.49,buy,0.1,0.1,,,,1746603171.064
3319,365006139,1746615763889,3,0.0011,0.00124966,64.96,BTC-30MAY25-70000-P,97003.44,sell,1.0,1.0,,,,1746615763.889
3318,365006138,1746615763889,2,0.0011,0.00124966,64.96,BTC-30MAY25-70000-P,97003.44,sell,2.0,2.0,,,,1746615763.889
3322,365006374,1746615819247,3,0.001,0.00124366,63.97,BTC-30MAY25-70000-P,96975.49,sell,1.0,1.0,,,,1746615819.247
3321,365006373,1746615819247,3,0.001,0.00124366,63.97,BTC-30MAY25-70000-P,96975.49,sell,0.1,0.1,,,,1746615819.247
3320,365006372,1746615819247,2,0.001,0.00124366,63.97,BTC-30MAY25-70000-P,96975.49,sell,0.1,0.1,,,,1746615819.247
3323,365006375,1746615819247,3,0.001,0.00124366,63.97,BTC-30MAY25-70000-P,96975.49,sell,2.5,2.5,,,,1746615819.247
3324,365009212,1746619281620,0,0.0011,0.00099188,65.18,BTC-30MAY25-70000-P,97076.68,buy,4.0,4.0,,,,1746619281.62
3325,365044330,1746642401991,2,0.001,0.00104315,63.49,BTC-30MAY25-70000-P,96471.06,sell,0.1,0.1,,,,1746642401.991
3326,365044331,1746642407407,3,0.001,0.00104231,63.49,BTC-30MAY25-70000-P,96471.14,sell,0.1,0.1,,,,1746642407.407
3327,365044336,1746642415716,3,0.001,0.00104112,63.5,BTC-30MAY25-70000-P,96475.6,sell,0.1,0.1,,,,1746642415.716
3328,365044343,1746642424018,3,0.001,0.00104192,63.51,BTC-30MAY25-70000-P,96482.76,sell,0.1,0.1,,,,1746642424.018
3329,365044352,1746642433495,3,0.001,0.00103888,63.53,BTC-30MAY25-70000-P,96492.73,sell,0.1,0.1,,,,1746642433.495
3330,365056797,1746646019446,3,0.001,0.00104181,62.79,BTC-30MAY25-70000-P,96096.87,buy,2.0,2.0,,,,1746646019.446
3331,365059144,1746646261558,2,0.0009,0.00105117,61.67,BTC-30MAY25-70000-P,95999.37,sell,0.7,0.7,,,,1746646261.558
3332,365059145,1746646261558,3,0.0009,0.00105117,61.67,BTC-30MAY25-70000-P,95999.37,sell,0.3,0.3,,,,1746646261.558
3333,365111905,1746669794729,3,0.0009,0.00093477,65.65,BTC-30MAY25-70000-P,97956.27,sell,0.5,0.5,,,,1746669794.729
3334,365111906,1746669794731,3,0.0009,0.00093477,65.65,BTC-30MAY25-70000-P,97956.27,buy,2.5,2.5,,,,1746669794.731
3335,365112112,1746669918616,3,0.0009,0.00092103,65.7,BTC-30MAY25-70000-P,97983.34,buy,1.0,1.0,,,,1746669918.616
3337,365140488,1746677966189,3,0.0009,0.00073363,68.32,BTC-30MAY25-70000-P,99372.77,buy,0.1,0.1,,,,1746677966.189
3336,365140487,1746677966189,3,0.0009,0.00073363,68.32,BTC-30MAY25-70000-P,99372.77,buy,3.0,3.0,,,,1746677966.189
3338,365140489,1746677966191,3,0.0009,0.00073363,68.32,BTC-30MAY25-70000-P,99372.77,sell,4.9,4.9,,,,1746677966.191
3339,365172262,1746693042343,2,0.0008,0.00075605,67.56,BTC-30MAY25-70000-P,99484.02,buy,0.3,0.3,,,,1746693042.343
3340,365172263,1746693042346,3,0.0008,0.00075605,67.56,BTC-30MAY25-70000-P,99484.02,sell,0.7,0.7,,,,1746693042.346
3341,365227205,1746715797257,2,0.0006,0.0006406,65.67,BTC-30MAY25-70000-P,99679.62,sell,1.2,1.2,,,,1746715797.257
3342,365227206,1746715797257,3,0.0006,0.0006406,65.67,BTC-30MAY25-70000-P,99679.62,sell,1.0,1.0,,,,1746715797.257
3343,365227207,1746715797263,3,0.0006,0.0006406,65.67,BTC-30MAY25-70000-P,99679.62,buy,0.3,0.3,,,,1746715797.263
3344,365310076,1746738152194,3,0.0006,0.00065186,70.62,BTC-30MAY25-70000-P,102464.03,sell,0.1,0.1,,,,1746738152.194
3345,365323841,1746739533264,0,0.0007,0.00066422,73.87,BTC-30MAY25-70000-P,103522.08,buy,0.1,0.1,,,,1746739533.264
3346,365453970,1746781688407,0,0.0008,0.00088504,75.31,BTC-30MAY25-70000-P,103045.36,sell,5.0,5.0,,,,1746781688.407
3347,365454484,1746781816550,1,0.0008,0.00088445,74.99,BTC-30MAY25-70000-P,102852.41,buy,0.1,0.1,,,,1746781816.55
3348,365454485,1746781816550,0,0.0009,0.00088445,76.26,BTC-30MAY25-70000-P,102852.41,buy,0.1,0.1,,,,1746781816.55
3349,365460754,1746783517817,2,0.0007,0.00075295,73.5,BTC-30MAY25-70000-P,102761.42,sell,3.5,3.5,,,,1746783517.817
3350,365460827,1746783585602,3,0.0007,0.00074775,73.58,BTC-30MAY25-70000-P,102798.38,sell,6.5,6.5,,,,1746783585.602
3351,365461286,1746783802470,3,0.0007,0.00071682,73.52,BTC-30MAY25-70000-P,102771.78,buy,0.1,0.1,,,,1746783802.47
3352,365488278,1746798124090,2,0.0006,0.00059249,73.11,BTC-30MAY25-70000-P,103280.03,sell,0.4,0.4,,,,1746798124.09
3353,365496871,1746800307675,3,0.0006,0.00051211,73.72,BTC-30MAY25-70000-P,103629.42,buy,0.2,0.2,,,,1746800307.675
3354,365501474,1746800986793,3,0.0006,0.00056965,72.19,BTC-30MAY25-70000-P,102661.71,buy,0.1,0.1,,,,1746800986.793
3355,365501480,1746800991459,3,0.0006,0.00057,72.2,BTC-30MAY25-70000-P,102672.27,buy,15.0,15.0,,,,1746800991.459
3356,365501482,1746800993161,3,0.0006,0.00056906,72.19,BTC-30MAY25-70000-P,102666.58,buy,0.1,0.1,,,,1746800993.161
3359,365519065,1746808622756,3,0.0006,0.00048846,72.65,BTC-30MAY25-70000-P,102876.47,buy,9.8,9.8,,,,1746808622.756
3357,365519063,1746808622756,3,0.0006,0.00048846,72.65,BTC-30MAY25-70000-P,102876.47,buy,0.1,0.1,,,,1746808622.756
3358,365519064,1746808622756,3,0.0006,0.00048846,72.65,BTC-30MAY25-70000-P,102876.47,buy,0.1,0.1,,,,1746808622.756
3361,365584698,1746870666082,3,0.0003,0.00048358,69.38,BTC-30MAY25-70000-P,103847.8,sell,0.4,0.4,,,,1746870666.082
3360,365584697,1746870666082,2,0.0003,0.00048358,69.38,BTC-30MAY25-70000-P,103847.8,sell,1.6,1.6,,,,1746870666.082
3362,365591904,1746877249108,0,0.0004,0.00048377,71.24,BTC-30MAY25-70000-P,103413.42,sell,0.2,0.2,,,,1746877249.108
3363,365599293,1746887395323,0,0.0005,0.00053379,73.66,BTC-30MAY25-70000-P,103518.64,sell,0.1,0.1,,,,1746887395.323
3364,365620962,1746904620373,1,0.0005,0.00041623,73.37,BTC-30MAY25-70000-P,103109.42,buy,0.9,0.9,,,,1746904620.373
3366,365622502,1746907076816,1,0.0007,0.00047453,76.95,BTC-30MAY25-70000-P,103201.87,buy,0.3,0.3,,,,1746907076.816
3365,365622501,1746907076816,0,0.0007,0.00047453,76.95,BTC-30MAY25-70000-P,103201.87,buy,0.1,0.1,,,,1746907076.816
3367,365628978,1746913075294,2,0.0006,0.000469,75.59,BTC-30MAY25-70000-P,103270.82,sell,3.1,3.1,,,,1746913075.294
3368,365628979,1746913075759,3,0.0006,0.00046903,75.59,BTC-30MAY25-70000-P,103270.81,sell,0.7,0.7,,,,1746913075.759
3369,365628980,1746913076889,3,0.0006,0.00046903,75.59,BTC-30MAY25-70000-P,103270.88,sell,0.6,0.6,,,,1746913076.889
3370,365671078,1746920947199,3,0.0006,0.00044013,78.0,BTC-30MAY25-70000-P,104614.33,buy,0.2,0.2,,,,1746920947.199
3371,365750876,1746966211066,2,0.0004,0.00040151,75.2,BTC-30MAY25-70000-P,104682.45,sell,0.1,0.1,,,,1746966211.066
3373,365835301,1747020030384,3,0.0004,0.0005086,75.14,BTC-30MAY25-70000-P,103926.7,sell,0.2,0.2,,,,1747020030.384
3374,365835302,1747020030384,3,0.0004,0.0005086,75.14,BTC-30MAY25-70000-P,103926.7,sell,0.1,0.1,,,,1747020030.384
3372,365835300,1747020030384,3,0.0004,0.0005086,75.14,BTC-30MAY25-70000-P,103926.7,sell,1.1,1.1,,,,1747020030.384
3376,365835332,1747020062683,3,0.0004,0.00050454,75.18,BTC-30MAY25-70000-P,103944.77,sell,0.1,0.1,,,,1747020062.683
3375,365835331,1747020062683,3,0.0004,0.00050454,75.18,BTC-30MAY25-70000-P,103944.77,sell,0.1,0.1,,,,1747020062.683
3378,365835335,1747020075778,3,0.0004,0.00050338,75.19,BTC-30MAY25-70000-P,103946.47,sell,0.1,0.1,,,,1747020075.778
3377,365835334,1747020075778,3,0.0004,0.00050338,75.19,BTC-30MAY25-70000-P,103946.47,sell,0.1,0.1,,,,1747020075.778
3379,365835340,1747020089140,3,0.0004,0.00050227,75.2,BTC-30MAY25-70000-P,103946.11,sell,0.1,0.1,,,,1747020089.14
3380,365835341,1747020089140,3,0.0004,0.00050227,75.2,BTC-30MAY25-70000-P,103946.11,sell,0.1,0.1,,,,1747020089.14
3381,366011255,1747075194758,0,0.0005,0.00045002,74.16,BTC-30MAY25-70000-P,101299.65,buy,0.1,0.1,,,,1747075194.758
3382,366012032,1747075364004,0,0.0006,0.0004842,76.12,BTC-30MAY25-70000-P,101382.3,buy,10.0,10.0,,,,1747075364.004
3383,366022982,1747077628271,0,0.0007,0.00065204,78.63,BTC-30MAY25-70000-P,101870.65,buy,0.1,0.1,,,,1747077628.271
3384,366023034,1747077642717,1,0.0007,0.00065171,78.63,BTC-30MAY25-70000-P,101867.07,buy,0.1,0.1,,,,1747077642.717
3385,366023043,1747077648924,1,0.0007,0.0006514,78.64,BTC-30MAY25-70000-P,101870.96,buy,0.1,0.1,,,,1747077648.924
3386,366023049,1747077650172,1,0.0007,0.00065147,78.64,BTC-30MAY25-70000-P,101871.46,buy,0.1,0.1,,,,1747077650.172
3387,366023052,1747077651997,1,0.0007,0.0006514,78.65,BTC-30MAY25-70000-P,101880.27,buy,0.2,0.2,,,,1747077651.997
3388,366023077,1747077666462,1,0.0007,0.00064974,78.67,BTC-30MAY25-70000-P,101887.74,buy,0.1,0.1,,,,1747077666.462
3389,366023619,1747078005906,1,0.0007,0.00065044,78.45,BTC-30MAY25-70000-P,101753.76,buy,1.2,1.2,,,,1747078005.906
3390,366077393,1747106975435,2,0.0004,0.00034892,73.36,BTC-30MAY25-70000-P,101605.63,sell,0.1,0.1,,,,1747106975.435
3391,366078980,1747107598935,3,0.0004,0.00032048,73.51,BTC-30MAY25-70000-P,101680.67,buy,0.9,0.9,,,,1747107598.935
3393,366100666,1747121770154,1,0.0005,0.00039421,77.89,BTC-30MAY25-70000-P,102738.78,buy,0.2,0.2,,,,1747121770.154
3392,366100665,1747121770154,0,0.0005,0.00039421,77.89,BTC-30MAY25-70000-P,102738.78,buy,0.1,0.1,,,,1747121770.154
3394,366150854,1747145839135,1,0.0005,0.00039748,78.9,BTC-30MAY25-70000-P,102972.32,buy,0.1,0.1,,,,1747145839.135
3395,366239205,1747195663868,1,0.0005,0.00039092,81.3,BTC-30MAY25-70000-P,103513.11,buy,0.1,0.1,,,,1747195663.868
3396,366239206,1747195663868,1,0.0005,0.00039092,81.3,BTC-30MAY25-70000-P,103513.11,buy,7.9,7.9,,,,1747195663.868
3397,366240635,1747197552020,1,0.0005,0.00038869,81.84,BTC-30MAY25-70000-P,103774.74,buy,0.1,0.1,,,,1747197552.02
3398,366268941,1747210220728,2,0.0004,0.00034856,79.36,BTC-30MAY25-70000-P,103517.69,buy,3.0,3.0,,,,1747210220.728
3399,366412634,1747291477229,0,0.0005,0.00034012,81.57,BTC-30MAY25-70000-P,102182.32,buy,0.1,0.1,,,,1747291477.229
3400,366412635,1747291477229,1,0.0005,0.00034012,81.57,BTC-30MAY25-70000-P,102182.32,buy,0.9,0.9,,,,1747291477.229
3401,366695819,1747367248500,2,0.0003,0.00034894,82.37,BTC-30MAY25-70000-P,104085.44,sell,1.0,1.0,,,,1747367248.5
3402,366696760,1747368266385,3,0.0003,0.00034511,82.46,BTC-30MAY25-70000-P,104109.69,sell,2.1,2.1,,,,1747368266.385
3403,366696761,1747368271364,3,0.0003,0.00034516,82.46,BTC-30MAY25-70000-P,104111.47,sell,2.1,2.1,,,,1747368271.364
3404,366709627,1747380361825,2,0.0002,0.00027823,79.15,BTC-30MAY25-70000-P,104118.63,sell,0.6,0.6,,,,1747380361.825
3405,366752287,1747397641607,0,0.0003,0.00020871,82.79,BTC-30MAY25-70000-P,103746.38,buy,0.1,0.1,,,,1747397641.607
3406,366782290,1747411518675,1,0.0003,0.00022484,84.75,BTC-30MAY25-70000-P,104567.36,buy,0.1,0.1,,,,1747411518.675
3407,366783110,1747411643774,1,0.0003,0.00032423,84.57,BTC-30MAY25-70000-P,104469.28,sell,9.9,9.9,,,,1747411643.774
3408,366831322,1747444580079,2,0.0002,0.00023132,79.34,BTC-30MAY25-70000-P,103016.26,sell,1.0,1.0,,,,1747444580.079
3409,366836850,1747447310737,0,0.0003,0.00020726,83.05,BTC-30MAY25-70000-P,102926.27,buy,0.1,0.1,,,,1747447310.737
3410,366842965,1747455389477,1,0.0003,0.0002074,84.51,BTC-30MAY25-70000-P,103549.68,buy,0.1,0.1,,,,1747455389.477
3411,366852190,1747469563145,2,0.0002,0.00022476,80.78,BTC-30MAY25-70000-P,103372.04,sell,0.3,0.3,,,,1747469563.145
3412,366935618,1747539384956,2,0.0001,0.00018697,77.67,BTC-30MAY25-70000-P,103328.68,sell,1.0,1.0,,,,1747539384.956
3413,366987289,1747570869462,0,0.0002,0.00017876,85.69,BTC-30MAY25-70000-P,103816.44,buy,0.1,0.1,,,,1747570869.462
3414,367015485,1747581934746,1,0.0002,0.00018012,89.2,BTC-30MAY25-70000-P,105375.63,buy,0.1,0.1,,,,1747581934.746
3415,367032571,1747587526795,1,0.0002,0.00017066,90.47,BTC-30MAY25-70000-P,105909.12,buy,0.1,0.1,,,,1747587526.795
3416,367325525,1747666845190,0,0.0003,0.00019562,95.26,BTC-30MAY25-70000-P,104368.58,buy,0.1,0.1,,,,1747666845.19
3417,367325526,1747666845193,1,0.0003,0.00019562,95.26,BTC-30MAY25-70000-P,104368.58,sell,1.3,1.3,,,,1747666845.193
3418,367420117,1747718806739,2,0.0001,0.00017739,91.06,BTC-30MAY25-70000-P,106383.24,sell,0.5,0.5,,,,1747718806.739
3419,367420118,1747718806739,3,0.0001,0.00017739,91.06,BTC-30MAY25-70000-P,106383.24,sell,0.5,0.5,,,,1747718806.739
3420,367435754,1747728118796,3,0.0001,0.00014438,89.15,BTC-30MAY25-70000-P,105145.92,sell,3.0,3.0,,,,1747728118.796
3421,367435755,1747728118796,3,0.0001,0.00014438,89.15,BTC-30MAY25-70000-P,105145.92,sell,0.1,0.1,,,,1747728118.796
3422,367435756,1747728118796,3,0.0001,0.00014438,89.15,BTC-30MAY25-70000-P,105145.92,sell,2.0,2.0,,,,1747728118.796
3423,367451390,1747734345361,3,0.0001,0.00014296,89.89,BTC-30MAY25-70000-P,105389.44,sell,1.0,1.0,,,,1747734345.361
3424,367451393,1747734373248,3,0.0001,0.00014311,89.88,BTC-30MAY25-70000-P,105385.17,sell,1.0,1.0,,,,1747734373.248
3427,367494856,1747757860582,1,0.0002,0.00014237,97.63,BTC-30MAY25-70000-P,105292.13,buy,0.5,0.5,,,,1747757860.582
3428,367494857,1747757860582,1,0.0002,0.00014237,97.63,BTC-30MAY25-70000-P,105292.13,buy,0.1,0.1,,,,1747757860.582
3426,367494855,1747757860582,1,0.0002,0.00014237,97.63,BTC-30MAY25-70000-P,105292.13,buy,0.3,0.3,,,,1747757860.582
3425,367494854,1747757860582,0,0.0002,0.00014237,97.63,BTC-30MAY25-70000-P,105292.13,buy,1.0,1.0,,,,1747757860.582
3430,367539399,1747772318349,3,0.0001,0.00014281,94.36,BTC-30MAY25-70000-P,106589.18,sell,9.0,9.0,,,,1747772318.349
3429,367539398,1747772318349,2,0.0001,0.00014281,94.36,BTC-30MAY25-70000-P,106589.18,sell,1.0,1.0,,,,1747772318.349
3431,367567506,1747786693314,0,0.0002,0.00012114,102.98,BTC-30MAY25-70000-P,106947.66,buy,0.1,0.1,,,,1747786693.314
3432,367573071,1747791144087,2,0.0001,0.00012161,95.91,BTC-30MAY25-70000-P,106808.06,buy,0.1,0.1,,,,1747791144.087
3433,367573410,1747791448307,3,0.0001,0.00011882,96.12,BTC-30MAY25-70000-P,106911.26,buy,0.1,0.1,,,,1747791448.307
3434,367573740,1747792062272,3,0.0001,0.00012195,95.87,BTC-30MAY25-70000-P,106773.7,buy,0.1,0.1,,,,1747792062.272
3435,367576123,1747794141268,3,0.0001,0.00013223,95.09,BTC-30MAY25-70000-P,106323.16,buy,0.1,0.1,,,,1747794141.268
3436,367580528,1747798703578,0,0.0002,0.00010995,104.01,BTC-30MAY25-70000-P,107111.83,buy,0.4,0.4,,,,1747798703.578
3437,367581135,1747799359443,2,0.0001,0.00010947,96.91,BTC-30MAY25-70000-P,107104.91,buy,0.1,0.1,,,,1747799359.443
3438,367581530,1747799659463,3,0.0001,0.00011224,96.68,BTC-30MAY25-70000-P,106998.19,buy,0.1,0.1,,,,1747799659.463
3439,367582072,1747799959480,3,0.0001,0.00011385,96.54,BTC-30MAY25-70000-P,106904.01,buy,0.1,0.1,,,,1747799959.48
3440,367582563,1747800259490,3,0.0001,0.00011508,96.43,BTC-30MAY25-70000-P,106854.06,buy,0.1,0.1,,,,1747800259.49
3441,367583108,1747800649224,3,0.0001,0.00011226,96.67,BTC-30MAY25-70000-P,106966.33,buy,0.1,0.1,,,,1747800649.224
3442,367583389,1747800949240,3,0.0001,0.00011255,96.65,BTC-30MAY25-70000-P,106932.64,buy,0.1,0.1,,,,1747800949.24
3443,367583556,1747801249269,3,0.0001,0.00011181,96.71,BTC-30MAY25-70000-P,106945.4,buy,0.1,0.1,,,,1747801249.269
3444,367583638,1747801549297,3,0.0001,0.00011147,96.74,BTC-30MAY25-70000-P,106952.81,buy,0.1,0.1,,,,1747801549.297
3445,367583872,1747801849354,3,0.0001,0.00011291,96.62,BTC-30MAY25-70000-P,106869.47,buy,0.1,0.1,,,,1747801849.354
3446,367584485,1747802158848,3,0.0001,0.00010848,97.0,BTC-30MAY25-70000-P,107033.88,buy,0.1,0.1,,,,1747802158.848
3447,367589936,1747802458879,3,0.0001,9.71e-05,98.06,BTC-30MAY25-70000-P,107570.46,buy,0.1,0.1,,,,1747802458.879
3448,367592920,1747802855450,3,0.0001,9.756e-05,98.01,BTC-30MAY25-70000-P,107535.31,buy,0.1,0.1,,,,1747802855.45
3449,367593892,1747803155474,3,0.0001,0.00010072,97.67,BTC-30MAY25-70000-P,107334.27,buy,0.1,0.1,,,,1747803155.474
3450,367594535,1747803467489,3,0.0001,9.831e-05,97.93,BTC-30MAY25-70000-P,107443.82,buy,0.1,0.1,,,,1747803467.489
3451,367594942,1747803767520,3,0.0001,9.695e-05,98.07,BTC-30MAY25-70000-P,107505.51,buy,0.1,0.1,,,,1747803767.52
3452,367595586,1747804067534,3,0.0001,9.462e-05,98.3,BTC-30MAY25-70000-P,107612.18,buy,0.1,0.1,,,,1747804067.534
3453,367596145,1747804268069,0,0.0002,9.653e-05,105.41,BTC-30MAY25-70000-P,107550.97,buy,0.1,0.1,,,,1747804268.069
3454,367596146,1747804268182,1,0.0002,9.653e-05,105.41,BTC-30MAY25-70000-P,107550.97,buy,0.1,0.1,,,,1747804268.182
3455,367596147,1747804268374,1,0.0002,9.653e-05,105.41,BTC-30MAY25-70000-P,107550.97,buy,0.1,0.1,,,,1747804268.374
3456,367596148,1747804268475,1,0.0002,9.573e-05,105.42,BTC-30MAY25-70000-P,107556.46,buy,0.1,0.1,,,,1747804268.475
3457,367596149,1747804268677,1,0.0002,9.573e-05,105.42,BTC-30MAY25-70000-P,107556.46,buy,0.1,0.1,,,,1747804268.677
3458,367596150,1747804268885,1,0.0002,9.573e-05,105.42,BTC-30MAY25-70000-P,107556.46,buy,0.1,0.1,,,,1747804268.885
3459,367596151,1747804268986,1,0.0002,9.573e-05,105.42,BTC-30MAY25-70000-P,107556.46,buy,0.1,0.1,,,,1747804268.986
3460,367596152,1747804269195,1,0.0002,9.573e-05,105.42,BTC-30MAY25-70000-P,107556.46,buy,0.1,0.1,,,,1747804269.195
3461,367596153,1747804269296,1,0.0002,9.573e-05,105.42,BTC-30MAY25-70000-P,107556.46,buy,0.1,0.1,,,,1747804269.296
3462,367596579,1747804367552,1,0.0002,9.41e-05,105.58,BTC-30MAY25-70000-P,107614.56,buy,0.1,0.1,,,,1747804367.552
3463,367597053,1747804667581,1,0.0002,9.505e-05,105.48,BTC-30MAY25-70000-P,107570.09,buy,0.1,0.1,,,,1747804667.581
3464,367597479,1747804967733,1,0.0002,9.571e-05,105.42,BTC-30MAY25-70000-P,107534.61,buy,0.1,0.1,,,,1747804967.733
3465,367597931,1747805267764,1,0.0002,9.217e-05,105.81,BTC-30MAY25-70000-P,107702.94,buy,0.1,0.1,,,,1747805267.764
3466,367598355,1747805567830,1,0.0002,9.172e-05,105.84,BTC-30MAY25-70000-P,107698.51,buy,0.1,0.1,,,,1747805567.83
3467,367599112,1747805893960,1,0.0002,0.00011601,105.4,BTC-30MAY25-70000-P,107498.35,buy,0.1,0.1,,,,1747805893.96
3468,367599522,1747806193975,1,0.0002,0.00011726,105.28,BTC-30MAY25-70000-P,107425.85,buy,0.1,0.1,,,,1747806193.975
3469,367599877,1747806493999,1,0.0002,0.00011684,105.38,BTC-30MAY25-70000-P,107463.89,buy,0.1,0.1,,,,1747806493.999
3470,367600382,1747806794046,1,0.0002,0.00011286,105.7,BTC-30MAY25-70000-P,107606.07,buy,0.1,0.1,,,,1747806794.046
3471,367600612,1747807094064,1,0.0002,0.00011121,105.84,BTC-30MAY25-70000-P,107661.73,buy,0.1,0.1,,,,1747807094.064
3472,367601199,1747807394099,1,0.0002,0.00011312,105.64,BTC-30MAY25-70000-P,107562.86,buy,0.1,0.1,,,,1747807394.099
3473,367601546,1747807694112,1,0.0002,0.00011631,105.37,BTC-30MAY25-70000-P,107422.04,buy,0.1,0.1,,,,1747807694.112
3474,367602138,1747808236024,1,0.0002,0.00011642,105.36,BTC-30MAY25-70000-P,107407.25,buy,0.1,0.1,,,,1747808236.024
3475,367602139,1747808236343,1,0.0002,0.00011642,105.36,BTC-30MAY25-70000-P,107407.25,buy,0.1,0.1,,,,1747808236.343
3476,367602140,1747808236544,1,0.0002,0.00011643,105.36,BTC-30MAY25-70000-P,107407.83,buy,0.1,0.1,,,,1747808236.544
3477,367602220,1747808295888,1,0.0002,0.0001167,105.38,BTC-30MAY25-70000-P,107411.66,buy,0.1,0.1,,,,1747808295.888
3478,367602608,1747808536074,1,0.0002,0.00011064,105.89,BTC-30MAY25-70000-P,107643.12,buy,0.1,0.1,,,,1747808536.074
3479,367603157,1747808836278,1,0.0002,0.00010631,106.32,BTC-30MAY25-70000-P,107825.85,buy,0.1,0.1,,,,1747808836.278
3480,367604947,1747809136302,1,0.0002,0.00010367,106.54,BTC-30MAY25-70000-P,107941.41,buy,0.1,0.1,,,,1747809136.302
3481,367606037,1747809448190,1,0.0002,0.00010208,106.72,BTC-30MAY25-70000-P,108013.73,buy,0.1,0.1,,,,1747809448.19
3482,367606976,1747809748238,1,0.0002,0.00010525,106.42,BTC-30MAY25-70000-P,107863.33,buy,0.1,0.1,,,,1747809748.238
3483,367607713,1747810340273,1,0.0002,0.00010539,106.4,BTC-30MAY25-70000-P,107821.98,buy,0.1,0.1,,,,1747810340.273
3484,367620100,1747814339472,2,0.0001,0.00014154,96.88,BTC-30MAY25-70000-P,106613.08,buy,0.1,0.1,,,,1747814339.472
3485,367625264,1747816701395,3,0.0001,0.00014312,96.77,BTC-30MAY25-70000-P,106509.7,buy,0.1,0.1,,,,1747816701.395
3486,367625445,1747817001417,3,0.0001,0.00014534,96.61,BTC-30MAY25-70000-P,106441.92,buy,0.1,0.1,,,,1747817001.417
3487,367629210,1747819563817,3,0.0001,0.00014245,96.81,BTC-30MAY25-70000-P,106404.22,sell,0.1,0.1,,,,1747819563.817
3488,367629326,1747819648214,0,0.0002,0.00014215,103.98,BTC-30MAY25-70000-P,106413.68,buy,0.1,0.1,,,,1747819648.214
3489,367629327,1747819648621,1,0.0002,0.00014215,103.98,BTC-30MAY25-70000-P,106413.68,buy,0.1,0.1,,,,1747819648.621
3490,367629328,1747819648929,1,0.0002,0.00014215,103.98,BTC-30MAY25-70000-P,106413.68,buy,0.1,0.1,,,,1747819648.929
3491,367629329,1747819649334,1,0.0002,0.00014216,104.0,BTC-30MAY25-70000-P,106420.5,buy,0.1,0.1,,,,1747819649.334
3492,367629330,1747819649664,1,0.0002,0.00014216,104.0,BTC-30MAY25-70000-P,106420.5,buy,0.1,0.1,,,,1747819649.664
3493,367629331,1747819650074,1,0.0002,0.00014196,104.0,BTC-30MAY25-70000-P,106421.13,buy,0.1,0.1,,,,1747819650.074
3494,367629332,1747819650485,1,0.0002,0.00014196,104.0,BTC-30MAY25-70000-P,106421.13,buy,0.1,0.1,,,,1747819650.485
3495,367629334,1747819650895,1,0.0002,0.00014196,104.0,BTC-30MAY25-70000-P,106421.13,buy,0.1,0.1,,,,1747819650.895
3496,367629335,1747819651305,1,0.0002,0.00014194,104.01,BTC-30MAY25-70000-P,106423.19,buy,0.1,0.1,,,,1747819651.305
3497,367629436,1747819716240,1,0.0002,0.00014409,103.84,BTC-30MAY25-70000-P,106360.98,buy,0.1,0.1,,,,1747819716.24
3498,367629437,1747819716240,1,0.0002,0.00014409,103.84,BTC-30MAY25-70000-P,106360.98,buy,0.1,0.1,,,,1747819716.24
3499,367630039,1747820016270,1,0.0002,0.00014693,103.63,BTC-30MAY25-70000-P,106262.25,buy,0.1,0.1,,,,1747820016.27
3500,367630208,1747820316295,1,0.0002,0.00014496,103.78,BTC-30MAY25-70000-P,106307.77,buy,0.1,0.1,,,,1747820316.295
3501,367630639,1747820616312,1,0.0002,0.00014852,103.52,BTC-30MAY25-70000-P,106181.06,buy,0.1,0.1,,,,1747820616.312
3502,367649188,1747835583819,1,0.0002,0.00010577,107.2,BTC-30MAY25-70000-P,107458.54,buy,0.1,0.1,,,,1747835583.819
3503,367651001,1747836090044,1,0.0002,0.00010975,106.81,BTC-30MAY25-70000-P,107248.64,buy,0.1,0.1,,,,1747836090.044
3504,367652522,1747836390076,1,0.0002,0.00010381,107.36,BTC-30MAY25-70000-P,107478.57,buy,0.1,0.1,,,,1747836390.076
3505,367653211,1747836690099,1,0.0002,0.00010626,107.15,BTC-30MAY25-70000-P,107382.19,buy,0.1,0.1,,,,1747836690.099
3506,367653780,1747836990121,1,0.0002,0.00010205,107.57,BTC-30MAY25-70000-P,107564.9,buy,0.1,0.1,,,,1747836990.121
3507,367654655,1747837302678,1,0.0002,9.863e-05,107.91,BTC-30MAY25-70000-P,107732.48,buy,0.1,0.1,,,,1747837302.678
3508,367655500,1747837602702,1,0.0002,0.0001053,107.25,BTC-30MAY25-70000-P,107393.5,buy,0.1,0.1,,,,1747837602.702
3509,367656155,1747837942509,1,0.0002,0.00010639,107.14,BTC-30MAY25-70000-P,107336.61,buy,0.1,0.1,,,,1747837942.509
3510,367657105,1747838242657,1,0.0002,0.00010557,107.22,BTC-30MAY25-70000-P,107344.26,buy,0.1,0.1,,,,1747838242.657
3511,367657765,1747838542690,1,0.0002,9.897e-05,107.89,BTC-30MAY25-70000-P,107667.09,buy,0.1,0.1,,,,1747838542.69
3512,367658973,1747838860643,1,0.0002,9.446e-05,108.37,BTC-30MAY25-70000-P,107847.18,buy,0.1,0.1,,,,1747838860.643
3513,367662627,1747839160715,1,0.0002,8.532e-05,109.47,BTC-30MAY25-70000-P,108372.56,buy,0.1,0.1,,,,1747839160.715
3514,367665916,1747839460732,1,0.0002,7.612e-05,110.6,BTC-30MAY25-70000-P,108874.58,buy,0.1,0.1,,,,1747839460.732
3515,367690517,1747842000649,1,0.0002,8.058e-05,110.0,BTC-30MAY25-70000-P,108494.13,buy,0.1,0.1,,,,1747842000.649
3516,367710654,1747847654116,2,0.0001,7.959e-05,103.86,BTC-30MAY25-70000-P,108977.3,buy,0.1,0.1,,,,1747847654.116
3517,367712600,1747848063104,3,0.0001,8.885e-05,102.82,BTC-30MAY25-70000-P,108452.68,buy,0.1,0.1,,,,1747848063.104
3518,367891063,1747884376856,0,0.0002,8.317e-05,118.3,BTC-30MAY25-70000-P,110831.21,buy,0.1,0.1,,,,1747884376.856
3519,367891064,1747884376856,1,0.0002,8.317e-05,118.3,BTC-30MAY25-70000-P,110831.21,buy,0.1,0.1,,,,1747884376.856
3520,367987149,1747900559078,2,0.0001,7.301e-05,112.03,BTC-30MAY25-70000-P,111090.28,buy,0.1,0.1,,,,1747900559.078
3521,367991239,1747901680332,3,0.0001,7.376e-05,111.94,BTC-30MAY25-70000-P,110987.1,buy,0.1,0.1,,,,1747901680.332
3522,367991726,1747901980359,3,0.0001,7.182e-05,112.19,BTC-30MAY25-70000-P,111101.03,buy,0.1,0.1,,,,1747901980.359
3523,368000583,1747905241649,3,0.0001,8.074e-05,111.04,BTC-30MAY25-70000-P,110430.78,buy,0.1,0.1,,,,1747905241.649
3524,368001368,1747905541677,3,0.0001,8.026e-05,111.11,BTC-30MAY25-70000-P,110447.96,buy,0.1,0.1,,,,1747905541.677
3525,368001702,1747905841757,3,0.0001,7.903e-05,111.25,BTC-30MAY25-70000-P,110528.41,buy,0.1,0.1,,,,1747905841.757
3526,368002207,1747906141807,3,0.0001,7.626e-05,111.63,BTC-30MAY25-70000-P,110673.99,buy,0.1,0.1,,,,1747906141.807
3527,368002608,1747906441847,3,0.0001,7.696e-05,111.54,BTC-30MAY25-70000-P,110627.9,buy,0.1,0.1,,,,1747906441.847
3528,368003699,1747906931357,3,0.0001,7.613e-05,111.64,BTC-30MAY25-70000-P,110658.4,buy,0.1,0.1,,,,1747906931.357
3529,368006375,1747908519336,3,0.0001,7.325e-05,112.05,BTC-30MAY25-70000-P,110788.53,buy,0.1,0.1,,,,1747908519.336
3530,368006778,1747908819363,3,0.0001,7.367e-05,111.99,BTC-30MAY25-70000-P,110752.5,buy,0.1,0.1,,,,1747908819.363
3531,368007196,1747909119412,3,0.0001,7.314e-05,112.07,BTC-30MAY25-70000-P,110766.87,buy,0.1,0.1,,,,1747909119.412
3532,368009116,1747910044835,3,0.0001,7.086e-05,112.38,BTC-30MAY25-70000-P,110870.85,buy,0.1,0.1,,,,1747910044.835
3533,368009299,1747910344891,3,0.0001,7.105e-05,112.36,BTC-30MAY25-70000-P,110861.4,buy,0.1,0.1,,,,1747910344.891
3534,368009459,1747910644924,3,0.0001,7.114e-05,112.37,BTC-30MAY25-70000-P,110852.22,buy,0.1,0.1,,,,1747910644.924
3535,368009941,1747910944952,3,0.0001,7.246e-05,112.16,BTC-30MAY25-70000-P,110729.78,buy,0.1,0.1,,,,1747910944.952
3536,368010401,1747911244979,3,0.0001,7.107e-05,112.34,BTC-30MAY25-70000-P,110797.36,buy,0.1,0.1,,,,1747911244.979
3537,368010911,1747911544995,3,0.0001,7.123e-05,112.34,BTC-30MAY25-70000-P,110796.73,buy,0.1,0.1,,,,1747911544.995
3538,368011361,1747911845037,3,0.0001,7.192e-05,112.24,BTC-30MAY25-70000-P,110738.15,buy,0.1,0.1,,,,1747911845.037
3539,368011774,1747912145080,3,0.0001,7.334e-05,112.05,BTC-30MAY25-70000-P,110639.55,buy,0.1,0.1,,,,1747912145.08
3540,368012090,1747912445108,3,0.0001,7.114e-05,112.35,BTC-30MAY25-70000-P,110770.72,buy,0.1,0.1,,,,1747912445.108
3541,368012588,1747912745166,3,0.0001,7.022e-05,112.49,BTC-30MAY25-70000-P,110812.19,buy,0.1,0.1,,,,1747912745.166
3542,368013355,1747913062296,3,0.0001,7.25e-05,112.18,BTC-30MAY25-70000-P,110655.74,buy,0.1,0.1,,,,1747913062.296
3543,368013598,1747913362329,3,0.0001,7.387e-05,111.96,BTC-30MAY25-70000-P,110535.59,buy,0.1,0.1,,,,1747913362.329
3544,368013962,1747913662388,3,0.0001,7.362e-05,112.0,BTC-30MAY25-70000-P,110535.82,buy,0.1,0.1,,,,1747913662.388
3545,368014357,1747913962412,3,0.0001,7.181e-05,112.25,BTC-30MAY25-70000-P,110640.91,buy,0.1,0.1,,,,1747913962.412
3546,368014623,1747914262428,3,0.0001,7.142e-05,112.31,BTC-30MAY25-70000-P,110661.94,buy,0.1,0.1,,,,1747914262.428
3547,368015154,1747914562457,3,0.0001,6.884e-05,112.69,BTC-30MAY25-70000-P,110831.34,buy,0.1,0.1,,,,1747914562.457
3548,368018897,1747915196613,3,0.0001,6.653e-05,113.05,BTC-30MAY25-70000-P,110983.32,buy,0.1,0.1,,,,1747915196.613
3549,368019675,1747915516925,3,0.0001,6.573e-05,113.15,BTC-30MAY25-70000-P,111009.87,buy,0.1,0.1,,,,1747915516.925
3550,368038803,1747920790878,3,0.0001,5.722e-05,114.57,BTC-30MAY25-70000-P,111497.67,buy,0.1,0.1,,,,1747920790.878
3551,368043597,1747921181786,3,0.0001,6.096e-05,113.92,BTC-30MAY25-70000-P,111187.82,buy,0.1,0.1,,,,1747921181.786
3552,368051301,1747921931548,3,0.0001,5.965e-05,114.12,BTC-30MAY25-70000-P,111257.77,buy,0.1,0.1,,,,1747921931.548
3553,368075084,1747924630901,3,0.0001,6.366e-05,113.49,BTC-30MAY25-70000-P,110826.66,buy,0.1,0.1,,,,1747924630.901
3554,368119434,1747936684232,0,0.0002,4.928e-05,124.54,BTC-30MAY25-70000-P,111540.96,buy,0.1,0.1,,,,1747936684.232
3555,368136300,1747944288103,2,0.0001,4.894e-05,116.15,BTC-30MAY25-70000-P,111328.37,buy,2.0,2.0,,,,1747944288.103
3556,368136624,1747944572556,3,0.0001,4.936e-05,116.07,BTC-30MAY25-70000-P,111262.36,buy,1.0,1.0,,,,1747944572.556
3557,368155057,1747959138068,3,0.0001,3.908e-05,118.53,BTC-30MAY25-70000-P,111736.03,buy,0.1,0.1,,,,1747959138.068
3558,368155484,1747959438111,3,0.0001,3.969e-05,118.38,BTC-30MAY25-70000-P,111662.81,buy,0.1,0.1,,,,1747959438.111
3559,368157319,1747960486717,3,0.0001,4.133e-05,117.98,BTC-30MAY25-70000-P,111433.71,buy,0.1,0.1,,,,1747960486.717
3560,368157652,1747960786756,3,0.0001,4.083e-05,118.1,BTC-30MAY25-70000-P,111475.55,buy,0.1,0.1,,,,1747960786.756
3561,368157903,1747961086784,3,0.0001,4.095e-05,118.07,BTC-30MAY25-70000-P,111466.23,buy,0.1,0.1,,,,1747961086.784
3562,368175666,1747974165708,3,0.0001,4.069e-05,118.14,BTC-30MAY25-70000-P,110902.0,buy,0.1,0.1,,,,1747974165.708
3563,368180519,1747975161066,3,0.0001,4.285e-05,117.63,BTC-30MAY25-70000-P,110630.4,buy,0.1,0.1,,,,1747975161.066
3564,368182756,1747976974857,3,0.0001,4.021e-05,118.26,BTC-30MAY25-70000-P,110870.28,buy,0.1,0.1,,,,1747976974.857
3565,368183012,1747977274882,3,0.0001,4.007e-05,118.3,BTC-30MAY25-70000-P,110877.31,buy,0.1,0.1,,,,1747977274.882
3566,368183202,1747977574896,3,0.0001,3.993e-05,118.33,BTC-30MAY25-70000-P,110868.3,buy,0.1,0.1,,,,1747977574.896
3567,368183445,1747977875803,3,0.0001,3.978e-05,118.37,BTC-30MAY25-70000-P,110877.48,buy,0.1,0.1,,,,1747977875.803
3568,368183703,1747978175824,3,0.0001,4.119e-05,118.03,BTC-30MAY25-70000-P,110710.9,buy,0.1,0.1,,,,1747978175.824
3569,368183919,1747978475866,3,0.0001,4.143e-05,117.96,BTC-30MAY25-70000-P,110671.78,buy,0.1,0.1,,,,1747978475.866
3570,368184123,1747978775923,3,0.0001,4.001e-05,118.31,BTC-30MAY25-70000-P,110811.52,buy,0.1,0.1,,,,1747978775.923
3571,368184319,1747979075955,3,0.0001,3.967e-05,118.39,BTC-30MAY25-70000-P,110819.4,buy,0.1,0.1,,,,1747979075.955
3572,368188335,1747981526918,3,0.0001,4.291e-05,118.01,BTC-30MAY25-70000-P,110519.88,buy,0.1,0.1,,,,1747981526.918
3573,368188978,1747981826969,3,0.0001,4.16e-05,118.31,BTC-30MAY25-70000-P,110624.27,buy,0.1,0.1,,,,1747981826.969
3574,368190100,1747982368527,3,0.0001,4.109e-05,118.43,BTC-30MAY25-70000-P,110649.3,buy,0.1,0.1,,,,1747982368.527
3575,368190712,1747982668187,3,0.0001,4.1e-05,118.46,BTC-30MAY25-70000-P,110667.81,buy,1.0,1.0,,,,1747982668.187
3576,368190713,1747982668579,3,0.0001,4.1e-05,118.46,BTC-30MAY25-70000-P,110667.77,buy,0.1,0.1,,,,1747982668.579
3577,368191409,1747982968615,3,0.0001,4.32e-05,117.93,BTC-30MAY25-70000-P,110414.37,buy,0.1,0.1,,,,1747982968.615
3578,368192247,1747983408028,3,0.0001,4.238e-05,118.13,BTC-30MAY25-70000-P,110477.18,buy,0.1,0.1,,,,1747983408.028
3579,368193050,1747983980605,0,0.0002,4.12e-05,127.06,BTC-30MAY25-70000-P,110601.59,buy,0.1,0.1,,,,1747983980.605
3580,368193360,1747984225544,1,0.0002,4.043e-05,127.26,BTC-30MAY25-70000-P,110657.93,buy,0.3,0.3,,,,1747984225.544
3581,368193465,1747984328736,2,0.0001,4.023e-05,118.65,BTC-30MAY25-70000-P,110676.85,buy,0.1,0.1,,,,1747984328.736
3582,368194070,1747984628793,3,0.0001,3.979e-05,118.75,BTC-30MAY25-70000-P,110730.25,buy,0.1,0.1,,,,1747984628.793
3583,368194525,1747984928830,3,0.0001,3.957e-05,118.92,BTC-30MAY25-70000-P,110778.51,buy,0.1,0.1,,,,1747984928.83
3584,368194949,1747985228854,3,0.0001,3.97e-05,119.01,BTC-30MAY25-70000-P,110799.34,buy,0.1,0.1,,,,1747985228.854
3585,368195512,1747985528890,3,0.0001,3.968e-05,119.02,BTC-30MAY25-70000-P,110793.63,buy,0.1,0.1,,,,1747985528.89
3586,368196465,1747985828915,3,0.0001,4.019e-05,118.9,BTC-30MAY25-70000-P,110740.62,buy,0.1,0.1,,,,1747985828.915
3587,368198179,1747986269893,3,0.0001,3.981e-05,118.99,BTC-30MAY25-70000-P,110751.76,buy,0.1,0.1,,,,1747986269.893
3588,368202307,1747987099557,3,0.0001,3.911e-05,119.16,BTC-30MAY25-70000-P,110819.07,buy,0.1,0.1,,,,1747987099.557
3589,368207862,1747988131778,3,0.0001,4.178e-05,119.15,BTC-30MAY25-70000-P,110802.74,buy,0.1,0.1,,,,1747988131.778
3590,368208994,1747988684010,3,0.0001,4.136e-05,119.25,BTC-30MAY25-70000-P,110817.63,buy,0.1,0.1,,,,1747988684.01
3591,368209551,1747988984050,3,0.0001,4.071e-05,119.41,BTC-30MAY25-70000-P,110878.37,buy,0.1,0.1,,,,1747988984.05
3592,368210301,1747989284084,3,0.0001,4.086e-05,119.38,BTC-30MAY25-70000-P,110865.11,buy,0.1,0.1,,,,1747989284.084
3593,368211781,1747989618299,3,0.0001,4.009e-05,119.56,BTC-30MAY25-70000-P,110955.23,buy,0.1,0.1,,,,1747989618.299
3594,368212647,1747989918322,3,0.0001,3.977e-05,119.65,BTC-30MAY25-70000-P,110978.92,buy,0.1,0.1,,,,1747989918.322
3595,368213837,1747990218348,3,0.0001,3.99e-05,119.61,BTC-30MAY25-70000-P,110918.06,buy,0.1,0.1,,,,1747990218.348
3596,368214350,1747990518360,3,0.0001,3.962e-05,119.68,BTC-30MAY25-70000-P,110942.33,buy,0.1,0.1,,,,1747990518.36
3597,368214641,1747990818393,3,0.0001,3.977e-05,119.65,BTC-30MAY25-70000-P,110926.61,buy,0.1,0.1,,,,1747990818.393
3598,368215082,1747991150238,3,0.0001,3.889e-05,119.86,BTC-30MAY25-70000-P,110992.89,buy,0.1,0.1,,,,1747991150.238
3599,368215671,1747991450260,3,0.0001,3.915e-05,119.8,BTC-30MAY25-70000-P,110962.58,buy,0.1,0.1,,,,1747991450.26
3600,368222940,1747995733872,3,0.0001,3.685e-05,120.41,BTC-30MAY25-70000-P,111030.84,buy,0.1,0.1,,,,1747995733.872
3601,368233606,1748000788803,3,0.0001,4.179e-05,119.18,BTC-30MAY25-70000-P,110245.25,buy,0.1,0.1,,,,1748000788.803
3602,368239966,1748001089106,3,0.0001,4.747e-05,117.91,BTC-30MAY25-70000-P,109656.13,buy,0.1,0.1,,,,1748001089.106
3603,368243477,1748001213616,0,0.0002,5.032e-05,125.91,BTC-30MAY25-70000-P,109378.74,buy,7.0,7.0,,,,1748001213.616
3604,368245523,1748001389170,2,0.0001,5.066e-05,117.64,BTC-30MAY25-70000-P,109531.81,buy,0.1,0.1,,,,1748001389.17
3605,368274421,1748003389175,3,0.0001,0.00010049,115.36,BTC-30MAY25-70000-P,108365.86,buy,0.3,0.3,,,,1748003389.175
3606,368282484,1748005323406,3,0.0001,9.793e-05,115.61,BTC-30MAY25-70000-P,108401.96,sell,0.1,0.1,,,,1748005323.406
3607,368282588,1748005345130,0,0.0002,9.906e-05,123.93,BTC-30MAY25-70000-P,108339.52,buy,0.1,0.1,,,,1748005345.13
3608,368284370,1748005645161,1,0.0002,9.88e-05,123.98,BTC-30MAY25-70000-P,108332.54,buy,0.1,0.1,,,,1748005645.161
3609,368306177,1748010492208,2,0.0001,7.151e-05,119.05,BTC-30MAY25-70000-P,109717.36,buy,17.0,17.0,,,,1748010492.208
3610,368328509,1748017544008,3,0.0001,8.591e-05,117.06,BTC-30MAY25-70000-P,108534.19,buy,4.3,4.3,,,,1748017544.008
3611,368328511,1748017544507,3,0.0001,8.599e-05,117.06,BTC-30MAY25-70000-P,108533.56,buy,0.1,0.1,,,,1748017544.507
3612,368328512,1748017545947,3,0.0001,8.599e-05,117.06,BTC-30MAY25-70000-P,108535.9,buy,0.1,0.1,,,,1748017545.947
3613,368328518,1748017547772,3,0.0001,8.596e-05,117.06,BTC-30MAY25-70000-P,108535.18,buy,0.1,0.1,,,,1748017547.772
3614,368328530,1748017554491,3,0.0001,8.557e-05,117.1,BTC-30MAY25-70000-P,108550.86,buy,0.1,0.1,,,,1748017554.491
3615,368328531,1748017557950,3,0.0001,8.573e-05,117.1,BTC-30MAY25-70000-P,108550.88,buy,0.1,0.1,,,,1748017557.95
3616,368328560,1748017571760,3,0.0001,8.469e-05,117.22,BTC-30MAY25-70000-P,108602.02,buy,0.1,0.1,,,,1748017571.76
3617,368328576,1748017577007,3,0.0001,8.471e-05,117.2,BTC-30MAY25-70000-P,108594.52,buy,0.1,0.1,,,,1748017577.007
3618,368328583,1748017583867,3,0.0001,8.539e-05,117.14,BTC-30MAY25-70000-P,108567.88,buy,0.1,0.1,,,,1748017583.867
3619,368328994,1748017694647,3,0.0001,7.898e-05,117.98,BTC-30MAY25-70000-P,108924.32,buy,0.1,0.1,,,,1748017694.647
3620,368329002,1748017697381,3,0.0001,7.917e-05,117.97,BTC-30MAY25-70000-P,108920.49,buy,0.1,0.1,,,,1748017697.381
3621,368329014,1748017700434,3,0.0001,7.935e-05,117.93,BTC-30MAY25-70000-P,108908.77,buy,0.1,0.1,,,,1748017700.434
3622,368329026,1748017703981,3,0.0001,7.999e-05,117.86,BTC-30MAY25-70000-P,108879.23,buy,0.1,0.1,,,,1748017703.981
3623,368329053,1748017711097,3,0.0001,8.035e-05,117.8,BTC-30MAY25-70000-P,108855.0,buy,0.1,0.1,,,,1748017711.097
3624,368332193,1748018983791,3,0.0001,7.865e-05,118.03,BTC-30MAY25-70000-P,108878.5,buy,0.1,0.1,,,,1748018983.791
3625,368332194,1748018985836,3,0.0001,7.871e-05,118.04,BTC-30MAY25-70000-P,108881.58,buy,0.1,0.1,,,,1748018985.836
3626,368332196,1748018988508,3,0.0001,7.866e-05,118.05,BTC-30MAY25-70000-P,108884.22,buy,0.1,0.1,,,,1748018988.508
3627,368332199,1748018992376,3,0.0001,7.866e-05,118.04,BTC-30MAY25-70000-P,108882.33,buy,0.1,0.1,,,,1748018992.376
3628,368332200,1748018999462,3,0.0001,7.853e-05,118.06,BTC-30MAY25-70000-P,108889.85,buy,0.1,0.1,,,,1748018999.462
3629,368332205,1748019013781,3,0.0001,7.869e-05,118.03,BTC-30MAY25-70000-P,108881.11,buy,0.1,0.1,,,,1748019013.781
3630,368355977,1748034023686,3,0.0001,7.822e-05,118.11,BTC-30MAY25-70000-P,108254.5,buy,0.1,0.1,,,,1748034023.686
3631,368360629,1748037621777,3,0.0001,7.451e-05,118.66,BTC-30MAY25-70000-P,108303.73,buy,0.1,0.1,,,,1748037621.777
3632,368365622,1748041223997,3,0.0001,8.108e-05,117.71,BTC-30MAY25-70000-P,107761.35,buy,0.1,0.1,,,,1748041223.997
3633,368401180,1748063767173,3,0.0001,5.748e-05,121.49,BTC-30MAY25-70000-P,108335.26,buy,0.1,0.1,,,,1748063767.173
3634,368409809,1748072349516,3,0.0001,5.476e-05,122.01,BTC-30MAY25-70000-P,108161.2,buy,0.1,0.1,,,,1748072349.516
3635,368409810,1748072349633,3,0.0001,5.476e-05,122.0,BTC-30MAY25-70000-P,108160.5,buy,0.1,0.1,,,,1748072349.633
3636,368409811,1748072349731,3,0.0001,5.476e-05,122.0,BTC-30MAY25-70000-P,108160.5,buy,0.1,0.1,,,,1748072349.731
3637,368409812,1748072349836,3,0.0001,5.476e-05,122.0,BTC-30MAY25-70000-P,108160.5,buy,0.1,0.1,,,,1748072349.836
3638,368409813,1748072349939,3,0.0001,5.476e-05,122.0,BTC-30MAY25-70000-P,108160.5,buy,0.1,0.1,,,,1748072349.939
3639,368409815,1748072350041,3,0.0001,5.476e-05,122.0,BTC-30MAY25-70000-P,108160.5,buy,0.1,0.1,,,,1748072350.041
3640,368409816,1748072350146,3,0.0001,5.476e-05,122.0,BTC-30MAY25-70000-P,108160.5,buy,0.1,0.1,,,,1748072350.146
3641,368409817,1748072350351,3,0.0001,5.476e-05,122.0,BTC-30MAY25-70000-P,108160.5,buy,0.1,0.1,,,,1748072350.351
3642,368409951,1748072389007,3,0.0001,5.505e-05,121.95,BTC-30MAY25-70000-P,108139.82,buy,0.1,0.1,,,,1748072389.007
3643,368409958,1748072392008,3,0.0001,5.507e-05,121.95,BTC-30MAY25-70000-P,108139.82,buy,0.1,0.1,,,,1748072392.008
3644,368409969,1748072394007,3,0.0001,5.506e-05,121.94,BTC-30MAY25-70000-P,108137.83,buy,0.1,0.1,,,,1748072394.007
3645,368413096,1748073130716,3,0.0001,5.821e-05,121.29,BTC-30MAY25-70000-P,107864.87,buy,17.0,17.0,,,,1748073130.716
3646,368413107,1748073131038,3,0.0001,5.821e-05,121.29,BTC-30MAY25-70000-P,107864.87,buy,3.6,3.6,,,,1748073131.038
3647,368420145,1748074295057,3,0.0001,6.096e-05,121.47,BTC-30MAY25-70000-P,107907.92,buy,0.1,0.1,,,,1748074295.057
3648,368420562,1748074595073,3,0.0001,6.186e-05,121.31,BTC-30MAY25-70000-P,107818.47,buy,0.1,0.1,,,,1748074595.073
3649,368421106,1748074895113,3,0.0001,6.902e-05,121.23,BTC-30MAY25-70000-P,107748.46,buy,0.1,0.1,,,,1748074895.113
3650,368424598,1748077163997,3,0.0001,5.951e-05,122.85,BTC-30MAY25-70000-P,108279.22,buy,0.1,0.1,,,,1748077163.997
3651,368429500,1748080179738,3,0.0001,7.755e-05,123.2,BTC-30MAY25-70000-P,108230.87,sell,0.1,0.1,,,,1748080179.738
3652,368429673,1748080361462,3,0.0001,7.746e-05,123.21,BTC-30MAY25-70000-P,108222.97,buy,0.1,0.1,,,,1748080361.462
3653,368431588,1748082627083,3,0.0001,7.23e-05,124.0,BTC-30MAY25-70000-P,108417.6,buy,0.1,0.1,,,,1748082627.083
3654,368432463,1748082927097,3,0.0001,6.98e-05,124.4,BTC-30MAY25-70000-P,108583.78,buy,0.1,0.1,,,,1748082927.097
3655,368460078,1748103368080,3,0.0001,7.503e-05,127.36,BTC-30MAY25-70000-P,108745.98,buy,2.0,2.0,,,,1748103368.08
3656,368460079,1748103368080,3,0.0001,7.503e-05,127.36,BTC-30MAY25-70000-P,108745.98,buy,0.1,0.1,,,,1748103368.08
3657,368530142,1748148989528,3,0.0001,0.00011821,132.55,BTC-30MAY25-70000-P,108258.95,buy,0.1,0.1,,,,1748148989.528
3658,368530409,1748149289568,3,0.0001,0.0001174,132.62,BTC-30MAY25-70000-P,108267.38,buy,0.1,0.1,,,,1748149289.568
3659,368530487,1748149607098,3,0.0001,0.00011767,132.63,BTC-30MAY25-70000-P,108251.71,buy,0.1,0.1,,,,1748149607.098
3660,368530686,1748149922255,3,0.0001,0.00011772,132.59,BTC-30MAY25-70000-P,108220.49,buy,0.1,0.1,,,,1748149922.255
3661,368530781,1748150222264,3,0.0001,0.00011812,132.55,BTC-30MAY25-70000-P,108183.83,buy,0.1,0.1,,,,1748150222.264
3662,368530945,1748150522276,3,0.0001,0.00011897,132.45,BTC-30MAY25-70000-P,108140.29,buy,0.1,0.1,,,,1748150522.276
3663,368531092,1748150822290,3,0.0001,0.00011878,132.48,BTC-30MAY25-70000-P,108135.34,buy,0.1,0.1,,,,1748150822.29
3664,368531135,1748151122338,3,0.0001,0.00011818,132.54,BTC-30MAY25-70000-P,108153.74,buy,0.1,0.1,,,,1748151122.338
3665,368531189,1748151422381,3,0.0001,0.00011842,132.52,BTC-30MAY25-70000-P,108128.21,buy,0.1,0.1,,,,1748151422.381
3666,368549338,1748163684907,0,0.0002,0.00013268,141.49,BTC-30MAY25-70000-P,107184.71,buy,4.0,4.0,,,,1748163684.907
3667,368566762,1748173997822,2,0.0001,0.0001339,133.64,BTC-30MAY25-70000-P,107266.48,buy,0.1,0.1,,,,1748173997.822
3668,368570628,1748178106420,3,0.0001,0.00011996,135.12,BTC-30MAY25-70000-P,107571.5,buy,0.1,0.1,,,,1748178106.42
3669,368570632,1748178117253,3,0.0001,0.00011988,135.14,BTC-30MAY25-70000-P,107575.64,buy,0.4,0.4,,,,1748178117.253
3670,368570633,1748178117253,3,0.0001,0.00011988,135.14,BTC-30MAY25-70000-P,107575.64,buy,0.6,0.6,,,,1748178117.253
3671,368574975,1748183915224,3,0.0001,0.00011555,135.63,BTC-30MAY25-70000-P,107385.48,buy,0.1,0.1,,,,1748183915.224
3672,368575370,1748184215264,3,0.0001,0.00011676,135.49,BTC-30MAY25-70000-P,107331.03,buy,0.1,0.1,,,,1748184215.264
3673,368576183,1748184658922,3,0.0001,0.00011544,135.64,BTC-30MAY25-70000-P,107355.67,buy,0.1,0.1,,,,1748184658.922
3674,368576410,1748185059167,3,0.0001,0.00011416,135.8,BTC-30MAY25-70000-P,107390.82,buy,0.1,0.1,,,,1748185059.167
3675,368576604,1748185359197,3,0.0001,0.00011264,135.97,BTC-30MAY25-70000-P,107442.83,buy,0.1,0.1,,,,1748185359.197
3676,368577240,1748185676360,3,0.0001,0.00011537,135.65,BTC-30MAY25-70000-P,107304.09,buy,0.1,0.1,,,,1748185676.36
3677,368577514,1748186030145,3,0.0001,0.0001152,135.67,BTC-30MAY25-70000-P,107288.7,buy,0.1,0.1,,,,1748186030.145
3678,368577746,1748186330204,3,0.0001,0.00011533,135.63,BTC-30MAY25-70000-P,107253.84,buy,0.1,0.1,,,,1748186330.204
3679,368589838,1748192617047,3,0.0001,0.00010674,136.7,BTC-30MAY25-70000-P,107260.09,buy,0.1,0.1,,,,1748192617.047
3680,368589973,1748192917078,3,0.0001,0.00010489,136.93,BTC-30MAY25-70000-P,107326.23,buy,0.1,0.1,,,,1748192917.078
3681,368590084,1748193217101,3,0.0001,0.00010477,136.94,BTC-30MAY25-70000-P,107314.12,buy,0.1,0.1,,,,1748193217.101
3682,368590323,1748193528843,3,0.0001,0.00010745,136.61,BTC-30MAY25-70000-P,107161.48,buy,0.1,0.1,,,,1748193528.843
3683,368590972,1748194665229,3,0.0001,0.00010478,136.94,BTC-30MAY25-70000-P,107203.59,buy,0.1,0.1,,,,1748194665.229
3684,368591058,1748194965249,3,0.0001,0.00010322,137.15,BTC-30MAY25-70000-P,107263.24,buy,0.1,0.1,,,,1748194965.249
3685,368592027,1748196341792,3,0.0001,9.889e-05,137.72,BTC-30MAY25-70000-P,107367.12,buy,0.1,0.1,,,,1748196341.792
3686,368592292,1748196747153,3,0.0001,9.809e-05,137.82,BTC-30MAY25-70000-P,107391.0,buy,0.1,0.1,,,,1748196747.153
3687,368594225,1748198049358,3,0.0001,9.399e-05,138.4,BTC-30MAY25-70000-P,107520.34,buy,0.1,0.1,,,,1748198049.358
3688,368594469,1748198349389,3,0.0001,9.331e-05,138.49,BTC-30MAY25-70000-P,107535.48,buy,0.1,0.1,,,,1748198349.389
3689,368594611,1748198649425,3,0.0001,9.429e-05,138.35,BTC-30MAY25-70000-P,107464.3,buy,0.1,0.1,,,,1748198649.425
3690,368594698,1748198949458,3,0.0001,9.358e-05,138.45,BTC-30MAY25-70000-P,107469.58,buy,0.1,0.1,,,,1748198949.458
3691,368594943,1748199304135,3,0.0001,9.303e-05,138.53,BTC-30MAY25-70000-P,107483.08,buy,0.1,0.1,,,,1748199304.135
3692,368594995,1748199604176,3,0.0001,9.323e-05,138.5,BTC-30MAY25-70000-P,107451.85,buy,0.1,0.1,,,,1748199604.176
3693,368595190,1748199904225,3,0.0001,9.196e-05,138.69,BTC-30MAY25-70000-P,107490.42,buy,0.1,0.1,,,,1748199904.225
3694,368595519,1748200679518,3,0.0001,8.97e-05,139.01,BTC-30MAY25-70000-P,107553.75,buy,0.1,0.1,,,,1748200679.518
3695,368595912,1748201168521,3,0.0001,8.806e-05,139.26,BTC-30MAY25-70000-P,107609.05,buy,0.1,0.1,,,,1748201168.521
3696,368596623,1748201627149,3,0.0001,8.541e-05,139.66,BTC-30MAY25-70000-P,107723.52,buy,0.1,0.1,,,,1748201627.149
3697,368598792,1748203203351,3,0.0001,8.309e-05,140.03,BTC-30MAY25-70000-P,107753.53,buy,0.1,0.1,,,,1748203203.351
3698,368599383,1748203503397,3,0.0001,8.368e-05,139.93,BTC-30MAY25-70000-P,107710.6,buy,0.1,0.1,,,,1748203503.397
3699,368599945,1748203803410,3,0.0001,8.53e-05,139.68,BTC-30MAY25-70000-P,107593.45,buy,0.1,0.1,,,,1748203803.41
3700,368600036,1748204069303,3,0.0001,8.52e-05,139.7,BTC-30MAY25-70000-P,107576.83,buy,0.1,0.1,,,,1748204069.303
3701,368600041,1748204103439,3,0.0001,8.511e-05,139.71,BTC-30MAY25-70000-P,107577.32,buy,0.1,0.1,,,,1748204103.439
3702,368600404,1748204403470,3,0.0001,8.563e-05,139.63,BTC-30MAY25-70000-P,107539.28,buy,0.1,0.1,,,,1748204403.47
3703,368601638,1748205834729,3,0.0001,8.11e-05,140.35,BTC-30MAY25-70000-P,107672.55,buy,0.1,0.1,,,,1748205834.729
3704,368602946,1748206236128,3,0.0001,8.037e-05,140.48,BTC-30MAY25-70000-P,107697.64,buy,0.1,0.1,,,,1748206236.128
3705,368603048,1748206536169,3,0.0001,8.053e-05,140.44,BTC-30MAY25-70000-P,107667.97,buy,0.1,0.1,,,,1748206536.169
3706,368604614,1748208222211,3,0.0001,8.067e-05,140.42,BTC-30MAY25-70000-P,107557.44,buy,0.1,0.1,,,,1748208222.211
3707,368605046,1748208572548,3,0.0001,8.108e-05,140.32,BTC-30MAY25-70000-P,107510.96,buy,0.1,0.1,,,,1748208572.548
3708,368605856,1748208978584,3,0.0001,8.275e-05,140.09,BTC-30MAY25-70000-P,107403.8,buy,0.1,0.1,,,,1748208978.584
3709,368606093,1748209278626,3,0.0001,8.189e-05,140.17,BTC-30MAY25-70000-P,107416.63,buy,0.1,0.1,,,,1748209278.626
3710,368623532,1748215141070,3,0.0001,5.435e-05,145.52,BTC-30MAY25-70000-P,108928.02,buy,0.1,0.1,,,,1748215141.07
3711,368624138,1748215441081,3,0.0001,5.554e-05,145.29,BTC-30MAY25-70000-P,108817.16,buy,0.1,0.1,,,,1748215441.081
3712,368647024,1748236360311,3,0.0001,3.457e-05,151.3,BTC-30MAY25-70000-P,109467.11,buy,0.1,0.1,,,,1748236360.311
3713,368700817,1748273428437,3,0.0001,1.537e-05,161.26,BTC-30MAY25-70000-P,109947.32,buy,0.1,0.1,,,,1748273428.437
3714,368700818,1748273428439,3,0.0001,1.537e-05,161.26,BTC-30MAY25-70000-P,109947.32,sell,0.9,0.9,,,,1748273428.439
3715,368700856,1748273462834,3,0.0001,1.535e-05,161.29,BTC-30MAY25-70000-P,109949.71,sell,1.0,1.0,,,,1748273462.834
3716,368700857,1748273462837,3,0.0001,1.535e-05,161.29,BTC-30MAY25-70000-P,109949.71,sell,10.0,10.0,,,,1748273462.837
3717,368713407,1748276238506,3,0.0001,1.431e-05,162.09,BTC-30MAY25-70000-P,109958.56,buy,0.1,0.1,,,,1748276238.506
3718,368717074,1748276548320,3,0.0001,1.894e-05,161.03,BTC-30MAY25-70000-P,109541.47,buy,0.1,0.1,,,,1748276548.32
3719,368722929,1748277134461,3,0.0001,2.507e-05,160.17,BTC-30MAY25-70000-P,109207.04,buy,0.1,0.1,,,,1748277134.461
3720,369338201,1748560621554,3,0.0001,0.0,473.87,BTC-30MAY25-70000-P,105985.4,buy,0.1,0.1,,,,1748560621.554
3721,369338202,1748560621554,3,0.0001,0.0,473.87,BTC-30MAY25-70000-P,105985.4,buy,0.9,0.9,,,,1748560621.554
3724,369338205,1748560627242,3,0.0001,0.0,473.82,BTC-30MAY25-70000-P,105981.95,buy,3.9,3.9,,,,1748560627.242
3722,369338203,1748560627242,3,0.0001,0.0,473.82,BTC-30MAY25-70000-P,105981.95,buy,4.1,4.1,,,,1748560627.242
3723,369338204,1748560627242,3,0.0001,0.0,473.82,BTC-30MAY25-70000-P,105981.95,buy,0.1,0.1,,,,1748560627.242
