trade_id,strike,market,side,entry_time,exit_time,entry_prob,exit_prob,size,pnl,capital,exit_reason,capital_after_trade,capital_at_trade_entry_snapshot,in_cooldown,cooldown_reason
1,85000.0,BTC_may,long,2025-05-01 00:00:00+00:00,2025-05-01 03:00:00+00:00,0.32,0.405,323.99859761358147,27.53988079715443,10041.276095375673,convergence,10027.539880797154,10000.0,False,
2,100000.0,BTC_may,short,2025-05-01 01:00:00+00:00,2025-05-01 02:00:00+00:00,0.695,0.645,274.7242915704013,13.736214578520046,10013.73621457852,convergence,10041.276095375673,10027.539880797154,False,
3,90000.0,BTC_may,short,2025-05-01 02:00:00+00:00,2025-05-01 03:00:00+00:00,0.71,0.685,259.21525781285555,6.480381445321366,10047.756476820994,convergence,10047.756476820994,10041.276095375673,False,
4,105000.0,BTC_may,long,2025-05-01 03:00:00+00:00,2025-05-01 06:00:00+00:00,0.35,0.39,207.38830415396563,8.295532166158633,10056.052008987153,convergence,10056.052008987153,10047.756476820994,False,
5,90000.0,BTC_may,short,2025-05-01 04:00:00+00:00,2025-05-01 06:00:00+00:00,0.695,0.665,193.89446998526128,5.8168340995578225,10061.868843086711,convergence,10061.868843086711,10056.052008987153,False,
6,100000.0,BTC_may,short,2025-05-01 06:00:00+00:00,2025-05-01 07:00:00+00:00,0.695,0.675,200.69933039061382,4.0139866078122575,10065.882829694523,convergence,10065.882829694523,10061.868843086711,False,
7,85000.0,BTC_may,short,2025-05-01 07:00:00+00:00,2025-05-01 11:00:00+00:00,0.405,0.355,215.96164454502818,10.798082227251419,10076.680911921774,convergence,10076.680911921774,10065.882829694523,False,
8,90000.0,BTC_may,short,2025-05-01 09:00:00+00:00,2025-05-02 13:00:00+00:00,0.675,0.555,301.76264765612063,36.21151771873448,10123.153331841164,convergence,10112.89242964051,10076.680911921774,False,
9,110000.0,BTC_may,long,2025-05-01 11:00:00+00:00,2025-05-01 13:00:00+00:00,0.25,0.255,189.48702992551856,0.9474351496275936,10077.628347071402,convergence,10113.839864790138,10112.89242964051,False,
10,100000.0,BTC_may,short,2025-05-01 13:00:00+00:00,2025-05-01 15:00:00+00:00,0.775,0.8,255.22633549279317,-6.380658387319835,10071.247688684083,convergence,10107.459206402818,10113.839864790138,False,
11,115000.0,BTC_may,long,2025-05-01 15:00:00+00:00,2025-05-01 16:00:00+00:00,0.145,0.175,232.73704553365,6.9821113660095,10078.229800050092,convergence,10114.441317768828,10107.459206402818,False,
12,85000.0,BTC_may,short,2025-05-02 00:00:00+00:00,2025-05-02 01:00:00+00:00,0.33,0.31,194.79288079812218,3.895857615962447,10082.125657666054,convergence,10118.33717538479,10114.441317768828,False,
13,110000.0,BTC_may,long,2025-05-02 03:00:00+00:00,2025-05-02 05:00:00+00:00,0.29,0.3,191.72543360946545,1.9172543360946563,10084.042912002149,convergence,10120.254429720884,10118.33717538479,False,
14,115000.0,BTC_may,long,2025-05-02 08:00:00+00:00,2025-05-02 09:00:00+00:00,0.165,0.18,193.26014135195703,2.898902120279353,10086.941814122429,convergence,10123.153331841164,10120.254429720884,False,
15,100000.0,BTC_may,short,2025-05-02 13:00:00+00:00,2025-05-02 15:00:00+00:00,0.825,0.84,219.90928165951416,-3.298639224892715,10119.85469261627,convergence,10119.85469261627,10123.153331841164,False,
16,115000.0,BTC_may,long,2025-05-02 14:00:00+00:00,2025-05-02 15:00:00+00:00,0.17,0.175,214.57144500510952,1.0728572250255426,10120.927549841297,convergence,10120.927549841297,10119.85469261627,False,
17,90000.0,BTC_may,short,2025-05-02 17:00:00+00:00,2025-05-02 18:00:00+00:00,0.525,0.52,192.14211739167368,0.9607105869583692,10121.888260428255,convergence,10121.888260428255,10120.927549841297,False,
18,100000.0,BTC_may,short,2025-05-02 19:00:00+00:00,2025-05-02 20:00:00+00:00,0.825,0.795,202.0924998343505,6.062774995030498,10127.951035423286,convergence,10127.951035423286,10121.888260428255,False,
19,90000.0,BTC_may,short,2025-05-02 23:00:00+00:00,2025-05-03 01:00:00+00:00,0.56,0.56,256.70793308061934,-0.0,10127.951035423286,convergence,10127.951035423286,10127.951035423286,False,
20,90000.0,BTC_may,short,2025-05-03 12:00:00+00:00,2025-05-03 23:00:00+00:00,0.6,0.585,263.93676708592153,3.9590515062888265,10131.910086929574,convergence,10131.910086929574,10127.951035423286,False,
21,110000.0,BTC_may,long,2025-05-03 19:00:00+00:00,2025-05-03 23:00:00+00:00,0.23,0.23,200.82836128850963,0.0,10131.910086929574,convergence,10131.910086929574,10131.910086929574,False,
22,100000.0,BTC_may,short,2025-05-03 23:00:00+00:00,2025-05-04 00:00:00+00:00,0.74,0.725,186.78975166300663,2.801846274945102,10134.71193320452,convergence,10134.71193320452,10131.910086929574,False,Cooldown started after 5 consecutive losses
23,90000.0,BTC_may,short,2025-05-04 00:00:00+00:00,2025-05-04 03:00:00+00:00,0.6,0.6,209.36339267244682,-0.0,10134.71193320452,convergence,10134.71193320452,10134.71193320452,False,
24,110000.0,BTC_may,long,2025-05-04 01:00:00+00:00,2025-05-04 08:00:00+00:00,0.22,0.22,205.01394199955885,0.0,10134.71193320452,convergence,10134.71193320452,10134.71193320452,False,
25,90000.0,BTC_may,short,2025-05-04 05:00:00+00:00,2025-05-04 22:00:00+00:00,0.605,0.63,248.2035823682883,-6.205089559207213,10128.506843645313,convergence,10128.506843645313,10134.71193320452,False,
26,115000.0,BTC_may,long,2025-05-04 11:00:00+00:00,2025-05-04 22:00:00+00:00,0.095,0.105,189.03231918592914,1.8903231918592904,10130.397166837172,convergence,10130.397166837172,10128.506843645313,False,
27,100000.0,BTC_may,short,2025-05-04 22:00:00+00:00,2025-05-05 00:00:00+00:00,0.69,0.61,188.37865277201078,15.070292221760855,10145.467459058933,convergence,10145.467459058933,10130.397166837172,False,Cooldown started after 5 consecutive losses
29,100000.0,BTC_may,short,2025-05-05 01:00:00+00:00,2025-05-05 02:00:00+00:00,0.635,0.59,278.0980623396119,12.514412805282547,10163.396215929395,convergence,10163.396215929395,10150.881803124112,False,
30,90000.0,BTC_may,short,2025-05-05 02:00:00+00:00,2025-05-05 03:00:00+00:00,0.715,0.7,196.24541701911767,2.9436812552867675,10166.339897184682,convergence,10166.339897184682,10163.396215929395,False,
31,115000.0,BTC_may,long,2025-05-05 04:00:00+00:00,2025-05-05 19:00:00+00:00,0.08,0.085,210.2805666969453,1.0514028334847274,10175.085222105343,convergence,10167.391300018167,10166.339897184682,False,
32,90000.0,BTC_may,short,2025-05-05 05:00:00+00:00,2025-05-05 10:00:00+00:00,0.695,0.695,256.30494626882614,-0.0,10166.339897184682,convergence,10167.391300018167,10167.391300018167,False,
33,100000.0,BTC_may,short,2025-05-05 10:00:00+00:00,2025-05-05 11:00:00+00:00,0.63,0.605,196.9707420092005,4.924268550230017,10171.264165734912,convergence,10172.315568568398,10167.391300018167,False,Cooldown started after 5 consecutive losses
35,110000.0,BTC_may,long,2025-05-05 16:00:00+00:00,2025-05-05 19:00:00+00:00,0.155,0.165,187.44563763575198,1.8744563763575215,10176.9596784817,convergence,10176.9596784817,10175.085222105343,False,
36,110000.0,BTC_may,long,2025-05-05 20:00:00+00:00,2025-05-05 23:00:00+00:00,0.155,0.17,199.07896230467415,2.9861844345701147,10179.945862916271,convergence,10179.945862916271,10176.9596784817,False,
37,90000.0,BTC_may,short,2025-05-05 21:00:00+00:00,2025-05-05 23:00:00+00:00,0.71,0.65,415.5080409589623,24.930482457537714,10204.876345373808,convergence,10204.876345373808,10179.945862916271,False,
38,110000.0,BTC_may,long,2025-05-06 00:00:00+00:00,2025-05-06 10:00:00+00:00,0.155,0.145,205.63122781643895,-2.056312278164391,10206.904762945313,convergence,10202.820033095644,10204.876345373808,False,
39,115000.0,BTC_may,long,2025-05-06 03:00:00+00:00,2025-05-06 07:00:00+00:00,0.065,0.085,204.23649248337696,4.08472984966754,10208.961075223477,convergence,10206.904762945313,10202.820033095644,False,
40,110000.0,BTC_may,long,2025-05-06 12:00:00+00:00,2025-05-06 16:00:00+00:00,0.13,0.165,200.65683245097782,7.022989135784225,10213.927752081097,convergence,10213.927752081097,10206.904762945313,False,
41,90000.0,BTC_may,short,2025-05-06 14:00:00+00:00,2025-05-06 16:00:00+00:00,0.735,0.665,343.7565139163293,24.062955974143033,10237.99070805524,convergence,10237.99070805524,10213.927752081097,False,
42,100000.0,BTC_may,short,2025-05-06 16:00:00+00:00,2025-05-06 17:00:00+00:00,0.615,0.595,191.36469230760815,3.8272938461521666,10241.818001901393,convergence,10241.818001901393,10237.99070805524,False,
43,90000.0,BTC_may,short,2025-05-06 17:00:00+00:00,2025-05-06 20:00:00+00:00,0.685,0.64,247.39252517122245,11.13266363270502,10252.950665534097,convergence,10252.950665534097,10241.818001901393,False,
44,115000.0,BTC_may,long,2025-05-06 18:00:00+00:00,2025-05-07 00:00:00+00:00,0.075,0.125,222.7642969988809,11.138214849944045,10268.51407706288,take_profit,10264.08888038404,10252.950665534097,False,
45,100000.0,BTC_may,short,2025-05-06 20:00:00+00:00,2025-05-06 21:00:00+00:00,0.65,0.63,221.25983394202413,4.425196678840487,10257.375862212937,convergence,10268.51407706288,10264.08888038404,False,Cooldown started after 5 consecutive losses
46,110000.0,BTC_may,long,2025-05-06 21:00:00+00:00,2025-05-07 00:00:00+00:00,0.15,0.23,223.45747951255254,17.876598361004206,10286.390675423885,take_profit,10286.390675423885,10268.51407706288,False,
47,105000.0,BTC_may,long,2025-05-07 00:00:00+00:00,2025-05-07 01:00:00+00:00,0.445,0.475,259.1207338258711,7.773622014776127,10294.164297438661,convergence,10294.164297438661,10286.390675423885,False,
48,110000.0,BTC_may,long,2025-05-07 01:00:00+00:00,2025-05-07 02:00:00+00:00,0.245,0.255,206.91555425989182,2.06915554259892,10296.23345298126,convergence,10296.23345298126,10294.164297438661,False,
49,100000.0,BTC_may,short,2025-05-07 02:00:00+00:00,2025-05-07 03:00:00+00:00,0.805,0.765,273.75214890467265,10.950085956186916,10307.183538937446,convergence,10307.183538937446,10296.23345298126,False,
50,110000.0,BTC_may,long,2025-05-07 03:00:00+00:00,2025-05-08 09:00:00+00:00,0.22,0.32,199.47847523187397,19.9478475231874,10388.518520444619,take_profit,10327.131386460635,10307.183538937446,False,
51,115000.0,BTC_may,long,2025-05-07 04:00:00+00:00,2025-05-07 17:00:00+00:00,0.105,0.11,203.1645701049497,1.0158228505247493,10308.19936178797,convergence,10328.147209311159,10327.131386460635,False,Cooldown started after 5 consecutive losses
52,100000.0,BTC_may,short,2025-05-07 17:00:00+00:00,2025-05-07 18:00:00+00:00,0.765,0.735,257.73163933926764,7.731949180178036,10315.931310968148,convergence,10335.879158491336,10328.147209311159,False,
53,90000.0,BTC_may,short,2025-05-07 18:00:00+00:00,2025-05-07 19:00:00+00:00,0.545,0.535,279.1578756437811,2.7915787564378136,10318.722889724586,convergence,10338.670737247774,10335.879158491336,False,
54,100000.0,BTC_may,short,2025-05-07 19:00:00+00:00,2025-05-07 20:00:00+00:00,0.74,0.715,193.08866688666308,4.827216672166581,10323.550106396753,convergence,10343.497953919941,10338.670737247774,False,
55,115000.0,BTC_may,long,2025-05-07 20:00:00+00:00,2025-05-07 23:00:00+00:00,0.09,0.105,201.93909615511112,3.029086442326667,10326.579192839079,convergence,10346.527040362267,10343.497953919941,False,
56,90000.0,BTC_may,short,2025-05-08 00:00:00+00:00,2025-05-08 04:00:00+00:00,0.49,0.375,365.1433050639281,41.99148008235173,10368.57067292143,convergence,10388.518520444619,10346.527040362267,False,
57,115000.0,BTC_may,long,2025-05-08 04:00:00+00:00,2025-05-08 17:00:00+00:00,0.145,0.21,204.6029281063562,13.299190326913152,10398.665217835289,convergence,10401.817710771533,10388.518520444619,False,
58,110000.0,BTC_may,long,2025-05-08 09:00:00+00:00,2025-05-08 13:00:00+00:00,0.32,0.305,210.16619574963997,-3.1524929362446024,10385.366027508375,convergence,10398.665217835289,10401.817710771533,False,
59,110000.0,BTC_may,long,2025-05-08 15:00:00+00:00,2025-05-08 17:00:00+00:00,0.31,0.395,445.34758587037095,37.85454479898154,10436.51976263427,convergence,10436.51976263427,10398.665217835289,False,
60,110000.0,BTC_may,long,2025-05-08 18:00:00+00:00,2025-05-08 19:00:00+00:00,0.385,0.4,222.57287115270717,3.3385930672906103,10439.85835570156,convergence,10439.85835570156,10436.51976263427,False,
61,90000.0,BTC_may,short,2025-05-08 20:00:00+00:00,2025-05-08 21:00:00+00:00,0.29,0.24,287.42579197792406,14.3712895988962,10454.229645300456,convergence,10454.229645300456,10439.85835570156,False,
62,110000.0,BTC_may,long,2025-05-08 21:00:00+00:00,2025-05-08 23:00:00+00:00,0.47,0.505,238.78865191513825,8.357602817029846,10462.587248117487,convergence,10462.587248117487,10454.229645300456,False,
63,115000.0,BTC_may,long,2025-05-08 23:00:00+00:00,2025-05-09 00:00:00+00:00,0.26,0.27,268.17758363889004,2.6817758363889026,10465.269023953875,convergence,10465.269023953875,10462.587248117487,False,
64,115000.0,BTC_may,long,2025-05-09 01:00:00+00:00,2025-05-09 08:00:00+00:00,0.255,0.3,259.2802371260271,11.667610670671214,10484.084245547914,convergence,10476.936634624546,10465.269023953875,False,
65,105000.0,BTC_may,short,2025-05-09 02:00:00+00:00,2025-05-09 03:00:00+00:00,0.86,0.825,204.2174549533627,7.147610923367701,10472.416634877243,convergence,10484.084245547914,10476.936634624546,False,
66,110000.0,BTC_may,long,2025-05-09 06:00:00+00:00,2025-05-09 09:00:00+00:00,0.485,0.515,220.97874777625995,6.629362433287804,10490.713607981203,convergence,10490.713607981203,10484.084245547914,False,
67,105000.0,BTC_may,short,2025-05-09 08:00:00+00:00,2025-05-09 09:00:00+00:00,0.905,0.845,293.4799694383792,17.60879816630277,10508.322406147505,convergence,10508.322406147505,10490.713607981203,False,
68,115000.0,BTC_may,long,2025-05-09 10:00:00+00:00,2025-05-09 11:00:00+00:00,0.27,0.275,225.2239202506839,1.1261196012534205,10509.448525748758,convergence,10509.448525748758,10508.322406147505,False,
69,105000.0,BTC_may,long,2025-05-09 13:00:00+00:00,2025-05-09 15:00:00+00:00,0.84,0.86,258.2876274811382,5.165752549622769,10514.61427829838,convergence,10514.61427829838,10509.448525748758,False,
70,90000.0,BTC_may,short,2025-05-09 17:00:00+00:00,2025-05-09 18:00:00+00:00,0.25,0.225,237.1633122588017,5.929082806470041,10520.54336110485,convergence,10520.54336110485,10514.61427829838,False,
71,115000.0,BTC_may,long,2025-05-10 05:00:00+00:00,2025-05-10 08:00:00+00:00,0.255,0.3,243.183895657342,10.943275304580386,10543.081393413438,convergence,10531.48663640943,10520.54336110485,False,
72,105000.0,BTC_may,long,2025-05-10 06:00:00+00:00,2025-05-10 07:00:00+00:00,0.855,0.895,289.86892510018504,11.594757004007413,10532.138118108858,convergence,10543.081393413438,10531.48663640943,False,
73,115000.0,BTC_may,long,2025-05-10 21:00:00+00:00,2025-05-10 22:00:00+00:00,0.275,0.285,238.0114075294976,2.3801140752949648,10545.461507488733,convergence,10545.461507488733,10543.081393413438,False,
74,125000.0,BTC_may,long,2025-05-10 23:00:00+00:00,2025-05-11 01:00:00+00:00,0.0715,0.082,245.99849854150992,2.5829842346858563,10548.04449172342,convergence,10548.04449172342,10545.461507488733,False,
75,115000.0,BTC_may,long,2025-05-11 08:00:00+00:00,2025-05-11 12:00:00+00:00,0.29,0.335,236.32898854444568,10.634804484500066,10568.650714584248,convergence,10558.67929620792,10548.04449172342,False,
76,110000.0,BTC_may,long,2025-05-11 09:00:00+00:00,2025-05-11 11:00:00+00:00,0.56,0.605,221.58707502951353,9.971418376328092,10558.015910099748,convergence,10568.650714584248,10558.67929620792,False,
77,115000.0,BTC_may,long,2025-05-11 18:00:00+00:00,2025-05-11 19:00:00+00:00,0.295,0.325,238.6007955893571,7.158023867680719,10575.80873845193,convergence,10575.80873845193,10568.650714584248,False,
78,105000.0,BTC_may,long,2025-05-12 00:00:00+00:00,2025-05-12 02:00:00+00:00,0.9185,0.9995,233.31427140546558,18.89845598384273,11818.56584067123,end_of_data,10594.707194435772,10575.80873845193,False,
79,115000.0,BTC_may,long,2025-05-12 06:00:00+00:00,2025-05-12 09:00:00+00:00,0.3,0.335,208.7357584943155,7.305751547301049,10583.11448999923,convergence,10602.012945983073,10594.707194435772,False,
80,110000.0,BTC_may,short,2025-05-12 11:00:00+00:00,2025-05-12 12:00:00+00:00,0.59,0.565,215.1619229028834,5.37904807257209,10588.493538071803,convergence,10607.391994055646,10602.012945983073,False,
81,110000.0,BTC_may,short,2025-05-12 14:00:00+00:00,2025-05-12 16:00:00+00:00,0.565,0.475,435.59721576482355,39.20374941883411,10627.697287490637,convergence,10646.59574347448,10607.391994055646,False,
82,110000.0,BTC_may,short,2025-05-12 18:00:00+00:00,2025-05-12 19:00:00+00:00,0.475,0.425,354.6303602213911,17.73151801106955,10645.428805501706,convergence,10664.327261485549,10646.59574347448,False,
83,115000.0,BTC_may,long,2025-05-12 20:00:00+00:00,2025-05-12 21:00:00+00:00,0.185,0.225,306.7248964869099,12.2689958594764,10657.697801361182,convergence,10676.596257345025,10664.327261485549,False,
84,110000.0,BTC_may,short,2025-05-13 00:00:00+00:00,2025-05-13 01:00:00+00:00,0.475,0.45,226.50348297765825,5.662587074441449,10663.360388435623,convergence,10682.258844419466,10676.596257345025,False,
85,110000.0,BTC_may,short,2025-05-13 02:00:00+00:00,2025-05-13 05:00:00+00:00,0.445,0.45,198.80859675303935,-0.9940429837651976,10662.36634545186,convergence,10681.264801435702,10682.258844419466,False,
86,110000.0,BTC_may,long,2025-05-13 09:00:00+00:00,2025-05-13 10:00:00+00:00,0.455,0.495,215.69604019547245,8.627841607818894,10670.994187059678,convergence,10689.89264304352,10681.264801435702,False,
87,115000.0,BTC_may,long,2025-05-13 17:00:00+00:00,2025-05-13 20:00:00+00:00,0.255,0.29,220.36618010232633,7.712816303581416,10678.707003363259,convergence,10697.605459347102,10689.89264304352,False,
88,115000.0,BTC_may,long,2025-05-14 11:00:00+00:00,2025-05-14 12:00:00+00:00,0.245,0.255,195.89608278383488,1.9589608278383506,10680.665964191097,convergence,10699.56442017494,10697.605459347102,False,
89,115000.0,BTC_may,long,2025-05-14 18:00:00+00:00,2025-05-14 19:00:00+00:00,0.205,0.215,225.45456368613003,2.254545636861302,10682.920509827958,convergence,10701.8189658118,10699.56442017494,False,
90,110000.0,BTC_may,long,2025-05-14 20:00:00+00:00,2025-05-14 22:00:00+00:00,0.45,0.465,196.72840538760514,2.95092608081408,10685.871435908772,convergence,10704.769891892614,10701.8189658118,False,
91,110000.0,BTC_may,long,2025-05-15 00:00:00+00:00,2025-05-15 01:00:00+00:00,0.45,0.47,269.32722262990353,5.38654445259806,10691.25798036137,convergence,10710.156436345213,10704.769891892614,False,
92,110000.0,BTC_may,long,2025-05-15 11:00:00+00:00,2025-05-15 13:00:00+00:00,0.355,0.39,202.01253137536216,7.070438598137682,10698.328418959507,convergence,10717.22687494335,10710.156436345213,False,
93,110000.0,BTC_may,long,2025-05-15 15:00:00+00:00,2025-05-15 21:00:00+00:00,0.345,0.405,394.6783985661433,23.680703913968618,10722.009122873476,convergence,10740.90757885732,10717.22687494335,False,
94,110000.0,BTC_may,long,2025-05-15 22:00:00+00:00,2025-05-16 00:00:00+00:00,0.4,0.425,206.32066770736228,5.15801669268405,10727.16713956616,convergence,10746.065595550002,10740.90757885732,False,
95,115000.0,BTC_may,long,2025-05-16 09:00:00+00:00,2025-05-16 11:00:00+00:00,0.145,0.17,246.8719606532245,6.171799016330618,10733.33893858249,convergence,10752.237394566333,10746.065595550002,False,
96,110000.0,BTC_may,long,2025-05-16 13:00:00+00:00,2025-05-16 14:00:00+00:00,0.405,0.44,227.65557182760872,7.9679450139662995,10741.306883596457,convergence,10760.2053395803,10752.237394566333,False,
97,110000.0,BTC_may,long,2025-05-16 15:00:00+00:00,2025-05-16 16:00:00+00:00,0.41,0.435,242.2413634539422,6.056034086348561,10747.362917682805,convergence,10766.261373666648,10760.2053395803,False,
98,115000.0,BTC_may,long,2025-05-17 02:00:00+00:00,2025-05-17 05:00:00+00:00,0.125,0.155,237.84314778690324,7.135294433607097,10754.498212116412,convergence,10773.396668100255,10766.261373666648,False,
99,115000.0,BTC_may,long,2025-05-17 07:00:00+00:00,2025-05-17 09:00:00+00:00,0.135,0.135,205.8052858759667,0.0,10754.498212116412,convergence,10773.396668100255,10773.396668100255,False,
100,115000.0,BTC_may,long,2025-05-17 11:00:00+00:00,2025-05-17 22:00:00+00:00,0.125,0.135,200.27346134215688,2.0027346134215707,10756.500946729833,convergence,10775.399402713676,10773.396668100255,False,
101,115000.0,BTC_may,long,2025-05-17 23:00:00+00:00,2025-05-18 01:00:00+00:00,0.125,0.145,237.60334671688898,4.752066934337777,10761.25301366417,convergence,10780.151469648014,10775.399402713676,False,
102,115000.0,BTC_may,long,2025-05-18 05:00:00+00:00,2025-05-18 15:00:00+00:00,0.135,0.225,244.90704438334834,22.04163399450135,10783.294647658671,take_profit,10802.193103642514,10780.151469648014,False,
103,110000.0,BTC_may,long,2025-05-18 15:00:00+00:00,2025-05-18 18:00:00+00:00,0.52,0.525,350.34633975469893,1.751731698773496,10785.046379357445,convergence,10803.944835341288,10802.193103642514,False,
104,115000.0,BTC_may,long,2025-05-18 20:00:00+00:00,2025-05-19 00:00:00+00:00,0.175,0.28,207.47683213803884,21.785067374494087,10806.83144673194,take_profit,10825.729902715782,10803.944835341288,False,
105,110000.0,BTC_may,short,2025-05-19 00:00:00+00:00,2025-05-19 01:00:00+00:00,0.625,0.54,316.68175568986766,26.91794923363874,10833.749395965579,convergence,10852.647851949421,10825.729902715782,False,
106,115000.0,BTC_may,long,2025-05-19 01:00:00+00:00,2025-05-19 02:00:00+00:00,0.215,0.205,206.12906714539133,-2.061290671453915,10831.688105294124,convergence,10850.586561277967,10852.647851949421,False,
107,110000.0,BTC_may,short,2025-05-19 03:00:00+00:00,2025-05-19 04:00:00+00:00,0.475,0.39,345.7250127443457,29.38662608326937,10861.074731377394,convergence,10879.973187361236,10850.586561277967,False,
108,115000.0,BTC_may,long,2025-05-19 07:00:00+00:00,2025-05-19 08:00:00+00:00,0.135,0.155,215.6939002788301,4.3138780055766,10865.38860938297,convergence,10884.287065366812,10879.973187361236,False,
109,110000.0,BTC_may,long,2025-05-19 13:00:00+00:00,2025-05-19 16:00:00+00:00,0.33,0.505,308.9053543647981,54.058437013839665,10919.44704639681,take_profit,10938.345502380653,10884.287065366812,False,
110,115000.0,BTC_may,long,2025-05-19 16:00:00+00:00,2025-05-19 18:00:00+00:00,0.2,0.215,327.55854245231075,4.913378136784656,10924.360424533596,convergence,10943.258880517438,10938.345502380653,False,
111,110000.0,BTC_may,long,2025-05-19 19:00:00+00:00,2025-05-19 20:00:00+00:00,0.485,0.535,311.68337406305363,15.584168703152695,10939.944593236749,convergence,10958.843049220592,10943.258880517438,False,
112,115000.0,BTC_may,long,2025-05-19 20:00:00+00:00,2025-05-20 02:00:00+00:00,0.205,0.265,213.21643569789921,12.792986141873959,10952.737579378623,convergence,10971.636035362466,10958.843049220592,False,
113,115000.0,BTC_may,long,2025-05-20 04:00:00+00:00,2025-05-20 06:00:00+00:00,0.23,0.235,333.4696710450987,1.6673483552254857,10954.404927733849,convergence,10973.303383717692,10971.636035362466,False,
114,110000.0,BTC_may,short,2025-05-20 06:00:00+00:00,2025-05-20 08:00:00+00:00,0.615,0.53,281.3727268905934,23.91668178570043,10978.32160951955,convergence,10997.220065503392,10973.303383717692,False,
115,115000.0,BTC_may,long,2025-05-20 11:00:00+00:00,2025-05-20 12:00:00+00:00,0.19,0.195,239.33170974686905,1.1966585487343464,10979.518268068283,convergence,10998.416724052126,10997.220065503392,False,
116,110000.0,BTC_may,short,2025-05-20 12:00:00+00:00,2025-05-20 14:00:00+00:00,0.535,0.47,259.4113195717583,16.861735772164305,10996.380003840448,convergence,11015.27845982429,10998.416724052126,False,
117,115000.0,BTC_may,long,2025-05-20 15:00:00+00:00,2025-05-20 16:00:00+00:00,0.17,0.2,309.0476440680729,9.271429322042186,11005.65143316249,convergence,11024.549889146332,11015.27845982429,False,
118,110000.0,BTC_may,long,2025-05-20 17:00:00+00:00,2025-05-20 20:00:00+00:00,0.51,0.67,448.77123433955194,71.80339749432832,11077.454830656818,convergence,11096.35328664066,11024.549889146332,False,
119,115000.0,BTC_may,long,2025-05-20 20:00:00+00:00,2025-05-21 07:00:00+00:00,0.275,0.335,275.96847152729936,16.55810829163796,11094.012938948455,convergence,11112.911394932298,11096.35328664066,False,
120,110000.0,BTC_may,short,2025-05-21 07:00:00+00:00,2025-05-21 08:00:00+00:00,0.725,0.635,273.5486802396261,24.61938122156634,11118.632320170022,convergence,11137.530776153864,11112.911394932298,False,
121,115000.0,BTC_may,long,2025-05-21 09:00:00+00:00,2025-05-21 15:00:00+00:00,0.255,0.4,220.86333932033267,32.02518420144824,11150.65750437147,take_profit,11169.555960355312,11137.530776153864,False,
122,125000.0,BTC_may,long,2025-05-21 15:00:00+00:00,2025-05-21 17:00:00+00:00,0.058,0.087,214.97163556430002,6.2341774313646985,11156.891681802834,take_profit,11175.790137786676,11169.555960355312,False,
123,110000.0,BTC_may,short,2025-05-21 17:00:00+00:00,2025-05-21 21:00:00+00:00,0.895,0.81,500.0,42.499999999999986,11199.391681802834,convergence,11218.290137786676,11175.790137786676,False,
124,125000.0,BTC_may,long,2025-05-21 23:00:00+00:00,2025-05-22 00:00:00+00:00,0.0655,0.096,234.76384501407117,7.160297272929171,11206.551979075763,take_profit,11225.450435059605,11218.290137786676,False,
125,115000.0,BTC_may,long,2025-05-22 00:00:00+00:00,2025-05-22 01:00:00+00:00,0.48,0.52,286.897290290256,11.475891611610251,11218.027870687372,convergence,11236.926326671215,11225.450435059605,False,
126,115000.0,BTC_may,long,2025-05-22 02:00:00+00:00,2025-05-22 04:00:00+00:00,0.52,0.69,253.22004210878896,43.0474071584941,11261.075277845866,convergence,11279.973733829709,11236.926326671215,False,
127,115000.0,BTC_may,short,2025-05-22 05:00:00+00:00,2025-05-22 07:00:00+00:00,0.66,0.6,287.4263907879973,17.245583447279856,11278.320861293147,convergence,11297.21931727699,11279.973733829709,False,
128,115000.0,BTC_may,short,2025-05-22 08:00:00+00:00,2025-05-22 09:00:00+00:00,0.645,0.595,441.36892164301014,22.068446082150526,11300.389307375297,convergence,11319.28776335914,11297.21931727699,False,
129,115000.0,BTC_may,short,2025-05-22 13:00:00+00:00,2025-05-22 14:00:00+00:00,0.665,0.625,339.6682340373034,13.586729361492148,11313.976036736789,convergence,11332.874492720632,11319.28776335914,False,
130,115000.0,BTC_may,long,2025-05-22 23:00:00+00:00,2025-05-23 00:00:00+00:00,0.605,0.635,291.4594624909448,8.743783874728353,11322.719820611517,convergence,11341.61827659536,11332.874492720632,False,
131,115000.0,BTC_may,short,2025-05-23 06:00:00+00:00,2025-05-23 07:00:00+00:00,0.58,0.535,208.87865580708615,9.399539511318862,11332.119360122837,convergence,11351.01781610668,11341.61827659536,False,
132,115000.0,BTC_may,short,2025-05-23 10:00:00+00:00,2025-05-23 22:00:00+00:00,0.605,0.315,314.4646387732824,91.19474524425189,11423.31410536709,take_profit,11442.212561350932,11351.01781610668,False,
133,115000.0,BTC_may,short,2025-05-23 22:00:00+00:00,2025-05-24 00:00:00+00:00,0.315,0.28,293.9512367872719,10.28829328755451,11433.602398654644,convergence,11452.500854638487,11442.212561350932,False,
134,115000.0,BTC_may,short,2025-05-24 05:00:00+00:00,2025-05-24 08:00:00+00:00,0.35,0.28,311.8805121080838,21.83163584756585,11455.43403450221,convergence,11474.332490486053,11452.500854638487,False,
135,115000.0,BTC_may,short,2025-05-24 12:00:00+00:00,2025-05-24 13:00:00+00:00,0.365,0.325,266.5328714850746,10.66131485940298,11466.095349361613,convergence,11484.993805345455,11474.332490486053,False,
136,115000.0,BTC_may,short,2025-05-24 22:00:00+00:00,2025-05-24 23:00:00+00:00,0.32,0.275,362.70139852597805,16.321562933669007,11482.41691229528,convergence,11501.315368279124,11484.993805345455,False,
137,115000.0,BTC_may,long,2025-05-25 16:00:00+00:00,2025-05-25 19:00:00+00:00,0.23,0.26,227.168902155822,6.815067064674659,11489.231979359956,convergence,11508.130435343799,11501.315368279124,False,
138,115000.0,BTC_may,long,2025-05-25 22:00:00+00:00,2025-05-25 23:00:00+00:00,0.245,0.375,500.0,65.0,11554.231979359956,take_profit,11573.130435343799,11508.130435343799,False,
139,115000.0,BTC_may,long,2025-05-26 00:00:00+00:00,2025-05-26 01:00:00+00:00,0.35,0.385,233.60371025552328,8.176129858943321,11562.408109218899,convergence,11581.306565202742,11573.130435343799,False,
140,115000.0,BTC_may,short,2025-05-26 08:00:00+00:00,2025-05-26 09:00:00+00:00,0.425,0.385,282.1979342976539,11.28791737190615,11573.696026590806,convergence,11592.594482574648,11581.306565202742,False,
141,115000.0,BTC_may,long,2025-05-26 15:00:00+00:00,2025-05-26 16:00:00+00:00,0.34,0.385,287.22278868213846,12.925025490696227,11586.621052081502,convergence,11605.519508065345,11592.594482574648,False,
142,115000.0,BTC_may,long,2025-05-26 20:00:00+00:00,2025-05-26 21:00:00+00:00,0.305,0.335,340.04043180440664,10.201212954132208,11596.822265035635,convergence,11615.720721019477,11605.519508065345,False,
143,115000.0,BTC_may,short,2025-05-27 01:00:00+00:00,2025-05-27 02:00:00+00:00,0.315,0.24,403.8161124063274,30.28620843047456,11627.108473466109,convergence,11646.006929449952,11615.720721019477,False,
144,115000.0,BTC_may,long,2025-05-27 03:00:00+00:00,2025-05-27 04:00:00+00:00,0.225,0.275,232.8188554938759,11.6409427746938,11638.749416240802,convergence,11657.647872224645,11646.006929449952,False,
145,115000.0,BTC_may,long,2025-05-27 07:00:00+00:00,2025-05-27 08:00:00+00:00,0.265,0.325,229.6002470165957,13.77601482099574,11652.525431061798,convergence,11671.423887045641,11657.647872224645,False,
146,115000.0,BTC_may,short,2025-05-27 10:00:00+00:00,2025-05-27 13:00:00+00:00,0.34,0.305,282.45880427821385,9.886058149737494,11662.411489211536,convergence,11681.309945195379,11671.423887045641,False,
147,115000.0,BTC_may,short,2025-05-27 14:00:00+00:00,2025-05-27 15:00:00+00:00,0.345,0.31,384.9609565546535,13.473633479412863,11675.885122690948,convergence,11694.783578674791,11681.309945195379,False,
148,115000.0,BTC_may,short,2025-05-27 17:00:00+00:00,2025-05-28 03:00:00+00:00,0.375,0.2,274.4900881642143,48.0357654287375,11723.920888119686,take_profit,11742.81934410353,11694.783578674791,False,
149,115000.0,BTC_may,short,2025-05-28 04:00:00+00:00,2025-05-28 15:00:00+00:00,0.215,0.095,342.2024064918811,41.06428877902573,11764.985176898712,take_profit,11783.883632882555,11742.81934410353,False,
150,115000.0,BTC_may,short,2025-05-28 15:00:00+00:00,2025-05-28 17:00:00+00:00,0.095,0.085,306.40974124709174,3.064097412470916,11768.049274311183,convergence,11786.947730295025,11783.883632882555,False,
151,115000.0,BTC_may,short,2025-05-28 19:00:00+00:00,2025-05-28 20:00:00+00:00,0.095,0.075,248.4069450493551,4.968138900987103,11773.01741321217,convergence,11791.915869196013,11786.947730295025,False,
152,115000.0,BTC_may,short,2025-05-28 21:00:00+00:00,2025-05-29 03:00:00+00:00,0.08,0.11,239.65971608828815,-7.189791482648644,11765.82762172952,stop_loss,11784.726077713363,11791.915869196013,False,
153,115000.0,BTC_may,short,2025-05-29 03:00:00+00:00,2025-05-29 05:00:00+00:00,0.11,0.075,336.17207089517507,11.76602248133113,11777.593644210852,convergence,11796.492100194695,11784.726077713363,False,
154,115000.0,BTC_may,short,2025-05-29 09:00:00+00:00,2025-05-29 14:00:00+00:00,0.095,0.045,262.2790106340865,13.113950531704326,11790.707594742556,take_profit,11809.6060507264,11796.492100194695,False,
155,115000.0,BTC_may,short,2025-05-29 15:00:00+00:00,2025-05-29 17:00:00+00:00,0.0645,0.034,293.76360474858103,8.959789944831721,11799.667384687387,take_profit,11818.56584067123,11809.6060507264,False,
1,90000.0,BTC_june,long,2025-05-30 22:00:00+00:00,2025-06-01 23:00:00+00:00,0.2,0.22,500.0,9.999999999999995,10030.875412966172,max_hold,11828.56584067123,11818.56584067123,False,
2,100000.0,BTC_june,long,2025-05-30 23:00:00+00:00,2025-05-31 03:00:00+00:00,0.74,0.805,321.1601994795796,20.875412966172693,10020.875412966172,convergence,11849.441253637402,11828.56584067123,False,
3,95000.0,BTC_june,long,2025-05-31 03:00:00+00:00,2025-06-02 04:00:00+00:00,0.5,0.41,455.70483572424996,-41.013435215182504,9989.86197775099,max_hold,11808.42781842222,11849.441253637402,False,
4,110000.0,BTC_june,long,2025-06-01 23:00:00+00:00,2025-06-03 02:00:00+00:00,0.72,0.77,371.5074476411308,18.575372382056557,10008.437350133046,convergence,11827.003190804277,11808.42781842222,False,
5,120000.0,BTC_june,long,2025-06-02 04:00:00+00:00,2025-06-04 05:00:00+00:00,0.24,0.21,500.0,-15.0,9993.437350133046,max_hold,11812.003190804277,11827.003190804277,False,
6,90000.0,BTC_june,long,2025-06-03 02:00:00+00:00,2025-06-05 03:00:00+00:00,0.175,0.165,500.0,-4.99999999999999,9988.437350133046,max_hold,11807.003190804277,11812.003190804277,False,
7,115000.0,BTC_june,long,2025-06-04 05:00:00+00:00,2025-06-05 20:00:00+00:00,0.41,0.255,500.0,-77.49999999999999,9910.937350133046,stop_loss,11729.503190804277,11807.003190804277,False,
8,95000.0,BTC_june,long,2025-06-05 03:00:00+00:00,2025-06-05 21:00:00+00:00,0.345,0.595,500.0,125.0,10035.937350133046,take_profit,11854.503190804277,11729.503190804277,False,
9,110000.0,BTC_june,long,2025-06-05 20:00:00+00:00,2025-06-07 20:00:00+00:00,0.465,0.68,353.0433493163463,75.90432010301446,10048.463631549585,take_profit,11930.407510907291,11854.503190804277,False,
10,95000.0,BTC_june,long,2025-06-05 21:00:00+00:00,2025-06-06 12:00:00+00:00,0.595,0.37,281.68017193989783,-63.378038686477005,9972.55931144657,stop_loss,11867.029472220815,11930.407510907291,False,
11,120000.0,BTC_june,long,2025-06-06 12:00:00+00:00,2025-06-08 13:00:00+00:00,0.17,0.18,500.0,4.99999999999999,10053.463631549585,max_hold,11872.029472220815,11867.029472220815,False,
12,95000.0,BTC_june,long,2025-06-07 20:00:00+00:00,2025-06-09 18:00:00+00:00,0.265,0.155,500.0,-55.00000000000001,9998.463631549585,stop_loss,11817.029472220815,11872.029472220815,False,
13,115000.0,BTC_june,long,2025-06-08 13:00:00+00:00,2025-06-09 22:00:00+00:00,0.385,0.62,500.0,117.5,10115.963631549585,take_profit,11934.529472220815,11817.029472220815,False,
14,95000.0,BTC_june,long,2025-06-09 18:00:00+00:00,2025-06-11 19:00:00+00:00,0.155,0.125,500.0,-15.0,10100.963631549585,max_hold,11919.529472220815,11934.529472220815,False,
15,115000.0,BTC_june,long,2025-06-09 22:00:00+00:00,2025-06-11 23:00:00+00:00,0.62,0.515,500.0,-52.49999999999999,10048.463631549585,max_hold,11867.029472220815,11919.529472220815,False,
16,120000.0,BTC_june,long,2025-06-11 19:00:00+00:00,2025-06-12 20:00:00+00:00,0.25,0.155,500.0,-47.5,10000.963631549585,stop_loss,11819.529472220815,11867.029472220815,False,
17,90000.0,BTC_june,long,2025-06-11 23:00:00+00:00,2025-06-13 01:00:00+00:00,0.06,0.12,500.0,30.0,10030.963631549585,take_profit,11849.529472220815,11819.529472220815,False,
18,115000.0,BTC_june,long,2025-06-12 20:00:00+00:00,2025-06-13 01:00:00+00:00,0.395,0.245,500.0,-75.00000000000001,9955.963631549585,stop_loss,11774.529472220815,11849.529472220815,False,
19,100000.0,BTC_june,long,2025-06-13 01:00:00+00:00,2025-06-15 02:00:00+00:00,0.625,0.51,500.0,-57.49999999999999,9870.963631549585,max_hold,11717.029472220815,11774.529472220815,False,
20,90000.0,BTC_june,long,2025-06-13 02:00:00+00:00,2025-06-13 16:00:00+00:00,0.15,0.095,500.0,-27.499999999999996,9928.463631549585,stop_loss,11689.529472220815,11717.029472220815,False,
21,95000.0,BTC_june,long,2025-06-13 16:00:00+00:00,2025-06-15 17:00:00+00:00,0.245,0.21,500.0,-17.5,9853.463631549585,max_hold,11672.029472220815,11689.529472220815,False,
22,100000.0,BTC_june,long,2025-06-15 02:00:00+00:00,2025-06-16 15:00:00+00:00,0.51,0.315,500.0,-97.5,9755.963631549585,stop_loss,11574.529472220815,11672.029472220815,False,
23,95000.0,BTC_june,long,2025-06-15 17:00:00+00:00,2025-06-16 15:00:00+00:00,0.21,0.135,500.0,-37.49999999999999,9718.463631549585,stop_loss,11537.029472220815,11574.529472220815,False,
24,120000.0,BTC_june,long,2025-06-16 15:00:00+00:00,2025-06-17 11:00:00+00:00,0.145,0.085,500.0,-29.999999999999993,9585.963631549585,stop_loss,11507.029472220815,11537.029472220815,False,
25,95000.0,BTC_june,long,2025-06-16 16:00:00+00:00,2025-06-16 21:00:00+00:00,0.14,0.09,500.0,-25.000000000000007,9693.463631549585,stop_loss,11482.029472220815,11507.029472220815,False,
26,115000.0,BTC_june,long,2025-06-16 21:00:00+00:00,2025-06-17 09:00:00+00:00,0.425,0.27,500.0,-77.49999999999999,9615.963631549585,stop_loss,11404.529472220815,11482.029472220815,False,
27,115000.0,BTC_june,long,2025-06-17 09:00:00+00:00,2025-06-17 16:00:00+00:00,0.27,0.165,500.0,-52.50000000000001,9533.463631549585,stop_loss,11352.029472220815,11404.529472220815,False,
28,90000.0,BTC_june,long,2025-06-17 11:00:00+00:00,2025-06-17 16:00:00+00:00,0.065,0.095,500.0,15.0,9548.463631549585,take_profit,11367.029472220815,11352.029472220815,False,
29,120000.0,BTC_june,long,2025-06-17 16:00:00+00:00,2025-06-19 17:00:00+00:00,0.065,0.045,500.0,-10.000000000000002,9538.463631549585,max_hold,11357.029472220815,11367.029472220815,False,
30,100000.0,BTC_june,long,2025-06-17 17:00:00+00:00,2025-06-19 18:00:00+00:00,0.58,0.47,500.0,-54.99999999999999,9483.463631549585,max_hold,11302.029472220815,11357.029472220815,False,
31,95000.0,BTC_june,long,2025-06-19 17:00:00+00:00,2025-06-20 08:00:00+00:00,0.185,0.1,500.0,-42.49999999999999,9440.963631549585,stop_loss,11259.529472220815,11302.029472220815,False,
32,115000.0,BTC_june,long,2025-06-19 18:00:00+00:00,2025-06-20 15:00:00+00:00,0.135,0.085,500.0,-25.0,9406.213631549585,stop_loss,11234.529472220815,11259.529472220815,False,
33,90000.0,BTC_june,long,2025-06-20 08:00:00+00:00,2025-06-20 10:00:00+00:00,0.055,0.0355,500.0,-9.750000000000002,9431.213631549585,stop_loss,11224.779472220815,11234.529472220815,False,
34,100000.0,BTC_june,long,2025-06-20 10:00:00+00:00,2025-06-20 15:00:00+00:00,0.3,0.465,500.0,82.50000000000001,9488.713631549585,take_profit,11307.279472220815,11224.779472220815,False,
35,90000.0,BTC_june,long,2025-06-20 15:00:00+00:00,2025-06-21 22:00:00+00:00,0.0525,0.102,500.0,24.749999999999996,9623.463631549585,take_profit,11332.029472220815,11307.279472220815,False,
36,100000.0,BTC_june,long,2025-06-20 16:00:00+00:00,2025-06-21 20:00:00+00:00,0.43,0.65,500.0,110.00000000000001,9598.713631549585,take_profit,11442.029472220815,11332.029472220815,False,
37,95000.0,BTC_june,long,2025-06-21 20:00:00+00:00,2025-06-22 14:00:00+00:00,0.235,0.375,500.0,70.0,9711.463631549585,take_profit,11512.029472220815,11442.029472220815,False,
38,115000.0,BTC_june,long,2025-06-21 22:00:00+00:00,2025-06-22 01:00:00+00:00,0.0505,0.0865,500.0,17.999999999999996,9641.463631549585,take_profit,11530.029472220815,11512.029472220815,False,
39,100000.0,BTC_june,long,2025-06-22 01:00:00+00:00,2025-06-22 14:00:00+00:00,0.565,0.84,500.0,137.5,9848.963631549585,take_profit,11667.529472220815,11530.029472220815,False,
40,100000.0,BTC_june,long,2025-06-22 14:00:00+00:00,2025-06-22 15:00:00+00:00,0.84,0.9995,500.0,79.75000000000004,9928.713631549585,convergence,11747.279472220815,11667.529472220815,False,
41,95000.0,BTC_june,long,2025-06-22 15:00:00+00:00,2025-06-23 03:00:00+00:00,0.475,0.295,500.0,-90.0,9784.963631549585,stop_loss,11657.279472220815,11747.279472220815,False,
42,90000.0,BTC_june,long,2025-06-22 16:00:00+00:00,2025-06-23 01:00:00+00:00,0.232,0.1245,500.0,-53.75000000000001,9874.963631549585,stop_loss,11603.529472220815,11657.279472220815,False,
43,115000.0,BTC_june,long,2025-06-23 01:00:00+00:00,2025-06-23 07:00:00+00:00,0.0535,0.0335,500.0,-9.999999999999998,9774.963631549585,stop_loss,11593.529472220815,11603.529472220815,False,
44,95000.0,BTC_june,long,2025-06-23 03:00:00+00:00,2025-06-23 19:00:00+00:00,0.295,0.175,500.0,-60.0,9690.213631549585,stop_loss,11533.529472220815,11593.529472220815,False,
45,90000.0,BTC_june,long,2025-06-23 07:00:00+00:00,2025-06-23 18:00:00+00:00,0.1255,0.076,500.0,-24.75,9750.213631549585,stop_loss,11508.779472220815,11533.529472220815,False,
46,115000.0,BTC_june,long,2025-06-23 18:00:00+00:00,2025-06-23 21:00:00+00:00,0.052,0.077,500.0,12.5,9702.713631549585,take_profit,11521.279472220815,11508.779472220815,False,
47,95000.0,BTC_june,long,2025-06-23 19:00:00+00:00,2025-06-23 23:00:00+00:00,0.175,0.095,500.0,-39.99999999999999,9662.713631549585,stop_loss,11481.279472220815,11521.279472220815,False,
48,90000.0,BTC_june,long,2025-06-23 21:00:00+00:00,2025-06-24 06:00:00+00:00,0.053,0.0285,500.0,-12.249999999999998,9650.463631549585,stop_loss,11469.029472220815,11481.279472220815,False,
49,95000.0,BTC_june,long,2025-06-23 23:00:00+00:00,2025-06-24 21:00:00+00:00,0.095,0.055,500.0,-20.0,9630.463631549585,stop_loss,11449.029472220815,11469.029472220815,False,
50,115000.0,BTC_june,long,2025-06-24 06:00:00+00:00,2025-06-25 06:00:00+00:00,0.115,0.073,500.0,-21.000000000000004,9609.463631549585,stop_loss,11428.029472220815,11449.029472220815,False,
51,95000.0,BTC_june,long,2025-06-24 21:00:00+00:00,2025-06-25 11:00:00+00:00,0.055,0.0345,500.0,-10.249999999999998,9599.213631549585,stop_loss,11417.779472220815,11428.029472220815,False,
52,115000.0,BTC_june,long,2025-06-25 06:00:00+00:00,2025-06-25 14:00:00+00:00,0.073,0.162,500.0,44.50000000000001,9643.713631549585,take_profit,11462.279472220815,11417.779472220815,False,
53,115000.0,BTC_june,long,2025-06-25 14:00:00+00:00,2025-06-25 16:00:00+00:00,0.162,0.0835,500.0,-39.25,9604.463631549585,stop_loss,11423.029472220815,11462.279472220815,False,
54,115000.0,BTC_june,long,2025-06-25 16:00:00+00:00,2025-06-26 14:00:00+00:00,0.0835,0.047,500.0,-18.250000000000004,9586.213631549585,stop_loss,11404.779472220815,11423.029472220815,False,
55,115000.0,BTC_june,long,2025-06-26 15:00:00+00:00,2025-06-27 00:00:00+00:00,0.0635,0.0335,500.0,-15.0,9571.213631549585,stop_loss,11389.779472220815,11404.779472220815,False,
1,100000.0,BTC_july,short,2025-06-30 19:00:00+00:00,2025-06-30 21:00:00+00:00,0.5,0.475,305.03146822677326,7.625786705669338,10007.62578670567,convergence,11397.405258926485,11389.779472220815,False,
2,115000.0,BTC_july,short,2025-06-30 20:00:00+00:00,2025-06-30 22:00:00+00:00,0.525,0.47,253.94691848263972,13.967080516545197,10021.592867222216,convergence,11411.37233944303,11397.405258926485,False,
3,110000.0,BTC_july,short,2025-06-30 21:00:00+00:00,2025-07-01 00:00:00+00:00,0.83,0.805,289.64425480418294,7.241106370104547,10028.83397359232,convergence,11418.613445813135,11411.37233944303,False,
4,100000.0,BTC_july,short,2025-06-30 23:00:00+00:00,2025-07-01 18:00:00+00:00,0.515,0.555,245.10987441083967,-9.804394976433596,10032.953520201861,convergence,11408.8090508367,11418.613445813135,False,
5,120000.0,BTC_july,short,2025-07-01 00:00:00+00:00,2025-07-01 02:00:00+00:00,0.27,0.245,185.45899200290893,4.636474800072727,10033.470448392392,convergence,11413.445525636773,11408.8090508367,False,
6,110000.0,BTC_july,short,2025-07-01 02:00:00+00:00,2025-07-01 05:00:00+00:00,0.815,0.775,232.18666964757188,9.287466785902858,10042.757915178296,convergence,11422.732992422676,11413.445525636773,False,
7,115000.0,BTC_july,short,2025-07-01 05:00:00+00:00,2025-07-02 08:00:00+00:00,0.46,0.47,218.01843228247228,-2.1801843228247124,10045.752920145753,convergence,11420.552808099852,11422.732992422676,False,
8,120000.0,BTC_july,short,2025-07-01 18:00:00+00:00,2025-07-01 20:00:00+00:00,0.225,0.205,264.7310162420121,5.294620324840247,10038.2481405267,convergence,11425.847428424691,11420.552808099852,False,
9,100000.0,BTC_july,short,2025-07-01 20:00:00+00:00,2025-07-02 00:00:00+00:00,0.605,0.58,387.39855767504037,9.684963941876017,10047.933104468577,convergence,11435.532392366567,11425.847428424691,False,
10,110000.0,BTC_july,short,2025-07-02 00:00:00+00:00,2025-07-02 08:00:00+00:00,0.715,0.795,435.3568817506335,-34.828550540050706,10010.924369605702,convergence,11400.703841826517,11435.532392366567,False,
11,100000.0,BTC_july,short,2025-07-02 08:00:00+00:00,2025-07-02 20:00:00+00:00,0.485,0.385,354.96415926577356,35.49641592657735,10067.03941984864,convergence,11436.200257753093,11400.703841826517,False,
12,115000.0,BTC_july,short,2025-07-02 09:00:00+00:00,2025-07-02 14:00:00+00:00,0.505,0.5,262.0629358482458,1.3103146792412301,10012.234684284944,convergence,11437.510572432335,11436.200257753093,False,
13,110000.0,BTC_july,long,2025-07-02 15:00:00+00:00,2025-07-02 17:00:00+00:00,0.85,0.945,191.7110647921929,18.21255115525832,10030.447235440202,convergence,11455.723123587593,11437.510572432335,False,
14,115000.0,BTC_july,short,2025-07-02 17:00:00+00:00,2025-07-02 18:00:00+00:00,0.61,0.605,219.15369637190932,1.0957684818595477,10031.543003922063,convergence,11456.818892069454,11455.723123587593,False,
15,115000.0,BTC_july,short,2025-07-02 20:00:00+00:00,2025-07-02 21:00:00+00:00,0.62,0.595,269.9527210202333,6.748818025505838,10073.788237874145,convergence,11463.56771009496,11456.818892069454,False,
16,100000.0,BTC_july,short,2025-07-02 21:00:00+00:00,2025-07-02 22:00:00+00:00,0.41,0.395,290.8119911134295,4.36217986670143,10078.150417740846,convergence,11467.92988996166,11463.56771009496,False,
17,115000.0,BTC_july,short,2025-07-02 22:00:00+00:00,2025-07-03 00:00:00+00:00,0.6,0.565,190.11225439904393,6.653928903966544,10084.804346644813,convergence,11474.583818865627,11467.92988996166,False,
18,120000.0,BTC_july,short,2025-07-02 23:00:00+00:00,2025-07-03 00:00:00+00:00,0.335,0.315,243.41253291924147,4.8682506583848335,10089.672597303197,convergence,11479.452069524012,11474.583818865627,False,
19,100000.0,BTC_july,short,2025-07-03 00:00:00+00:00,2025-07-03 07:00:00+00:00,0.415,0.39,197.44603427464358,4.936150856866083,10099.738061476299,convergence,11484.388220380877,11479.452069524012,False,
20,115000.0,BTC_july,short,2025-07-03 02:00:00+00:00,2025-07-03 05:00:00+00:00,0.58,0.56,256.46566581180497,5.129313316236075,10094.801910619433,convergence,11489.517533697113,11484.388220380877,False,
21,110000.0,BTC_july,long,2025-07-03 05:00:00+00:00,2025-07-03 07:00:00+00:00,0.883,0.9435,286.2541919054066,17.3183786102771,10117.056440086575,convergence,11506.83591230739,11489.517533697113,False,
22,100000.0,BTC_july,short,2025-07-03 08:00:00+00:00,2025-07-03 14:00:00+00:00,0.395,0.34,208.33675461134916,11.458521503624203,10143.227136398324,convergence,11518.294433811014,11506.83591230739,False,
23,110000.0,BTC_july,long,2025-07-03 09:00:00+00:00,2025-07-03 10:00:00+00:00,0.941,0.9995,251.49016766023428,14.712174808123732,10131.7686148947,convergence,11533.006608619138,11518.294433811014,False,
24,115000.0,BTC_july,short,2025-07-03 12:00:00+00:00,2025-07-03 17:00:00+00:00,0.615,0.585,202.15596155989627,6.064678846796894,10153.984170174894,convergence,11539.071287465935,11533.006608619138,False,
25,120000.0,BTC_july,short,2025-07-03 15:00:00+00:00,2025-07-03 16:00:00+00:00,0.33,0.305,187.69419719091601,4.692354929772905,10147.919491328097,convergence,11543.763642395708,11539.071287465935,False,
26,100000.0,BTC_july,short,2025-07-03 16:00:00+00:00,2025-07-03 21:00:00+00:00,0.375,0.335,203.28101918061853,8.131240767224737,10162.115410942119,convergence,11551.894883162933,11543.763642395708,False,
27,115000.0,BTC_july,short,2025-07-03 22:00:00+00:00,2025-07-05 23:00:00+00:00,0.615,0.515,189.71273573665894,18.97127357366589,10214.665715221745,max_hold,11570.8661567366,11551.894883162933,False,
28,120000.0,BTC_july,short,2025-07-04 04:00:00+00:00,2025-07-04 05:00:00+00:00,0.315,0.295,198.96493256738054,3.9792986513476145,10166.094709593466,convergence,11574.845455387947,11570.8661567366,False,
29,120000.0,BTC_july,short,2025-07-04 07:00:00+00:00,2025-07-04 16:00:00+00:00,0.305,0.235,219.52223374350353,15.366556362045248,10181.461265955511,convergence,11590.212011749993,11574.845455387947,False,
30,100000.0,BTC_july,short,2025-07-04 17:00:00+00:00,2025-07-04 18:00:00+00:00,0.445,0.43,243.5067803446915,3.6526017051703756,10185.113867660682,convergence,11593.864613455164,11590.212011749993,False,
31,120000.0,BTC_july,short,2025-07-04 18:00:00+00:00,2025-07-04 20:00:00+00:00,0.25,0.235,192.88299750600174,2.8932449625900287,10188.007112623272,convergence,11596.757858417754,11593.864613455164,False,
32,100000.0,BTC_july,short,2025-07-04 20:00:00+00:00,2025-07-04 23:00:00+00:00,0.465,0.43,219.63797213729362,7.687329024805283,10195.694441648078,convergence,11604.44518744256,11596.757858417754,False,
33,100000.0,BTC_july,short,2025-07-05 00:00:00+00:00,2025-07-07 01:00:00+00:00,0.43,0.37,188.512368102936,11.310742086176159,10225.976457307921,max_hold,11615.755929528736,11604.44518744256,False,
34,115000.0,BTC_july,short,2025-07-05 23:00:00+00:00,2025-07-08 00:00:00+00:00,0.515,0.48,408.8822234745618,14.310877821609676,10240.287335129531,max_hold,11630.066807350346,11615.755929528736,False,
35,100000.0,BTC_july,short,2025-07-07 01:00:00+00:00,2025-07-08 01:00:00+00:00,0.37,0.37,313.61221398602197,-0.0,10240.287335129531,convergence,11630.066807350346,11630.066807350346,False,
36,115000.0,BTC_july,short,2025-07-08 00:00:00+00:00,2025-07-09 16:00:00+00:00,0.48,0.5,254.97043512590153,-5.099408702518035,10283.343352252468,convergence,11624.967398647828,11630.066807350346,False,
37,120000.0,BTC_july,short,2025-07-08 01:00:00+00:00,2025-07-08 05:00:00+00:00,0.23,0.23,216.28297249643322,-0.0,10240.287335129531,convergence,11624.967398647828,11624.967398647828,False,
38,100000.0,BTC_july,short,2025-07-08 05:00:00+00:00,2025-07-08 14:00:00+00:00,0.38,0.31,306.8559636281291,21.479917453969037,10261.7672525835,convergence,11646.447316101798,11624.967398647828,False,
39,120000.0,BTC_july,short,2025-07-08 14:00:00+00:00,2025-07-08 17:00:00+00:00,0.255,0.205,311.3146967759657,15.565734838798289,10277.332987422298,convergence,11662.013050940595,11646.447316101798,False,
40,100000.0,BTC_july,short,2025-07-08 17:00:00+00:00,2025-07-09 03:00:00+00:00,0.33,0.305,352.46721007160966,8.81168025179025,10286.144667674089,convergence,11670.824731192386,11662.013050940595,False,
41,120000.0,BTC_july,short,2025-07-09 03:00:00+00:00,2025-07-09 05:00:00+00:00,0.215,0.205,229.80932808963487,2.298093280896351,10288.442760954986,convergence,11673.122824473283,11670.824731192386,False,
42,100000.0,BTC_july,short,2025-07-09 05:00:00+00:00,2025-07-09 20:00:00+00:00,0.325,0.195,298.9551897439671,38.86417466671572,10322.207526919185,convergence,11711.98699914,11673.122824473283,False,
43,115000.0,BTC_july,short,2025-07-09 17:00:00+00:00,2025-07-09 21:00:00+00:00,0.54,0.61,500.0,-34.99999999999998,10287.207526919185,convergence,11676.98699914,11711.98699914,False,
44,120000.0,BTC_july,short,2025-07-09 20:00:00+00:00,2025-07-09 21:00:00+00:00,0.37,0.3,375.93489801716413,26.315442861201493,10313.522969780386,convergence,11703.3024420012,11676.98699914,False,
45,120000.0,BTC_july,short,2025-07-09 23:00:00+00:00,2025-07-10 01:00:00+00:00,0.36,0.32,265.45397886830125,10.618159154732044,10324.141128935118,convergence,11713.920601155933,11703.3024420012,False,
46,100000.0,BTC_july,short,2025-07-10 01:00:00+00:00,2025-07-10 02:00:00+00:00,0.22,0.205,216.3757372035189,3.2456360580527863,10327.38676499317,convergence,11717.166237213985,11713.920601155933,False,
47,120000.0,BTC_july,short,2025-07-10 02:00:00+00:00,2025-07-10 06:00:00+00:00,0.365,0.33,238.45134575138772,8.345797101298565,10335.73256209447,convergence,11725.512034315285,11717.166237213985,False,
48,115000.0,BTC_july,short,2025-07-10 03:00:00+00:00,2025-07-10 06:00:00+00:00,0.685,0.665,250.74688861652294,5.014937772330463,10340.7474998668,convergence,11730.526972087615,11725.512034315285,False,
49,115000.0,BTC_july,short,2025-07-10 07:00:00+00:00,2025-07-10 08:00:00+00:00,0.69,0.665,192.70500296173597,4.817625074043383,10345.565124940844,convergence,11735.344597161658,11730.526972087615,False,
50,120000.0,BTC_july,short,2025-07-10 12:00:00+00:00,2025-07-10 14:00:00+00:00,0.33,0.31,218.78720628645675,4.375744125729139,10349.940869066573,convergence,11739.720341287388,11735.344597161658,False,
51,100000.0,BTC_july,short,2025-07-10 14:00:00+00:00,2025-07-10 22:00:00+00:00,0.215,0.105,193.3830293422045,21.272133227642495,10466.213002294216,take_profit,11760.992474515031,11739.720341287388,False,
52,115000.0,BTC_july,long,2025-07-10 16:00:00+00:00,2025-07-10 18:00:00+00:00,0.66,0.85,500.0,94.99999999999997,10444.940869066573,convergence,11855.992474515031,11760.992474515031,False,
53,120000.0,BTC_july,long,2025-07-10 21:00:00+00:00,2025-07-10 22:00:00+00:00,0.46,0.675,500.0,107.50000000000001,10573.713002294216,take_profit,11963.492474515031,11855.992474515031,False,
54,130000.0,BTC_july,short,2025-07-10 22:00:00+00:00,2025-07-10 23:00:00+00:00,0.1905,0.158,248.02238755044286,8.060727595389393,10581.773729889606,convergence,11971.55320211042,11963.492474515031,False,
55,120000.0,BTC_july,long,2025-07-11 05:00:00+00:00,2025-07-11 06:00:00+00:00,0.73,0.805,314.58048489407616,23.593536367055734,10605.367266256662,convergence,11995.146738477477,11971.55320211042,False,
56,130000.0,BTC_july,short,2025-07-11 06:00:00+00:00,2025-07-12 09:00:00+00:00,0.2215,0.1955,252.22287797744343,6.557794827413528,10636.522252789313,convergence,12001.70453330489,11995.146738477477,False,
57,120000.0,BTC_july,long,2025-07-11 09:00:00+00:00,2025-07-11 12:00:00+00:00,0.805,0.8,255.74274894163585,-1.2787137447081804,10604.088552511954,convergence,12000.425819560181,12001.70453330489,False,
58,120000.0,BTC_july,short,2025-07-11 15:00:00+00:00,2025-07-11 16:00:00+00:00,0.785,0.725,431.26509083243144,25.87590544994591,10629.9644579619,convergence,12026.301725010127,12000.425819560181,False,
59,125000.0,BTC_july,short,2025-07-11 16:00:00+00:00,2025-07-13 12:00:00+00:00,0.44,0.455,424.1601894985018,-6.3624028424775325,10631.548568878989,convergence,12019.93932216765,12026.301725010127,False,
60,130000.0,BTC_july,short,2025-07-12 10:00:00+00:00,2025-07-13 11:00:00+00:00,0.204,0.1975,213.64906648513565,1.388718932153377,10637.910971721467,convergence,12021.328041099803,12019.93932216765,False,
61,125000.0,BTC_july,short,2025-07-13 14:00:00+00:00,2025-07-14 03:00:00+00:00,0.52,0.57,242.72390987953526,-12.136195493976746,10634.064474207542,convergence,12009.191845605827,12021.328041099803,False,
62,130000.0,BTC_july,short,2025-07-13 15:00:00+00:00,2025-07-13 23:00:00+00:00,0.2495,0.2245,215.95150355097743,5.398787588774435,10636.947356467763,convergence,12014.5906331946,12009.191845605827,False,
63,120000.0,BTC_july,long,2025-07-13 23:00:00+00:00,2025-07-14 00:00:00+00:00,0.855,0.895,231.33283084391473,9.253313233756598,10646.200669701519,convergence,12023.843946428357,12014.5906331946,False,
64,120000.0,BTC_july,long,2025-07-14 02:00:00+00:00,2025-07-14 04:00:00+00:00,0.91,0.9995,255.16933646566068,22.837655613676638,10656.90212982122,convergence,12046.681602042034,12023.843946428357,False,
65,125000.0,BTC_july,long,2025-07-14 05:00:00+00:00,2025-07-14 07:00:00+00:00,0.715,0.785,198.45471715190112,13.891830200633091,10670.793960021852,convergence,12060.573432242667,12046.681602042034,False,
66,130000.0,BTC_july,short,2025-07-14 06:00:00+00:00,2025-07-14 07:00:00+00:00,0.464,0.433,457.88029902549755,14.194289269790437,10684.988249291642,convergence,12074.767721512457,12060.573432242667,False,
67,130000.0,BTC_july,short,2025-07-14 08:00:00+00:00,2025-07-15 02:00:00+00:00,0.4765,0.2435,500.0,116.49999999999999,10801.488249291642,take_profit,12191.267721512457,12074.767721512457,False,
68,125000.0,BTC_july,short,2025-07-14 09:00:00+00:00,2025-07-15 08:00:00+00:00,0.805,0.405,500.0,200.0,11001.488249291642,take_profit,12391.267721512457,12191.267721512457,False,
69,130000.0,BTC_july,short,2025-07-15 02:00:00+00:00,2025-07-17 03:00:00+00:00,0.2435,0.1995,359.53253587120236,15.819431578332898,10944.807680869975,max_hold,12407.08715309079,12391.267721512457,False,
70,125000.0,BTC_july,short,2025-07-15 08:00:00+00:00,2025-07-16 16:00:00+00:00,0.405,0.55,500.0,-72.50000000000001,10928.988249291642,stop_loss,12334.58715309079,12407.08715309079,False,
71,125000.0,BTC_july,short,2025-07-16 16:00:00+00:00,2025-07-17 21:00:00+00:00,0.55,0.515,500.0,17.500000000000014,10962.307680869975,convergence,12352.08715309079,12334.58715309079,False,
72,130000.0,BTC_july,short,2025-07-17 03:00:00+00:00,2025-07-17 21:00:00+00:00,0.1995,0.2225,482.925916477763,-11.107296078988545,10951.200384790987,convergence,12340.979857011802,12352.08715309079,False,
73,140000.0,BTC_july,short,2025-07-17 22:00:00+00:00,2025-07-18 01:00:00+00:00,0.0745,0.0555,224.22958502551197,4.260362115484726,10955.460746906472,convergence,12345.240219127287,12340.979857011802,False,
74,125000.0,BTC_july,short,2025-07-17 23:00:00+00:00,2025-07-20 00:00:00+00:00,0.57,0.365,500.0,102.49999999999999,11106.497226719794,max_hold,12447.740219127287,12345.240219127287,False,
75,130000.0,BTC_july,short,2025-07-18 01:00:00+00:00,2025-07-19 15:00:00+00:00,0.259,0.1385,402.79236359602453,48.53647981332095,11003.997226719794,take_profit,12496.276698940608,12447.740219127287,False,
76,130000.0,BTC_july,short,2025-07-19 15:00:00+00:00,2025-07-20 03:00:00+00:00,0.1385,0.11,384.198707707187,10.949663169654833,11117.446889889448,convergence,12507.226362110263,12496.276698940608,False,
77,125000.0,BTC_july,short,2025-07-20 00:00:00+00:00,2025-07-22 01:00:00+00:00,0.365,0.275,500.0,44.999999999999986,11171.145049348597,max_hold,12552.226362110263,12507.226362110263,False,
78,130000.0,BTC_july,short,2025-07-20 05:00:00+00:00,2025-07-20 10:00:00+00:00,0.1175,0.109,258.14135242954245,2.194201495651109,11119.6410913851,convergence,12554.420563605914,12552.226362110263,False,
79,130000.0,BTC_july,short,2025-07-20 11:00:00+00:00,2025-07-20 13:00:00+00:00,0.115,0.1195,218.05177993026956,-0.9812330096862109,11118.659858375413,convergence,12553.439330596228,12554.420563605914,False,
80,130000.0,BTC_july,short,2025-07-20 15:00:00+00:00,2025-07-21 02:00:00+00:00,0.138,0.1015,205.07372529273346,7.485190973184772,11126.145049348597,convergence,12560.924521569412,12553.439330596228,False,
81,130000.0,BTC_july,short,2025-07-21 04:00:00+00:00,2025-07-22 01:00:00+00:00,0.1275,0.0915,236.7207733315121,8.521947839934437,11179.666997188531,convergence,12569.446469409346,12560.924521569412,False,
82,125000.0,BTC_july,short,2025-07-22 01:00:00+00:00,2025-07-22 11:00:00+00:00,0.275,0.375,500.0,-49.999999999999986,11136.501116138483,stop_loss,12519.446469409346,12569.446469409346,False,
83,130000.0,BTC_july,short,2025-07-22 02:00:00+00:00,2025-07-22 05:00:00+00:00,0.1005,0.0705,227.80396499836877,6.834118949951066,11186.501116138483,convergence,12526.280588359297,12519.446469409346,False,
84,130000.0,BTC_july,short,2025-07-22 07:00:00+00:00,2025-07-22 12:00:00+00:00,0.089,0.136,250.6150085946521,-11.778905403948652,11124.722210734533,stop_loss,12514.501682955348,12526.280588359297,False,
85,125000.0,BTC_july,short,2025-07-22 11:00:00+00:00,2025-07-24 12:00:00+00:00,0.375,0.255,500.0,60.0,11228.51277627769,max_hold,12574.501682955348,12514.501682955348,False,
86,130000.0,BTC_july,short,2025-07-22 12:00:00+00:00,2025-07-23 11:00:00+00:00,0.136,0.063,475.65645058796173,34.72292089292121,11159.445131627455,take_profit,12609.22460384827,12574.501682955348,False,
87,130000.0,BTC_july,short,2025-07-23 12:00:00+00:00,2025-07-23 14:00:00+00:00,0.0695,0.054,223.67297587607698,3.466931126079195,11162.912062753534,convergence,12612.691534974349,12609.22460384827,False,
88,130000.0,BTC_july,short,2025-07-23 16:00:00+00:00,2025-07-24 07:00:00+00:00,0.064,0.041,243.50928365894652,5.60071352415577,11168.51277627769,convergence,12618.292248498505,12612.691534974349,False,
89,130000.0,BTC_july,short,2025-07-24 09:00:00+00:00,2025-07-24 14:00:00+00:00,0.061,0.0505,253.77045181271484,2.6645897440335045,11231.177366021724,convergence,12620.956838242539,12618.292248498505,False,
90,125000.0,BTC_july,short,2025-07-24 12:00:00+00:00,2025-07-25 04:00:00+00:00,0.255,0.135,500.0,60.0,11291.177366021724,take_profit,12680.956838242539,12620.956838242539,False,
91,130000.0,BTC_july,short,2025-07-24 15:00:00+00:00,2025-07-25 04:00:00+00:00,0.0635,0.0245,260.9803011398381,10.178231744453687,11301.355597766178,take_profit,12691.135069986993,12680.956838242539,False,
92,105000.0,BTC_july,short,2025-07-25 04:00:00+00:00,2025-07-25 07:00:00+00:00,0.115,0.085,500.0,15.0,11316.355597766178,end_of_data,12706.135069986993,12691.135069986993,False,
93,125000.0,BTC_july,short,2025-07-25 05:00:00+00:00,2025-07-25 07:00:00+00:00,0.15,0.13,500.0,9.999999999999995,11326.355597766178,end_of_data,12716.135069986993,12706.135069986993,False,
