unix_sec,timestamp,poly_prob,barrier_prob,F,divergence
1748638808.0,2025-05-30 21:00:00+00:00,0.7,0.7493054032082425,104118.16,-0.049305403208242504
1748642407.0,2025-05-30 22:00:00+00:00,0.7,0.749157982983254,104118.16,-0.04915798298325402
1748646008.0,2025-05-30 23:00:00+00:00,0.74,0.7490102853073823,104118.16,-0.009010285307382349
1748649607.0,2025-05-31 00:00:00+00:00,0.74,0.7470643785155806,104156.37,-0.007064378515580616
1748653209.0,2025-05-31 01:00:00+00:00,0.75,0.7767931229472115,103625.63,-0.02679312294721148
1748656807.0,2025-05-31 02:00:00+00:00,0.785,0.7984632310849162,103274.34,-0.013463231084916205
1748660407.0,2025-05-31 03:00:00+00:00,0.805,0.7983425866047675,103274.34,0.006657413395232514
1748664008.0,2025-05-31 04:00:00+00:00,0.795,0.7745584604335798,103754.63,0.020441539566420253
1748667608.0,2025-05-31 05:00:00+00:00,0.775,0.7744239826912398,103754.63,0.0005760173087602238
1748671206.0,2025-05-31 06:00:00+00:00,0.78,0.7724296589982229,103789.84,0.0075703410017771144
1748674807.0,2025-05-31 07:00:00+00:00,0.77,0.7722936175165048,103789.84,-0.002293617516504809
1748678407.0,2025-05-31 08:00:00+00:00,0.775,0.7681606563148122,103839.56,0.006839343685187793
1748682007.0,2025-05-31 09:00:00+00:00,0.775,0.7680217895122899,103839.56,0.006978210487710079
1748685607.0,2025-05-31 10:00:00+00:00,0.77,0.7678826563285267,103839.56,0.002117343671473315
1748689206.0,2025-05-31 11:00:00+00:00,0.785,0.7841980803272324,103540.69,0.0008019196727676592
1748692807.0,2025-05-31 12:00:00+00:00,0.785,0.782966229010883,103564.38,0.0020337709891170563
1748696408.0,2025-05-31 13:00:00+00:00,0.755,0.7480879215618943,104176.47,0.0069120784381057065
1748700008.0,2025-05-31 14:00:00+00:00,0.735,0.7295363928956582,104488.38,0.005463607104341794
1748703607.0,2025-05-31 15:00:00+00:00,0.72,0.7293746750268679,104488.38,-0.009374675026867951
1748707207.0,2025-05-31 16:00:00+00:00,0.785,0.7292126476277411,104488.38,0.05578735237225896
1748710806.0,2025-05-31 17:00:00+00:00,0.73,0.729050309706492,104488.38,0.0009496902935079987
1748714407.0,2025-05-31 18:00:00+00:00,0.745,0.7288876602668797,104488.38,0.016112339733120318
1748718007.0,2025-05-31 19:00:00+00:00,0.74,0.7287246983081832,104488.38,0.011275301691816786
1748721607.0,2025-05-31 20:00:00+00:00,0.725,0.7285614228251757,104488.38,-0.0035614228251756863
1748725206.0,2025-05-31 21:00:00+00:00,0.72,0.7283978328080973,104488.38,-0.00839783280809736
1748728806.0,2025-05-31 22:00:00+00:00,0.72,0.7282339272426301,104488.38,-0.008233927242630168
1748732407.0,2025-05-31 23:00:00+00:00,0.725,0.7162760247135997,104790.49,0.008723975286400232
1748736007.0,2025-06-01 00:00:00+00:00,0.725,0.716105112664083,104790.49,0.008894887335916923
1748739607.0,2025-06-01 01:00:00+00:00,0.74,0.7159338708618653,104790.49,0.024066129138134662
1748743206.0,2025-06-01 02:00:00+00:00,0.745,0.7157622982418899,104790.49,0.029237701758110135
1748746807.0,2025-06-01 03:00:00+00:00,0.755,0.7368860734673737,104381.44,0.018113926532626334
1748750407.0,2025-06-01 04:00:00+00:00,0.745,0.731113576804912,104517.19,0.013886423195088038
1748754006.0,2025-06-01 05:00:00+00:00,0.72,0.7309497885847107,104517.19,-0.01094978858471074
1748757607.0,2025-06-01 06:00:00+00:00,0.725,0.738136915859148,104358.93,-0.013136915859148002
1748761207.0,2025-06-01 07:00:00+00:00,0.75,0.7379765999180338,104358.93,0.012023400081966229
1748764807.0,2025-06-01 08:00:00+00:00,0.75,0.7378159697050094,104358.93,0.0121840302949906
1748768407.0,2025-06-01 09:00:00+00:00,0.75,0.7397646712185008,104297.81,0.010235328781499242
1748772006.0,2025-06-01 10:00:00+00:00,0.755,0.739604569170285,104297.81,0.015395430829714951
1748775606.0,2025-06-01 11:00:00+00:00,0.755,0.756849087432776,104026.08,-0.0018490874327760087
1748779207.0,2025-06-01 12:00:00+00:00,0.755,0.7566984684607191,104026.08,-0.0016984684607190825
1748782806.0,2025-06-01 13:00:00+00:00,0.76,0.7383641862734729,104398.91,0.02163581372652712
1748786407.0,2025-06-01 14:00:00+00:00,0.745,0.7224042362043465,104671.09,0.022595763795653534
1748790007.0,2025-06-01 15:00:00+00:00,0.725,0.7175730500772679,104761.42,0.0074269499227320734
1748793607.0,2025-06-01 16:00:00+00:00,0.715,0.7084831630438704,104868.46,0.00651683695612959
1748797207.0,2025-06-01 17:00:00+00:00,0.695,0.708303765465037,104868.46,-0.013303765465037087
1748800806.0,2025-06-01 18:00:00+00:00,0.695,0.7047729973534407,104906.76,-0.009772997353440727
1748804406.0,2025-06-01 19:00:00+00:00,0.71,0.6962225190425044,105068.57,0.013777480957495536
1748808007.0,2025-06-01 20:00:00+00:00,0.695,0.6944908114264947,105053.95,0.000509188573505237
1748811607.0,2025-06-01 21:00:00+00:00,0.7,0.672855116592351,105446.26,0.02714488340764898
1748815206.0,2025-06-01 22:00:00+00:00,0.675,0.6632700527773094,105619.45,0.011729947222690607
1748818806.0,2025-06-01 23:00:00+00:00,0.67,0.648841048968585,105884.43,0.021158951031415074
1748822406.0,2025-06-02 00:00:00+00:00,0.665,0.6486272836081626,105884.43,0.01637271639183746
1748826007.0,2025-06-02 01:00:00+00:00,0.675,0.6689377559806302,105454.7,0.0060622440193698335
1748829606.0,2025-06-02 02:00:00+00:00,0.68,0.6710565373908078,105356.5,0.00894346260919221
1748833206.0,2025-06-02 03:00:00+00:00,0.695,0.6930299423142077,104966.26,0.0019700576857922814
1748836806.0,2025-06-02 04:00:00+00:00,0.71,0.6907312050448879,104974.44,0.019268794955112023
1748840406.0,2025-06-02 05:00:00+00:00,0.71,0.6993460127305636,104823.3,0.010653987269436338
1748844006.0,2025-06-02 06:00:00+00:00,0.71,0.6896356388238618,104993.46,0.020364361176138157
1748847606.0,2025-06-02 07:00:00+00:00,0.695,0.6683043614301567,105395.07,0.02669563856984325
1748851207.0,2025-06-02 08:00:00+00:00,0.67,0.6676994663007734,105388.18,0.00230053369922667
1748854807.0,2025-06-02 09:00:00+00:00,0.675,0.6989071582112167,104827.18,-0.023907158211216695
1748858406.0,2025-06-02 10:00:00+00:00,0.725,0.7250635151882103,104358.56,-6.351518821035018e-05
1748862006.0,2025-06-02 11:00:00+00:00,0.73,0.7385059109553778,104119.37,-0.008505910955377782
1748865607.0,2025-06-02 12:00:00+00:00,0.745,0.7308313007651484,104215.56,0.014168699234851645
1748869206.0,2025-06-02 13:00:00+00:00,0.735,0.748607430527646,103904.92,-0.013607430527646014
1748872807.0,2025-06-02 14:00:00+00:00,0.755,0.7348390277353419,104128.19,0.020160972264658072
1748876405.0,2025-06-02 15:00:00+00:00,0.73,0.7160156580595263,104430.23,0.01398434194047371
1748880007.0,2025-06-02 16:00:00+00:00,0.705,0.7152837602282908,104389.12,-0.010283760228290806
1748883606.0,2025-06-02 17:00:00+00:00,0.715,0.7116003250581425,104457.6,0.0033996749418574446
1748887207.0,2025-06-02 18:00:00+00:00,0.695,0.7003512285605316,104663.0,-0.005351228560531607
1748890807.0,2025-06-02 19:00:00+00:00,0.7,0.7260218820669602,104217.19,-0.02602188206696021
1748894406.0,2025-06-02 20:00:00+00:00,0.705,0.6849036183829016,104911.2,0.02009638161709837
1748898007.0,2025-06-02 21:00:00+00:00,0.68,0.6847027762991976,104911.2,-0.004702776299197575
1748901607.0,2025-06-02 22:00:00+00:00,0.685,0.6386469583602118,105701.03,0.04635304163978826
1748905207.0,2025-06-02 23:00:00+00:00,0.635,0.6384200067956691,105701.03,-0.003420006795669117
1748908807.0,2025-06-03 00:00:00+00:00,0.625,0.6116068778627713,106225.11,0.013393122137228652
1748912406.0,2025-06-03 01:00:00+00:00,0.585,0.6113652169520671,106225.11,-0.026365216952067172
1748916006.0,2025-06-03 02:00:00+00:00,0.585,0.6189605634987771,106095.09,-0.033960563498777185
1748919607.0,2025-06-03 03:00:00+00:00,0.615,0.6448986268177022,105617.22,-0.029898626817702167
1748923207.0,2025-06-03 04:00:00+00:00,0.62,0.6635307613477747,105305.56,-0.04353076134777467
1748926807.0,2025-06-03 05:00:00+00:00,0.635,0.6615896951549166,105370.26,-0.026589695154916604
1748930407.0,2025-06-03 06:00:00+00:00,0.63,0.6613162297074311,105348.85,-0.03131622970743109
1748934006.0,2025-06-03 07:00:00+00:00,0.63,0.6602116360391905,105380.41,-0.030211636039190526
1748937605.0,2025-06-03 08:00:00+00:00,0.635,0.6774635872965344,105070.53,-0.04246358729653443
1748941206.0,2025-06-03 09:00:00+00:00,0.645,0.6730770670747095,105126.11,-0.028077067074709472
1748944806.0,2025-06-03 10:00:00+00:00,0.63,0.660388878557641,105295.94,-0.03038887855764094
1748948406.0,2025-06-03 11:00:00+00:00,0.635,0.6604457441098928,105291.71,-0.025445744109892754
1748952006.0,2025-06-03 12:00:00+00:00,0.635,0.6545233800506907,105362.71,-0.019523380050690653
1748955606.0,2025-06-03 13:00:00+00:00,0.63,0.6485788500798899,105459.49,-0.018578850079889908
1748959206.0,2025-06-03 14:00:00+00:00,0.62,0.6483522337005474,105459.49,-0.028352233700547402
1748962806.0,2025-06-03 15:00:00+00:00,0.565,0.648125151652635,105459.49,-0.08312515165263501
1748966406.0,2025-06-03 16:00:00+00:00,0.58,0.5982365149140294,106320.63,-0.018236514914029445
1748970006.0,2025-06-03 17:00:00+00:00,0.62,0.615104473476539,106011.06,0.004895526523461036
1748973606.0,2025-06-03 18:00:00+00:00,0.615,0.6115555453706116,106066.49,0.0034444546293883604
1748977206.0,2025-06-03 19:00:00+00:00,0.61,0.5892331306303287,106455.1,0.020766869369671315
1748980806.0,2025-06-03 20:00:00+00:00,0.595,0.5889728802281444,106455.1,0.006027119771855549
1748984406.0,2025-06-03 21:00:00+00:00,0.62,0.6341122062442547,105625.12,-0.014112206244254688
1748988006.0,2025-06-03 22:00:00+00:00,0.64,0.6338747281891499,105625.12,0.006125271810850097
1748991605.0,2025-06-03 23:00:00+00:00,0.625,0.6485072026560454,105400.34,-0.023507202656045445
1748995206.0,2025-06-04 00:00:00+00:00,0.645,0.6473030757984639,105413.61,-0.002303075798463894
1748998806.0,2025-06-04 01:00:00+00:00,0.645,0.6330482724776383,105650.05,0.011951727522361733
1749002407.0,2025-06-04 02:00:00+00:00,0.63,0.6273294268325229,105728.45,0.002670573167477097
1749006006.0,2025-06-04 03:00:00+00:00,0.635,0.6241275420199692,105714.27,0.01087245798003078
1749009606.0,2025-06-04 04:00:00+00:00,0.63,0.6295639268657419,105654.17,0.0004360731342580859
1749013206.0,2025-06-04 05:00:00+00:00,0.64,0.6362053771820613,105503.14,0.003794622817938742
1749016806.0,2025-06-04 06:00:00+00:00,0.645,0.6440966796103292,105397.95,0.0009033203896707809
1749020405.0,2025-06-04 07:00:00+00:00,0.645,0.6439312762197049,105386.32,0.0010687237802951
1749024006.0,2025-06-04 08:00:00+00:00,0.64,0.634995850947135,105533.27,0.005004149052865059
1749027606.0,2025-06-04 09:00:00+00:00,0.635,0.6161156333286477,105865.89,0.018884366671352293
1749031206.0,2025-06-04 10:00:00+00:00,0.615,0.616469686754491,105892.53,-0.0014696867544909953
1749034806.0,2025-06-04 11:00:00+00:00,0.625,0.6162177617403499,105892.53,0.008782238259650077
1749038406.0,2025-06-04 12:00:00+00:00,0.645,0.6619928001769371,105079.78,-0.01699280017693705
1749042006.0,2025-06-04 13:00:00+00:00,0.645,0.6579439082851338,105096.02,-0.01294390828513381
1749045606.0,2025-06-04 14:00:00+00:00,0.665,0.6601965912096153,105053.42,0.004803408790384767
1749049205.0,2025-06-04 15:00:00+00:00,0.645,0.6346169283068438,105457.58,0.01038307169315622
1749052806.0,2025-06-04 16:00:00+00:00,0.63,0.633937301898397,105462.46,-0.003937301898397028
1749056405.0,2025-06-04 17:00:00+00:00,0.62,0.6336925120587,105462.46,-0.013692512058700035
1749060006.0,2025-06-04 18:00:00+00:00,0.655,0.6521585325599903,105093.0,0.0028414674400096818
1749063606.0,2025-06-04 19:00:00+00:00,0.655,0.651923311225981,105093.0,0.0030766887740190096
1749067206.0,2025-06-04 20:00:00+00:00,0.655,0.6912966236843396,104524.29,-0.03629662368433961
1749070806.0,2025-06-04 21:00:00+00:00,0.655,0.6910842963773078,104524.29,-0.03608429637730781
1749074406.0,2025-06-04 22:00:00+00:00,0.655,0.690871504367661,104524.29,-0.035871504367660956
1749078006.0,2025-06-04 23:00:00+00:00,0.655,0.6906582459547256,104524.29,-0.035658245954725554
1749081606.0,2025-06-05 00:00:00+00:00,0.65,0.6629350245713324,104947.07,-0.012935024571332332
1749085206.0,2025-06-05 01:00:00+00:00,0.645,0.6520901066760962,105127.42,-0.0070901066760962195
1749088806.0,2025-06-05 02:00:00+00:00,0.66,0.6518523669008313,105127.42,0.008147633099168772
1749092406.0,2025-06-05 03:00:00+00:00,0.64,0.6572526623863328,105017.78,-0.01725266238633283
1749096005.0,2025-06-05 04:00:00+00:00,0.64,0.6463185921612029,105204.49,-0.006318592161202896
1749099606.0,2025-06-05 05:00:00+00:00,0.635,0.6460763106975507,105204.49,-0.011076310697550662
1749103206.0,2025-06-05 06:00:00+00:00,0.66,0.6900653558399599,104471.12,-0.03006535583995984
1749106806.0,2025-06-05 07:00:00+00:00,0.665,0.6852945153141548,104540.79,-0.020294515314154715
1749110406.0,2025-06-05 08:00:00+00:00,0.665,0.6766717715441009,104671.94,-0.011671771544100817
1749114006.0,2025-06-05 09:00:00+00:00,0.66,0.665862032959238,104839.24,-0.005862032959237928
1749117606.0,2025-06-05 10:00:00+00:00,0.64,0.6756067814114699,104682.49,-0.03560678141146989
1749121206.0,2025-06-05 11:00:00+00:00,0.655,0.6745552965597694,104649.73,-0.019555296559769397
1749124806.0,2025-06-05 12:00:00+00:00,0.64,0.6246467058018919,105499.36,0.015353294198108158
1749128405.0,2025-06-05 13:00:00+00:00,0.595,0.6880647231596084,104461.74,-0.09306472315960845
1749132006.0,2025-06-05 14:00:00+00:00,0.665,0.6900898534108928,104422.84,-0.02508985341089276
1749135606.0,2025-06-05 15:00:00+00:00,0.65,0.6693471646391079,104764.56,-0.019347164639107906
1749139206.0,2025-06-05 16:00:00+00:00,0.65,0.7380858673440809,103701.9,-0.08808586734408086
1749142806.0,2025-06-05 17:00:00+00:00,0.695,0.7705409626070123,103214.16,-0.07554096260701237
1749146407.0,2025-06-05 18:00:00+00:00,0.74,0.7780516315591881,103073.5,-0.038051631559188115
1749150006.0,2025-06-05 19:00:00+00:00,0.75,0.82833818524207,102360.98,-0.07833818524207004
1749153606.0,2025-06-05 20:00:00+00:00,0.825,0.9605025662289312,100535.76,-0.1355025662289312
1749157207.0,2025-06-05 21:00:00+00:00,0.955,0.9211627606501119,101077.03,0.033837239349888026
1749160807.0,2025-06-05 22:00:00+00:00,0.865,0.8922184628648491,101481.88,-0.02721846286484908
1749164406.0,2025-06-05 23:00:00+00:00,0.86,0.8737990307603776,101739.67,-0.013799030760377584
1749168006.0,2025-06-06 00:00:00+00:00,0.855,0.8737045654410405,101739.67,-0.018704565441040488
1749171607.0,2025-06-06 01:00:00+00:00,0.83,0.8736098752236419,101739.67,-0.0436098752236419
1749175206.0,2025-06-06 02:00:00+00:00,0.85,0.8735149592120435,101739.67,-0.023514959212043496
1749178806.0,2025-06-06 03:00:00+00:00,0.82,0.8169475095275706,102476.92,0.003052490472429392
1749182406.0,2025-06-06 04:00:00+00:00,0.805,0.8050170755834853,102639.54,-1.7075583485293144e-05
1749186007.0,2025-06-06 05:00:00+00:00,0.775,0.7803480041772077,102982.92,-0.00534800417720771
1749189607.0,2025-06-06 06:00:00+00:00,0.765,0.7681341026861657,103177.63,-0.003134102686165652
1749193205.0,2025-06-06 07:00:00+00:00,0.755,0.7578764335515337,103344.92,-0.0028764335515336636
1749196806.0,2025-06-06 08:00:00+00:00,0.75,0.7576965839674112,103344.92,-0.007696583967411241
1749200407.0,2025-06-06 09:00:00+00:00,0.725,0.7575163098812973,103344.92,-0.03251630988129728
1749204007.0,2025-06-06 10:00:00+00:00,0.73,0.7573356096169153,103344.92,-0.02733560961691528
1749207606.0,2025-06-06 11:00:00+00:00,0.715,0.711370271706327,104015.21,0.003629728293672918
1749211206.0,2025-06-06 12:00:00+00:00,0.705,0.7162037139094419,103928.75,-0.01120371390944197
1749214806.0,2025-06-06 13:00:00+00:00,0.71,0.7006732580111374,104134.72,0.00932674198886252
1749218406.0,2025-06-06 14:00:00+00:00,0.69,0.6849265498717287,104383.3,0.005073450128271206
1749222006.0,2025-06-06 15:00:00+00:00,0.64,0.6551293085107253,104808.1,-0.015129308510725248
1749225607.0,2025-06-06 16:00:00+00:00,0.625,0.6442813023713356,104976.8,-0.01928130237133563
1749229207.0,2025-06-06 17:00:00+00:00,0.655,0.66026968540914,104713.49,-0.005269685409139968
1749232807.0,2025-06-06 18:00:00+00:00,0.635,0.660020782451721,104713.49,-0.025020782451721013
1749236407.0,2025-06-06 19:00:00+00:00,0.67,0.6787398687060694,104421.06,-0.008739868706069354
1749240007.0,2025-06-06 20:00:00+00:00,0.685,0.6740733374306112,104470.68,0.0109266625693889
1749243607.0,2025-06-06 21:00:00+00:00,0.67,0.6698792335906817,104482.87,0.00012076640931835136
1749247207.0,2025-06-06 22:00:00+00:00,0.68,0.6729164899735401,104467.9,0.007083510026459905
1749250806.0,2025-06-06 23:00:00+00:00,0.66,0.6812599467904537,104339.43,-0.02125994679045362
1749254407.0,2025-06-07 00:00:00+00:00,0.675,0.6935491518415775,104153.64,-0.01854915184157746
1749258005.0,2025-06-07 01:00:00+00:00,0.655,0.693319103563996,104153.64,-0.03831910356399593
1749261606.0,2025-06-07 02:00:00+00:00,0.66,0.6930885075074223,104153.64,-0.033088507507422316
1749265207.0,2025-06-07 03:00:00+00:00,0.645,0.6928573614913721,104153.64,-0.0478573614913721
1749268807.0,2025-06-07 04:00:00+00:00,0.625,0.6533007459980481,104741.48,-0.028300745998048105
1749272406.0,2025-06-07 05:00:00+00:00,0.63,0.637737712072868,104971.19,-0.007737712072867997
1749276006.0,2025-06-07 06:00:00+00:00,0.62,0.6374691997899353,104971.19,-0.01746919978993533
1749279607.0,2025-06-07 07:00:00+00:00,0.585,0.6407318673077568,104950.48,-0.05573186730775681
1749283207.0,2025-06-07 08:00:00+00:00,0.595,0.6430766321993087,104925.62,-0.04807663219930869
1749286808.0,2025-06-07 09:00:00+00:00,0.625,0.6472570125403806,104849.07,-0.022257012540380594
1749290407.0,2025-06-07 10:00:00+00:00,0.615,0.6299237553866539,105129.22,-0.014923755386653914
1749294007.0,2025-06-07 11:00:00+00:00,0.595,0.6188691582879489,105310.49,-0.02386915828794889
1749297608.0,2025-06-07 12:00:00+00:00,0.595,0.6185862471717027,105310.49,-0.023586247171702768
1749301207.0,2025-06-07 13:00:00+00:00,0.57,0.6134728945855328,105417.28,-0.04347289458553283
1749304807.0,2025-06-07 14:00:00+00:00,0.57,0.6036910083298017,105566.34,-0.033691008329801764
1749308408.0,2025-06-07 15:00:00+00:00,0.58,0.6042764187553917,105558.79,-0.02427641875539177
1749312006.0,2025-06-07 16:00:00+00:00,0.575,0.6039827173014156,105558.79,-0.02898271730141566
1749315607.0,2025-06-07 17:00:00+00:00,0.58,0.6036883251404217,105558.79,-0.02368832514042174
1749319207.0,2025-06-07 18:00:00+00:00,0.57,0.5863679418275676,105821.22,-0.016367941827567623
1749322807.0,2025-06-07 19:00:00+00:00,0.565,0.5860620428741266,105821.22,-0.021062042874126607
1749326408.0,2025-06-07 20:00:00+00:00,0.565,0.5775031582403288,105933.13,-0.012503158240328882
1749330008.0,2025-06-07 21:00:00+00:00,0.55,0.5771910033648343,105933.13,-0.027191003364834265
1749333607.0,2025-06-07 22:00:00+00:00,0.56,0.5768781186055347,105933.13,-0.016878118605534675
1749337207.0,2025-06-07 23:00:00+00:00,0.56,0.58634067356204,105792.69,-0.02634067356203995
1749340807.0,2025-06-08 00:00:00+00:00,0.57,0.5860320409182084,105792.69,-0.016032040918208423
1749344407.0,2025-06-08 01:00:00+00:00,0.58,0.593791410850405,105682.38,-0.013791410850405028
1749348007.0,2025-06-08 02:00:00+00:00,0.565,0.5972528758191007,105594.91,-0.032252875819100746
1749351606.0,2025-06-08 03:00:00+00:00,0.58,0.5969490950674179,105594.91,-0.01694909506741793
1749355207.0,2025-06-08 04:00:00+00:00,0.585,0.5966445888088052,105594.91,-0.011644588808805256
1749358807.0,2025-06-08 05:00:00+00:00,0.575,0.5963393541539362,105594.91,-0.021339354153936285
1749362407.0,2025-06-08 06:00:00+00:00,0.58,0.5960333881974084,105594.91,-0.016033388197408405
1749366007.0,2025-06-08 07:00:00+00:00,0.575,0.5957266880176276,105594.91,-0.02072668801762767
1749369606.0,2025-06-08 08:00:00+00:00,0.575,0.5998461792162595,105498.75,-0.024846179216259534
1749373206.0,2025-06-08 09:00:00+00:00,0.575,0.5995406467856436,105498.75,-0.024540646785643605
1749376807.0,2025-06-08 10:00:00+00:00,0.58,0.5992343759433021,105498.75,-0.01923437594330213
1749380407.0,2025-06-08 11:00:00+00:00,0.565,0.5892085824142179,105689.52,-0.024208582414217972
1749384007.0,2025-06-08 12:00:00+00:00,0.555,0.5905213351134582,105640.9,-0.03552133511345812
1749387607.0,2025-06-08 13:00:00+00:00,0.545,0.5902079111092173,105640.9,-0.04520791110921729
1749391207.0,2025-06-08 14:00:00+00:00,0.555,0.5898937279779266,105640.9,-0.03489372797792656
1749394807.0,2025-06-08 15:00:00+00:00,0.545,0.5895787826546158,105640.9,-0.04457878265461579
1749398406.0,2025-06-08 16:00:00+00:00,0.53,0.5552053980579074,106228.42,-0.025205398057907336
1749402007.0,2025-06-08 17:00:00+00:00,0.51,0.5548690354102358,106228.42,-0.04486903541023579
1749405607.0,2025-06-08 18:00:00+00:00,0.52,0.5545318688388536,106228.42,-0.03453186883885362
1749409208.0,2025-06-08 19:00:00+00:00,0.51,0.5541938951470667,106228.42,-0.04419389514706673
1749412806.0,2025-06-08 20:00:00+00:00,0.51,0.5484975832794665,106349.68,-0.03849758327946651
1749416407.0,2025-06-08 21:00:00+00:00,0.51,0.5406672478820473,106465.54,-0.030667247882047333
1749420006.0,2025-06-08 22:00:00+00:00,0.5,0.5644134489954818,106103.24,-0.06441344899548185
1749423607.0,2025-06-08 23:00:00+00:00,0.535,0.5869380175456138,105698.55,-0.05193801754561378
1749427207.0,2025-06-09 00:00:00+00:00,0.54,0.5850392716952684,105733.28,-0.045039271695268335
1749430807.0,2025-06-09 01:00:00+00:00,0.535,0.5877076534509026,105678.77,-0.05270765345090256
1749434406.0,2025-06-09 02:00:00+00:00,0.545,0.5873850681040771,105678.77,-0.04238506810407705
1749438006.0,2025-06-09 03:00:00+00:00,0.54,0.5964680541436369,105525.02,-0.05646805414363687
1749441606.0,2025-06-09 04:00:00+00:00,0.53,0.5889959299861214,105613.59,-0.058995929986121354
1749445207.0,2025-06-09 05:00:00+00:00,0.525,0.5987900805135854,105457.92,-0.07379008051358538
1749448807.0,2025-06-09 06:00:00+00:00,0.53,0.5984719936700518,105457.92,-0.06847199367005175
1749452406.0,2025-06-09 07:00:00+00:00,0.515,0.584216618675865,105630.91,-0.06921661867586504
1749456007.0,2025-06-09 08:00:00+00:00,0.535,0.5656380319123876,105930.18,-0.030638031912387564
1749459607.0,2025-06-09 09:00:00+00:00,0.495,0.5188638287689995,106737.84,-0.023863828768999507
1749463206.0,2025-06-09 10:00:00+00:00,0.455,0.486094597349487,107338.88,-0.031094597349486996
1749466807.0,2025-06-09 11:00:00+00:00,0.44,0.46198851782654193,107774.28,-0.02198851782654193
1749470407.0,2025-06-09 12:00:00+00:00,0.405,0.4592925705574433,107779.11,-0.0542925705574433
1749474007.0,2025-06-09 13:00:00+00:00,0.405,0.46392719122656223,107668.22,-0.0589271912265622
1749477606.0,2025-06-09 14:00:00+00:00,0.445,0.46262740427108173,107653.17,-0.017627404271081726
1749481207.0,2025-06-09 15:00:00+00:00,0.395,0.4529861012984201,107820.2,-0.05798610129842008
1749484806.0,2025-06-09 16:00:00+00:00,0.395,0.45258397963951275,107820.2,-0.05758397963951273
1749488407.0,2025-06-09 17:00:00+00:00,0.395,0.4521809323052939,107820.2,-0.05718093230529386
1749492007.0,2025-06-09 18:00:00+00:00,0.345,0.4517769557950657,107820.2,-0.10677695579506574
1749495607.0,2025-06-09 19:00:00+00:00,0.355,0.45137204659000824,107820.2,-0.09637204659000825
1749499206.0,2025-06-09 20:00:00+00:00,0.345,0.4052918573542975,108717.4,-0.06029185735429754
1749502806.0,2025-06-09 21:00:00+00:00,0.345,0.34526203464561334,110040.16,-0.00026203464561336265
1749506406.0,2025-06-09 22:00:00+00:00,0.29,0.3523560219675146,109912.22,-0.06235602196751461
1749510007.0,2025-06-09 23:00:00+00:00,0.295,0.35192070319534313,109912.22,-0.05692070319534315
1749513606.0,2025-06-10 00:00:00+00:00,0.29,0.3497145354453575,110045.4,-0.05971453544535754
1749517206.0,2025-06-10 01:00:00+00:00,0.295,0.34927732740574086,110045.4,-0.05427732740574087
1749520806.0,2025-06-10 02:00:00+00:00,0.305,0.3642941188452412,109618.29,-0.05929411884524122
1749524407.0,2025-06-10 03:00:00+00:00,0.305,0.37310470019455994,109467.59,-0.06810470019455994
1749528006.0,2025-06-10 04:00:00+00:00,0.305,0.3726687510317428,109467.59,-0.0676687510317428
1749531607.0,2025-06-10 05:00:00+00:00,0.31,0.3749781223846078,109386.37,-0.06497812238460782
1749535207.0,2025-06-10 06:00:00+00:00,0.315,0.3745408222598665,109386.37,-0.05954082225986651
1749538807.0,2025-06-10 07:00:00+00:00,0.31,0.37928619576718114,109229.93,-0.06928619576718115
1749542407.0,2025-06-10 08:00:00+00:00,0.325,0.377349577385866,109264.14,-0.052349577385865986
1749546006.0,2025-06-10 09:00:00+00:00,0.33,0.3694563507974309,109352.53,-0.03945635079743087
1749549607.0,2025-06-10 10:00:00+00:00,0.305,0.3708734854046931,109351.04,-0.06587348540469312
1749553207.0,2025-06-10 11:00:00+00:00,0.315,0.35269009753605146,109764.99,-0.03769009753605146
1749556807.0,2025-06-10 12:00:00+00:00,0.315,0.3647306387139387,109585.07,-0.04973063871393868
1749560407.0,2025-06-10 13:00:00+00:00,0.315,0.36628579191423494,109523.1,-0.051285791914234935
1749564007.0,2025-06-10 14:00:00+00:00,0.325,0.4153414980836255,108577.83,-0.09034149808362552
1749567607.0,2025-06-10 15:00:00+00:00,0.375,0.3926805730268521,108998.79,-0.01768057302685211
1749571207.0,2025-06-10 16:00:00+00:00,0.35,0.39223891705003056,108998.79,-0.04223891705003058
1749574807.0,2025-06-10 17:00:00+00:00,0.37,0.39587030700563997,108867.34,-0.02587030700563997
1749578407.0,2025-06-10 18:00:00+00:00,0.37,0.37534836675733185,109311.11,-0.005348366757331857
1749582007.0,2025-06-10 19:00:00+00:00,0.325,0.3568767750705432,109725.87,-0.031876775070543206
1749585607.0,2025-06-10 20:00:00+00:00,0.325,0.35642401280358765,109725.87,-0.03142401280358764
1749589207.0,2025-06-10 21:00:00+00:00,0.3,0.3559702727584996,109725.87,-0.055970272758499584
1749592807.0,2025-06-10 22:00:00+00:00,0.315,0.34917254450091406,109840.03,-0.03417254450091406
1749596407.0,2025-06-10 23:00:00+00:00,0.32,0.33173425015491453,110239.03,-0.011734250154914527
1749600007.0,2025-06-11 00:00:00+00:00,0.295,0.33121842173746163,110241.12,-0.03621842173746165
1749603607.0,2025-06-11 01:00:00+00:00,0.305,0.35132605837841513,109776.71,-0.046326058378415136
1749607207.0,2025-06-11 02:00:00+00:00,0.315,0.3561763739726238,109611.74,-0.0411763739726238
1749610806.0,2025-06-11 03:00:00+00:00,0.31,0.3481601087678981,109737.07,-0.038160108767898104
1749614407.0,2025-06-11 04:00:00+00:00,0.315,0.35394392923462104,109652.33,-0.03894392923462103
1749618007.0,2025-06-11 05:00:00+00:00,0.315,0.35348234195378136,109652.33,-0.03848234195378136
1749621606.0,2025-06-11 06:00:00+00:00,0.315,0.3530197446456418,109652.33,-0.038019744645641784
1749625207.0,2025-06-11 07:00:00+00:00,0.32,0.3533567355804157,109659.32,-0.033356735580415686
1749628807.0,2025-06-11 08:00:00+00:00,0.32,0.352709795386616,109666.66,-0.032709795386616
1749632407.0,2025-06-11 09:00:00+00:00,0.32,0.3637853478631908,109335.69,-0.04378534786319077
1749636007.0,2025-06-11 10:00:00+00:00,0.335,0.36193855422496635,109431.49,-0.026938554224966327
1749639607.0,2025-06-11 11:00:00+00:00,0.315,0.37136207976799207,109220.24,-0.05636207976799207
1749643207.0,2025-06-11 12:00:00+00:00,0.33,0.34994366159761237,109604.41,-0.01994366159761235
1749646807.0,2025-06-11 13:00:00+00:00,0.305,0.362821893298358,109390.56,-0.05782189329835802
1749650408.0,2025-06-11 14:00:00+00:00,0.31,0.3329072052199323,110040.59,-0.02290720521993228
1749654008.0,2025-06-11 15:00:00+00:00,0.29,0.34237520344424976,109771.83,-0.052375203444249785
1749657607.0,2025-06-11 16:00:00+00:00,0.295,0.34190149445333107,109771.83,-0.04690149445333108
1749661207.0,2025-06-11 17:00:00+00:00,0.315,0.3761172484967476,109002.14,-0.0611172484967476
1749664807.0,2025-06-11 18:00:00+00:00,0.325,0.3863752762129734,108788.95,-0.061375276212973395
1749668407.0,2025-06-11 19:00:00+00:00,0.33,0.37551476226004477,108923.5,-0.04551476226004475
1749672008.0,2025-06-11 20:00:00+00:00,0.33,0.37875375302609593,108846.01,-0.048753753026095914
1749675606.0,2025-06-11 21:00:00+00:00,0.315,0.3839857083348178,108676.48,-0.06898570833481782
1749679208.0,2025-06-11 22:00:00+00:00,0.34,0.38769156274237015,108482.4,-0.04769156274237013
1749682807.0,2025-06-11 23:00:00+00:00,0.34,0.3872189790602434,108482.4,-0.04721897906024336
1749686407.0,2025-06-12 00:00:00+00:00,0.32,0.3743623714731894,108729.84,-0.0543623714731894
1749690007.0,2025-06-12 01:00:00+00:00,0.315,0.3865250789906747,108453.01,-0.07152507899067467
1749693606.0,2025-06-12 02:00:00+00:00,0.325,0.38054245079394855,108608.76,-0.05554245079394854
1749697207.0,2025-06-12 03:00:00+00:00,0.33,0.4161221208597261,107881.82,-0.08612212085972609
1749700807.0,2025-06-12 04:00:00+00:00,0.35,0.4363188920083021,107563.98,-0.08631889200830212
1749704406.0,2025-06-12 05:00:00+00:00,0.345,0.4235326212526902,107809.36,-0.07853262125269023
1749708007.0,2025-06-12 06:00:00+00:00,0.355,0.4230646175451302,107809.36,-0.06806461754513021
1749711606.0,2025-06-12 07:00:00+00:00,0.35,0.433948792377564,107565.94,-0.08394879237756403
1749715208.0,2025-06-12 08:00:00+00:00,0.36,0.4249126309110275,107783.53,-0.0649126309110275
1749718808.0,2025-06-12 09:00:00+00:00,0.355,0.4361587645081756,107578.43,-0.08115876450817561
1749722407.0,2025-06-12 10:00:00+00:00,0.365,0.45558382657432106,107255.91,-0.09058382657432107
1749726007.0,2025-06-12 11:00:00+00:00,0.375,0.4710756301033303,106942.39,-0.09607563010333031
1749729607.0,2025-06-12 12:00:00+00:00,0.385,0.450784479472474,107246.25,-0.06578447947247401
1749733207.0,2025-06-12 13:00:00+00:00,0.385,0.48429960457647386,106780.47,-0.09929960457647385
1749736807.0,2025-06-12 14:00:00+00:00,0.385,0.42966022558089634,107697.29,-0.04466022558089633
1749740407.0,2025-06-12 15:00:00+00:00,0.355,0.46570479617213056,107075.77,-0.11070479617213058
1749744008.0,2025-06-12 16:00:00+00:00,0.385,0.42543843198731046,107749.45,-0.04043843198731045
1749747607.0,2025-06-12 17:00:00+00:00,0.36,0.39116172902890217,108376.23,-0.031161729028902185
1749751207.0,2025-06-12 18:00:00+00:00,0.32,0.43420320560117187,107448.95,-0.11420320560117186
1749754808.0,2025-06-12 19:00:00+00:00,0.355,0.47261868458525513,106782.89,-0.11761868458525515
1749758407.0,2025-06-12 20:00:00+00:00,0.385,0.5162920206588797,106069.02,-0.13129202065887968
1749762007.0,2025-06-12 21:00:00+00:00,0.455,0.5110964345078234,106112.62,-0.05609643450782337
1749765607.0,2025-06-12 22:00:00+00:00,0.455,0.5262260619553466,105931.61,-0.07122606195534659
1749769208.0,2025-06-12 23:00:00+00:00,0.45,0.521698670214955,105941.92,-0.07169867021495496
1749772807.0,2025-06-13 00:00:00+00:00,0.465,0.6852371858947321,103762.7,-0.22023718589473212
1749776407.0,2025-06-13 01:00:00+00:00,0.625,0.689034238081002,103829.24,-0.06403423808100195
1749780008.0,2025-06-13 02:00:00+00:00,0.635,0.7019646728205231,103657.37,-0.0669646728205231
1749783608.0,2025-06-13 03:00:00+00:00,0.65,0.6591125263047422,104180.03,-0.00911252630474213
1749787207.0,2025-06-13 04:00:00+00:00,0.595,0.6352649685369423,104462.21,-0.04026496853694228
1749790807.0,2025-06-13 05:00:00+00:00,0.59,0.642628997965719,104289.24,-0.05262899796571907
1749794407.0,2025-06-13 06:00:00+00:00,0.605,0.6297031257958059,104478.72,-0.024703125795805914
1749801609.0,2025-06-13 08:00:00+00:00,0.535,0.5907462233515397,104948.76,-0.05574622335153967
1749805208.0,2025-06-13 09:00:00+00:00,0.55,0.5994466928504487,104909.28,-0.04944669285044867
1749808807.0,2025-06-13 10:00:00+00:00,0.545,0.5942213611868428,104904.36,-0.04922136118684273
1749812408.0,2025-06-13 11:00:00+00:00,0.545,0.5939955774792012,104925.8,-0.048995577479201136
1749816008.0,2025-06-13 12:00:00+00:00,0.53,0.5843516395734136,105046.51,-0.0543516395734136
1749819609.0,2025-06-13 13:00:00+00:00,0.54,0.5985495382784258,104837.82,-0.058549538278425795
1749823209.0,2025-06-13 14:00:00+00:00,0.555,0.5933798730672946,104929.22,-0.03837987306729451
1749826808.0,2025-06-13 15:00:00+00:00,0.54,0.5467367440801467,105615.53,-0.006736744080146684
1749830408.0,2025-06-13 16:00:00+00:00,0.515,0.5519665503779609,105502.38,-0.03696655037796093
1749834008.0,2025-06-13 17:00:00+00:00,0.485,0.5814789120712799,105067.69,-0.0964789120712799
1749837607.0,2025-06-13 18:00:00+00:00,0.52,0.5979593222726085,104859.84,-0.07795932227260849
1749841207.0,2025-06-13 19:00:00+00:00,0.535,0.5763132377185779,105169.61,-0.04131323771857787
1749844807.0,2025-06-13 20:00:00+00:00,0.545,0.5540516924624195,105491.34,-0.009051692462419436
1749848407.0,2025-06-13 21:00:00+00:00,0.525,0.5385929142008815,105666.97,-0.01359291420088149
1749852008.0,2025-06-13 22:00:00+00:00,0.51,0.5395763692436694,105617.45,-0.029576369243669354
1749855608.0,2025-06-13 23:00:00+00:00,0.485,0.5391286332609183,105617.45,-0.054128633260918324
1749859208.0,2025-06-14 00:00:00+00:00,0.455,0.5386795297557507,105617.45,-0.08367952975575071
1749862808.0,2025-06-14 01:00:00+00:00,0.48,0.5275770628025238,105756.84,-0.04757706280252383
1749866407.0,2025-06-14 02:00:00+00:00,0.515,0.5271178197780885,105756.84,-0.012117819778088457
1749870008.0,2025-06-14 03:00:00+00:00,0.525,0.5266571758934023,105756.84,-0.0016571758934023073
1749873607.0,2025-06-14 04:00:00+00:00,0.53,0.5261951240572267,105756.84,0.0038048759427733447
1749877207.0,2025-06-14 05:00:00+00:00,0.53,0.550899290798327,105372.33,-0.020899290798326975
1749880807.0,2025-06-14 06:00:00+00:00,0.525,0.5630227436167132,105248.49,-0.038022743616713206
1749884408.0,2025-06-14 07:00:00+00:00,0.535,0.5733135139413115,105111.35,-0.03831351394131144
1749888009.0,2025-06-14 08:00:00+00:00,0.535,0.5705591726889703,105139.63,-0.03555917268897024
1749891608.0,2025-06-14 09:00:00+00:00,0.54,0.5842813006991048,104943.39,-0.04428130069910474
1749895209.0,2025-06-14 10:00:00+00:00,0.555,0.5724061149784605,105104.09,-0.017406114978460452
1749898807.0,2025-06-14 11:00:00+00:00,0.53,0.5720989396186031,105029.18,-0.042098939618603115
1749902407.0,2025-06-14 12:00:00+00:00,0.53,0.5803579983116078,104993.69,-0.05035799831160781
1749906008.0,2025-06-14 13:00:00+00:00,0.535,0.5789801687073728,105016.18,-0.04398016870737276
1749909608.0,2025-06-14 14:00:00+00:00,0.53,0.5715056863166212,105092.37,-0.041505686316621215
1749913207.0,2025-06-14 15:00:00+00:00,0.545,0.5885411092540302,104824.82,-0.04354110925403021
1749916809.0,2025-06-14 16:00:00+00:00,0.545,0.6144730515013068,104503.41,-0.06947305150130678
1749920408.0,2025-06-14 17:00:00+00:00,0.575,0.6005726644509931,104688.55,-0.025572664450993154
1749924007.0,2025-06-14 18:00:00+00:00,0.565,0.5790659960035922,104994.68,-0.014065996003592263
1749927607.0,2025-06-14 19:00:00+00:00,0.545,0.5786268441877094,104994.68,-0.03362684418770934
1749931207.0,2025-06-14 20:00:00+00:00,0.565,0.5781862513617229,104994.68,-0.013186251361722912
1749934808.0,2025-06-14 21:00:00+00:00,0.54,0.565369384660191,105171.76,-0.025369384660191008
1749938408.0,2025-06-14 22:00:00+00:00,0.515,0.5415095473241127,105520.3,-0.026509547324112703
1749942007.0,2025-06-14 23:00:00+00:00,0.515,0.5410367767471185,105520.3,-0.026036776747118462
1749945608.0,2025-06-15 00:00:00+00:00,0.51,0.5405624754321812,105520.3,-0.030562475432181158
1749949209.0,2025-06-15 01:00:00+00:00,0.495,0.5400866351439579,105520.3,-0.04508663514395794
1749952807.0,2025-06-15 02:00:00+00:00,0.51,0.5396092475854425,105520.3,-0.029609247585442477
1749956408.0,2025-06-15 03:00:00+00:00,0.5,0.5391303043973755,105520.3,-0.039130304397375526
1749960007.0,2025-06-15 04:00:00+00:00,0.495,0.5306505228216444,105588.26,-0.03565052282164438
1749963607.0,2025-06-15 05:00:00+00:00,0.495,0.5301623859062699,105588.26,-0.035162385906269855
1749967209.0,2025-06-15 06:00:00+00:00,0.455,0.5296726568149105,105588.26,-0.07467265681491048
1749970807.0,2025-06-15 07:00:00+00:00,0.495,0.5291813269267273,105588.26,-0.03418132692672726
1749974408.0,2025-06-15 08:00:00+00:00,0.495,0.5402688764359075,105410.26,-0.04526887643590749
1749978008.0,2025-06-15 09:00:00+00:00,0.515,0.5762106093031051,104961.68,-0.06121060930310507
1749981607.0,2025-06-15 10:00:00+00:00,0.53,0.575752284000178,104961.68,-0.045752284000177945
1749985207.0,2025-06-15 11:00:00+00:00,0.52,0.5752924006078042,104961.68,-0.05529240060780416
1749988807.0,2025-06-15 12:00:00+00:00,0.54,0.5748309503041579,104961.68,-0.03483095030415784
1749992407.0,2025-06-15 13:00:00+00:00,0.515,0.5410046356115763,105449.85,-0.026004635611576288
1749996007.0,2025-06-15 14:00:00+00:00,0.49,0.5472551413422782,105407.53,-0.05725514134227816
1749999607.0,2025-06-15 15:00:00+00:00,0.48,0.5467675159206196,105407.53,-0.06676751592061958
1750003207.0,2025-06-15 16:00:00+00:00,0.485,0.5462782411192058,105407.53,-0.06127824111920577
1750006807.0,2025-06-15 17:00:00+00:00,0.49,0.5457873076632003,105407.53,-0.05578730766320028
1750010406.0,2025-06-15 18:00:00+00:00,0.475,0.5291739270531467,105590.42,-0.05417392705314672
1750014007.0,2025-06-15 19:00:00+00:00,0.515,0.5578381687821802,105243.01,-0.042838168782180164
1750017607.0,2025-06-15 20:00:00+00:00,0.545,0.5947192990316051,104743.45,-0.0497192990316051
1750021207.0,2025-06-15 21:00:00+00:00,0.585,0.5878626975907886,104816.09,-0.00286269759078861
1750024808.0,2025-06-15 22:00:00+00:00,0.57,0.5654562043018481,105114.73,0.004543795698151887
1750028407.0,2025-06-15 23:00:00+00:00,0.535,0.5478957914516348,105402.79,-0.012895791451634775
1750032007.0,2025-06-16 00:00:00+00:00,0.5,0.5473972774074047,105402.79,-0.047397277407404736
1750035606.0,2025-06-16 01:00:00+00:00,0.52,0.5519641070685478,105222.55,-0.0319641070685478
1750039206.0,2025-06-16 02:00:00+00:00,0.485,0.5116255092315533,105758.7,-0.026625509231553268
1750042807.0,2025-06-16 03:00:00+00:00,0.48,0.4948050224695629,105947.19,-0.014805022469562945
1750046407.0,2025-06-16 04:00:00+00:00,0.47,0.4701444225916386,106288.16,-0.00014442259163860438
1750050007.0,2025-06-16 05:00:00+00:00,0.445,0.4687076775375779,106368.21,-0.02370767753757791
1750053607.0,2025-06-16 06:00:00+00:00,0.44,0.4414438928964395,106717.26,-0.0014438928964394804
1750057207.0,2025-06-16 07:00:00+00:00,0.43,0.40691488470109416,107187.76,0.023085115298905834
1750060808.0,2025-06-16 08:00:00+00:00,0.37,0.4165023139727694,107122.41,-0.04650231397276938
1750064407.0,2025-06-16 09:00:00+00:00,0.345,0.4169260843959052,106993.51,-0.07192608439590525
1750068007.0,2025-06-16 10:00:00+00:00,0.355,0.40941454630456847,107149.04,-0.05441454630456849
1750071607.0,2025-06-16 11:00:00+00:00,0.365,0.42150119304767797,106947.17,-0.05650119304767798
1750075208.0,2025-06-16 12:00:00+00:00,0.36,0.42090162299028216,106947.17,-0.06090162299028218
1750078806.0,2025-06-16 13:00:00+00:00,0.36,0.441861205446166,106622.42,-0.08186120544616604
1750082407.0,2025-06-16 14:00:00+00:00,0.335,0.38329436665607997,107554.36,-0.048294366656079946
1750086007.0,2025-06-16 15:00:00+00:00,0.315,0.3860670278655179,107537.42,-0.07106702786551788
1750089608.0,2025-06-16 16:00:00+00:00,0.31,0.37391243673570573,107658.12,-0.06391243673570574
1750093207.0,2025-06-16 17:00:00+00:00,0.29,0.3662862336766505,107733.29,-0.0762862336766505
1750096808.0,2025-06-16 18:00:00+00:00,0.295,0.3463539877727506,108049.4,-0.05135398777275063
1750100408.0,2025-06-16 19:00:00+00:00,0.265,0.3205973469168142,108505.62,-0.05559734691681417
1750104008.0,2025-06-16 20:00:00+00:00,0.24,0.3053337281026024,108733.4,-0.0653337281026024
1750107608.0,2025-06-16 21:00:00+00:00,0.235,0.3196706418757078,108513.93,-0.08467064187570783
1750111208.0,2025-06-16 22:00:00+00:00,0.235,0.3592095399059192,107801.24,-0.12420953990591921
1750114807.0,2025-06-16 23:00:00+00:00,0.29,0.4288215548710722,106765.63,-0.13882155487107223
1750118408.0,2025-06-17 00:00:00+00:00,0.34,0.4251897505875279,106877.33,-0.08518975058752787
1750122008.0,2025-06-17 01:00:00+00:00,0.315,0.4092139048189863,107008.31,-0.09421390481898628
1750125607.0,2025-06-17 02:00:00+00:00,0.31,0.4086849225420347,107014.38,-0.0986849225420347
1750129207.0,2025-06-17 03:00:00+00:00,0.29,0.40805383729828043,107014.38,-0.11805383729828045
1750132808.0,2025-06-17 04:00:00+00:00,0.285,0.38214686211385923,107438.33,-0.09714686211385926
1750136408.0,2025-06-17 05:00:00+00:00,0.31,0.3815018682356675,107438.33,-0.07150186823566751
1750140007.0,2025-06-17 06:00:00+00:00,0.32,0.41305899600417006,106857.4,-0.09305899600417006
1750143608.0,2025-06-17 07:00:00+00:00,0.315,0.42157624373844993,106699.72,-0.10657624373844993
1750147207.0,2025-06-17 08:00:00+00:00,0.33,0.4310620444541441,106597.99,-0.10106204445414407
1750150807.0,2025-06-17 09:00:00+00:00,0.345,0.4558739949777654,106181.62,-0.1108739949777654
1750154407.0,2025-06-17 10:00:00+00:00,0.38,0.4743516365887678,105888.26,-0.09435163658876777
1750158007.0,2025-06-17 11:00:00+00:00,0.395,0.4937283861532689,105635.66,-0.0987283861532689
1750161606.0,2025-06-17 12:00:00+00:00,0.405,0.4990182903951335,105528.8,-0.09401829039513349
1750165207.0,2025-06-17 13:00:00+00:00,0.425,0.5152126387558184,105330.59,-0.09021263875581836
1750168808.0,2025-06-17 14:00:00+00:00,0.42,0.5221282668940104,105232.27,-0.10212826689401039
1750172407.0,2025-06-17 15:00:00+00:00,0.46,0.5972485727360342,104306.27,-0.13724857273603414
1750176008.0,2025-06-17 16:00:00+00:00,0.52,0.6550897946571108,103632.59,-0.1350897946571108
1750179607.0,2025-06-17 17:00:00+00:00,0.58,0.6401684653792232,103845.28,-0.06016846537922327
1750183207.0,2025-06-17 18:00:00+00:00,0.56,0.6382170017643556,103836.29,-0.07821700176435553
1750186808.0,2025-06-17 19:00:00+00:00,0.51,0.5363692704606319,105043.01,-0.026369270460631866
1750190408.0,2025-06-17 20:00:00+00:00,0.455,0.5845480218875103,104448.15,-0.1295480218875103
1750194008.0,2025-06-17 21:00:00+00:00,0.5,0.5759275595903357,104541.34,-0.0759275595903357
1750197608.0,2025-06-17 22:00:00+00:00,0.47,0.5753859416412616,104541.34,-0.10538594164126158
1750201207.0,2025-06-17 23:00:00+00:00,0.5,0.5679063580905132,104622.34,-0.06790635809051315
1750204808.0,2025-06-18 00:00:00+00:00,0.47,0.5702319605822997,104590.96,-0.10023196058229977
1750208408.0,2025-06-18 01:00:00+00:00,0.45,0.5696797915580452,104590.96,-0.11967979155804515
1750212008.0,2025-06-18 02:00:00+00:00,0.455,0.5540436659541125,104787.86,-0.09904366595411246
1750215608.0,2025-06-18 03:00:00+00:00,0.445,0.532290245769168,105044.1,-0.08729024576916794
1750219207.0,2025-06-18 04:00:00+00:00,0.405,0.5316972604976327,105044.1,-0.12669726049763264
1750222808.0,2025-06-18 05:00:00+00:00,0.385,0.4926933330610878,105500.46,-0.1076933330610878
1750226408.0,2025-06-18 06:00:00+00:00,0.39,0.5284611449988967,105025.09,-0.13846114499889672
1750230008.0,2025-06-18 07:00:00+00:00,0.425,0.5338858868064223,104950.66,-0.10888588680642236
1750233608.0,2025-06-18 08:00:00+00:00,0.425,0.5272304960392049,105004.57,-0.10223049603920492
1750237208.0,2025-06-18 09:00:00+00:00,0.415,0.5500909886111174,104716.84,-0.1350909886111174
1750240807.0,2025-06-18 10:00:00+00:00,0.44,0.5854290054889038,104291.29,-0.14542900548890375
1750244408.0,2025-06-18 11:00:00+00:00,0.48,0.5403652847395707,104837.64,-0.0603652847395707
1750248007.0,2025-06-18 12:00:00+00:00,0.43,0.5639857212041618,104536.1,-0.1339857212041618
1750251607.0,2025-06-18 13:00:00+00:00,0.46,0.6020303250162051,104101.09,-0.1420303250162051
1750255208.0,2025-06-18 14:00:00+00:00,0.485,0.5528961785807269,104650.54,-0.06789617858072694
1750258807.0,2025-06-18 15:00:00+00:00,0.46,0.5370892745363172,104817.62,-0.07708927453631714
1750262408.0,2025-06-18 16:00:00+00:00,0.42,0.5583279755123967,104542.99,-0.13832797551239667
1750266008.0,2025-06-18 17:00:00+00:00,0.45,0.5706556346887244,104330.63,-0.12065563468872437
1750269607.0,2025-06-18 18:00:00+00:00,0.46,0.5566993640873408,104480.92,-0.09669936408734076
1750273207.0,2025-06-18 19:00:00+00:00,0.525,0.5981126574150702,103969.62,-0.07311265741507023
1750276808.0,2025-06-18 20:00:00+00:00,0.5,0.523588966596295,104828.74,-0.023588966596294947
1750280408.0,2025-06-18 21:00:00+00:00,0.405,0.5054651980949412,105056.65,-0.10046519809494114
1750284007.0,2025-06-18 22:00:00+00:00,0.385,0.520693802391455,104852.51,-0.135693802391455
1750287607.0,2025-06-18 23:00:00+00:00,0.4,0.5296018099243467,104736.7,-0.12960180992434667
1750291207.0,2025-06-19 00:00:00+00:00,0.405,0.4998478967423995,105107.23,-0.09484789674239946
1750294807.0,2025-06-19 01:00:00+00:00,0.4,0.5453165662573616,104577.55,-0.14531656625736156
1750298408.0,2025-06-19 02:00:00+00:00,0.45,0.544692920294807,104577.55,-0.09469292029480697
1750302007.0,2025-06-19 03:00:00+00:00,0.425,0.5167415144441991,104962.05,-0.09174151444419915
1750305608.0,2025-06-19 04:00:00+00:00,0.39,0.5105391550525442,104980.14,-0.1205391550525442
1750309208.0,2025-06-19 05:00:00+00:00,0.39,0.5140767461713025,104938.02,-0.12407674617130249
1750312808.0,2025-06-19 06:00:00+00:00,0.41,0.5275186702408587,104734.59,-0.11751867024085877
1750316408.0,2025-06-19 07:00:00+00:00,0.425,0.5235931489673564,104775.11,-0.09859314896735644
1750320007.0,2025-06-19 08:00:00+00:00,0.455,0.5198179544758798,104827.16,-0.06481795447587974
1750323607.0,2025-06-19 09:00:00+00:00,0.435,0.5158059541595479,104886.84,-0.08080595415954789
1750327208.0,2025-06-19 10:00:00+00:00,0.425,0.5032236064939771,105035.11,-0.07822360649397714
1750330807.0,2025-06-19 11:00:00+00:00,0.435,0.522113264978991,104758.62,-0.08711326497899102
1750334407.0,2025-06-19 12:00:00+00:00,0.45,0.516886224666773,104850.86,-0.06688622466677302
1750338007.0,2025-06-19 13:00:00+00:00,0.455,0.5300097631585559,104684.61,-0.07500976315855584
1750341608.0,2025-06-19 14:00:00+00:00,0.475,0.5721113561276201,104209.59,-0.09711135612762012
1750345207.0,2025-06-19 15:00:00+00:00,0.485,0.5646055284772284,104288.46,-0.07960552847722846
1750348808.0,2025-06-19 16:00:00+00:00,0.485,0.5639727274254025,104288.46,-0.07897272742540251
1750352408.0,2025-06-19 17:00:00+00:00,0.495,0.5633370536397428,104288.46,-0.06833705363974285
1750356007.0,2025-06-19 18:00:00+00:00,0.47,0.5413481048999671,104504.27,-0.07134810489996712
1750359608.0,2025-06-19 19:00:00+00:00,0.475,0.5564783707740362,104302.69,-0.08147837077403619
1750363208.0,2025-06-19 20:00:00+00:00,0.48,0.5587373281165906,104270.78,-0.07873732811659062
1750366807.0,2025-06-19 21:00:00+00:00,0.48,0.5540805777666675,104347.36,-0.07408057776666754
1750370408.0,2025-06-19 22:00:00+00:00,0.465,0.520207254418147,104717.32,-0.055207254418146945
1750374007.0,2025-06-19 23:00:00+00:00,0.425,0.5206050399529165,104699.04,-0.09560503995291653
1750377608.0,2025-06-20 00:00:00+00:00,0.42,0.522856711759363,104664.36,-0.102856711759363
1750381208.0,2025-06-20 01:00:00+00:00,0.42,0.5225512161834294,104660.3,-0.10255121618342938
1750384807.0,2025-06-20 02:00:00+00:00,0.405,0.5121493109028799,104770.03,-0.10714931090287982
1750388407.0,2025-06-20 03:00:00+00:00,0.42,0.5215238292537987,104651.01,-0.10152382925379871
1750392008.0,2025-06-20 04:00:00+00:00,0.425,0.5459173269128486,104359.81,-0.12091732691284857
1750395607.0,2025-06-20 05:00:00+00:00,0.445,0.5455931905734098,104357.22,-0.10059319057340982
1750399207.0,2025-06-20 06:00:00+00:00,0.42,0.5141581331629071,104711.6,-0.09415813316290716
1750402806.0,2025-06-20 07:00:00+00:00,0.415,0.47738883150911116,105232.32,-0.062388831509111176
1750406408.0,2025-06-20 08:00:00+00:00,0.335,0.41994439022654556,106081.58,-0.08494439022654554
1750410006.0,2025-06-20 09:00:00+00:00,0.31,0.4166986016613782,106023.77,-0.10669860166137818
1750413607.0,2025-06-20 10:00:00+00:00,0.3,0.4108857731911003,106020.61,-0.11088577319110032
1750417207.0,2025-06-20 11:00:00+00:00,0.295,0.40969618904922084,106007.38,-0.11469618904922085
1750420808.0,2025-06-20 12:00:00+00:00,0.285,0.40783713850741665,105979.23,-0.12283713850741668
1750424407.0,2025-06-20 13:00:00+00:00,0.285,0.4331182559257837,105639.35,-0.1481182559257837
1750428007.0,2025-06-20 14:00:00+00:00,0.315,0.5560646098289926,104167.43,-0.24106460982899264
1750431608.0,2025-06-20 15:00:00+00:00,0.465,0.5513469010555747,104157.0,-0.08634690105557469
1750435208.0,2025-06-20 16:00:00+00:00,0.43,0.5833881677756092,103832.8,-0.1533881677756092
1750438808.0,2025-06-20 17:00:00+00:00,0.495,0.6523740610244837,103192.81,-0.1573740610244837
1750442407.0,2025-06-20 18:00:00+00:00,0.54,0.6549726815395464,103165.07,-0.11497268153954632
1750446007.0,2025-06-20 19:00:00+00:00,0.53,0.6474812743313454,103238.13,-0.11748127433134536
1750449608.0,2025-06-20 20:00:00+00:00,0.515,0.6112456534411326,103545.46,-0.09624565344113256
1750453208.0,2025-06-20 21:00:00+00:00,0.475,0.6127066229556425,103508.56,-0.1377066229556425
1750456808.0,2025-06-20 22:00:00+00:00,0.515,0.6535771401277293,103103.35,-0.13857714012772926
1750460407.0,2025-06-20 23:00:00+00:00,0.555,0.640601614793469,103291.36,-0.08560161479346895
1750464008.0,2025-06-21 00:00:00+00:00,0.53,0.6370031585671342,103313.98,-0.10700315856713416
1750467607.0,2025-06-21 01:00:00+00:00,0.545,0.6386368244634772,103305.21,-0.09363682446347721
1750471209.0,2025-06-21 02:00:00+00:00,0.5,0.638020362127711,103305.21,-0.13802036212771096
1750474807.0,2025-06-21 03:00:00+00:00,0.505,0.6004975612012002,103681.08,-0.09549756120120023
1750478408.0,2025-06-21 04:00:00+00:00,0.505,0.6196209453734103,103401.22,-0.11462094537341028
1750482007.0,2025-06-21 05:00:00+00:00,0.505,0.6125533331253765,103426.92,-0.10755333312537652
1750485607.0,2025-06-21 06:00:00+00:00,0.505,0.5968299948553533,103581.42,-0.09182999485535326
1750489207.0,2025-06-21 07:00:00+00:00,0.49,0.6141453532116177,103402.0,-0.12414535321161768
1750492807.0,2025-06-21 08:00:00+00:00,0.5,0.5922470898037858,103619.54,-0.09224708980378582
1750496408.0,2025-06-21 09:00:00+00:00,0.455,0.5643501044193256,103876.81,-0.10935010441932563
1750500008.0,2025-06-21 10:00:00+00:00,0.455,0.5542311474828274,103980.92,-0.09923114748282741
1750503608.0,2025-06-21 11:00:00+00:00,0.465,0.5534754144903551,103980.92,-0.08847541449035506
1750507208.0,2025-06-21 12:00:00+00:00,0.445,0.556291313125707,103945.06,-0.111291313125707
1750510808.0,2025-06-21 13:00:00+00:00,0.455,0.5555320868240552,103945.06,-0.10053208682405518
1750514407.0,2025-06-21 14:00:00+00:00,0.49,0.576463962217665,103710.28,-0.08646396221766506
1750518007.0,2025-06-21 15:00:00+00:00,0.495,0.5757249154134445,103710.28,-0.08072491541344451
1750521608.0,2025-06-21 16:00:00+00:00,0.475,0.594926744309674,103499.11,-0.11992674430967398
1750525208.0,2025-06-21 17:00:00+00:00,0.49,0.6122865210297741,103324.79,-0.12228652102977411
1750528808.0,2025-06-21 18:00:00+00:00,0.525,0.6097893364945566,103357.14,-0.08478933649455656
1750532408.0,2025-06-21 19:00:00+00:00,0.575,0.7189203368072201,102374.26,-0.14392033680722016
1750536008.0,2025-06-21 20:00:00+00:00,0.65,0.7105102542894812,102466.43,-0.0605102542894812
1750539608.0,2025-06-21 21:00:00+00:00,0.57,0.8340315528359861,101383.27,-0.2640315528359861
1750543208.0,2025-06-21 22:00:00+00:00,0.76,0.790895150764212,101761.51,-0.03089515076421201
1750546807.0,2025-06-21 23:00:00+00:00,0.72,0.8237561258189907,101460.33,-0.10375612581899074
1750550406.0,2025-06-22 00:00:00+00:00,0.68,0.6635882576833942,102924.3,0.016411742316605804
1750554007.0,2025-06-22 01:00:00+00:00,0.565,0.7095513496661063,102481.41,-0.1445513496661064
1750557607.0,2025-06-22 02:00:00+00:00,0.63,0.7325255448467511,102271.32,-0.10252554484675114
1750561206.0,2025-06-22 03:00:00+00:00,0.635,0.7243988484139587,102353.44,-0.08939884841395873
1750564807.0,2025-06-22 04:00:00+00:00,0.63,0.699291682024443,102580.8,-0.06929168202444302
1750568406.0,2025-06-22 05:00:00+00:00,0.61,0.6771328907075562,102763.09,-0.06713289070755624
1750572007.0,2025-06-22 06:00:00+00:00,0.585,0.6765055425624196,102763.09,-0.0915055425624196
1750575607.0,2025-06-22 07:00:00+00:00,0.585,0.7093235236697193,102435.39,-0.12432352366971933
1750579207.0,2025-06-22 08:00:00+00:00,0.62,0.6793926610394401,102707.96,-0.059392661039440076
1750582807.0,2025-06-22 09:00:00+00:00,0.59,0.7089463815498445,102425.08,-0.1189463815498445
1750586407.0,2025-06-22 10:00:00+00:00,0.66,0.730799970995677,102231.26,-0.07079997099567692
1750590006.0,2025-06-22 11:00:00+00:00,0.63,0.6776952632904105,102692.56,-0.04769526329041052
1750593607.0,2025-06-22 12:00:00+00:00,0.605,0.6635438109916599,102815.79,-0.05854381099165995
1750597207.0,2025-06-22 13:00:00+00:00,0.605,0.888121772323174,100911.28,-0.28312177232317404
1750600807.0,2025-06-22 14:00:00+00:00,0.84,1.0,99531.48,-0.16000000000000003
1750604407.0,2025-06-22 15:00:00+00:00,0.9995,1.0,99811.57,-0.0004999999999999449
1750608007.0,2025-06-22 16:00:00+00:00,0.9995,1.0,99092.98,-0.0004999999999999449
1750611607.0,2025-06-22 17:00:00+00:00,,1.0,99577.98,
1750615207.0,2025-06-22 18:00:00+00:00,,1.0,99735.31,
1750618807.0,2025-06-22 19:00:00+00:00,,1.0,98930.09,
1750622407.0,2025-06-22 20:00:00+00:00,,1.0,99591.22,
1750626007.0,2025-06-22 21:00:00+00:00,,1.0,99247.72,
1750629607.0,2025-06-22 22:00:00+00:00,,0.9019133808386892,100787.39,
1750633207.0,2025-06-22 23:00:00+00:00,,0.8814312306750784,100949.09,
1750636807.0,2025-06-23 00:00:00+00:00,,0.8687198267562932,101039.18,
1750640407.0,2025-06-23 01:00:00+00:00,,0.9125855470308608,100688.66,
1750644007.0,2025-06-23 02:00:00+00:00,,0.8479867435963182,101209.68,
1750647606.0,2025-06-23 03:00:00+00:00,,0.8480464064927873,101208.09,
1750651207.0,2025-06-23 04:00:00+00:00,,0.8606601435721013,101099.3,
1750654807.0,2025-06-23 05:00:00+00:00,,0.7780000031497158,101800.6,
1750658407.0,2025-06-23 06:00:00+00:00,,0.7679821630614068,101850.72,
1750662006.0,2025-06-23 07:00:00+00:00,,0.7472158132124274,102003.55,
1750665606.0,2025-06-23 08:00:00+00:00,,0.7519596290187427,101974.98,
1750669205.0,2025-06-23 09:00:00+00:00,,0.7983904285217598,101561.09,
1750672807.0,2025-06-23 10:00:00+00:00,,0.8056724339243051,101493.81,
1750676406.0,2025-06-23 11:00:00+00:00,,0.831704724558798,101295.27,
1750680007.0,2025-06-23 12:00:00+00:00,,0.8007452392321868,101534.67,
1750683606.0,2025-06-23 13:00:00+00:00,,0.7201584545820482,102192.66,
1750687206.0,2025-06-23 14:00:00+00:00,,0.7854207359077189,101642.28,
1750690807.0,2025-06-23 15:00:00+00:00,,0.7736343008059194,101733.31,
1750694407.0,2025-06-23 16:00:00+00:00,,0.9121474067710298,100658.67,
1750698006.0,2025-06-23 17:00:00+00:00,,0.6920401008234482,102381.1,
1750701606.0,2025-06-23 18:00:00+00:00,,0.6446337361743764,102781.99,
1750705206.0,2025-06-23 19:00:00+00:00,,0.6319981505871033,102826.02,
1750708806.0,2025-06-23 20:00:00+00:00,,0.525603256025479,103720.0,
1750712406.0,2025-06-23 21:00:00+00:00,,0.5256925591647125,103750.08,
1750716007.0,2025-06-23 22:00:00+00:00,,0.3363174980329644,105683.88,
1750719606.0,2025-06-23 23:00:00+00:00,,0.35314141179578185,105467.97,
1750723207.0,2025-06-24 00:00:00+00:00,,0.37875021465805725,105164.74,
1750726806.0,2025-06-24 01:00:00+00:00,,0.36971238755681846,105152.86,
1750730407.0,2025-06-24 02:00:00+00:00,,0.3978613552166349,104869.9,
1750734007.0,2025-06-24 03:00:00+00:00,,0.3914461551083639,104966.37,
1750737607.0,2025-06-24 04:00:00+00:00,,0.39107054976352934,104937.61,
1750741206.0,2025-06-24 05:00:00+00:00,,0.38271578554810226,105090.28,
1750744806.0,2025-06-24 06:00:00+00:00,,0.3153452593268078,105862.17,
1750748407.0,2025-06-24 07:00:00+00:00,,0.3294498215846712,105653.06,
1750752007.0,2025-06-24 08:00:00+00:00,,0.3949453509958628,104947.27,
1750755607.0,2025-06-24 09:00:00+00:00,,0.3400523420771078,105623.31,
1750759206.0,2025-06-24 10:00:00+00:00,,0.35233589092439954,105313.45,
1750762807.0,2025-06-24 11:00:00+00:00,,0.35590053214896394,105259.35,
1750766406.0,2025-06-24 12:00:00+00:00,,0.35917679288793436,105186.88,
1750770007.0,2025-06-24 13:00:00+00:00,,0.3626686550121361,105059.71,
1750773607.0,2025-06-24 14:00:00+00:00,,0.3090068156963121,105657.27,
1750777207.0,2025-06-24 15:00:00+00:00,,0.33032483272296964,105379.75,
1750780806.0,2025-06-24 16:00:00+00:00,,0.2783332623911703,106029.29,
1750784406.0,2025-06-24 17:00:00+00:00,,0.2999874410917984,105688.38,
1750788007.0,2025-06-24 18:00:00+00:00,,0.27117009754860555,106013.53,
1750791606.0,2025-06-24 19:00:00+00:00,,0.31228944465115654,105548.32,
1750795206.0,2025-06-24 20:00:00+00:00,,0.30145857663062814,105573.58,
1750798807.0,2025-06-24 21:00:00+00:00,,0.30008242093524873,105573.58,
1750802407.0,2025-06-24 22:00:00+00:00,,0.29869836651061993,105573.58,
1750806007.0,2025-06-24 23:00:00+00:00,,0.29730634616484897,105573.58,
1750809607.0,2025-06-25 00:00:00+00:00,,0.29590629210835817,105573.58,
1750813208.0,2025-06-25 01:00:00+00:00,,0.23017341935491578,106410.8,
1750816808.0,2025-06-25 02:00:00+00:00,,0.21618022406788434,106598.0,
1750820407.0,2025-06-25 03:00:00+00:00,,0.22861014315737102,106418.42,
1750824007.0,2025-06-25 04:00:00+00:00,,0.2416724081298393,106207.92,
1750827607.0,2025-06-25 05:00:00+00:00,,0.24026528283842372,106207.92,
1750831207.0,2025-06-25 06:00:00+00:00,,0.22113646942114012,106487.45,
1750834807.0,2025-06-25 07:00:00+00:00,,0.20612327499858013,106659.2,
1750838408.0,2025-06-25 08:00:00+00:00,,0.2102855750674115,106554.82,
1750842008.0,2025-06-25 09:00:00+00:00,,0.18298618044105547,106977.09,
1750845608.0,2025-06-25 10:00:00+00:00,,0.17042663188105348,107160.83,
1750849208.0,2025-06-25 11:00:00+00:00,,0.172702306959567,107054.28,
1750852808.0,2025-06-25 12:00:00+00:00,,0.18138123135751422,107019.76,
1750856408.0,2025-06-25 13:00:00+00:00,,0.13612180150927927,107836.1,
1750860008.0,2025-06-25 14:00:00+00:00,,0.13422870104776807,107864.91,
1750863608.0,2025-06-25 15:00:00+00:00,,0.16738920908270455,107148.13,
1750867207.0,2025-06-25 16:00:00+00:00,,0.16345339687267124,107289.82,
1750870807.0,2025-06-25 17:00:00+00:00,,0.16946160737811572,107066.08,
1750874407.0,2025-06-25 18:00:00+00:00,,0.16807448332547345,107066.08,
1750878007.0,2025-06-25 19:00:00+00:00,,0.16668205578788714,107066.08,
1750881608.0,2025-06-25 20:00:00+00:00,,0.16528432697259487,107066.08,
1750885207.0,2025-06-25 21:00:00+00:00,,0.13134390571297042,107622.22,
1750888808.0,2025-06-25 22:00:00+00:00,,0.14656202516143907,107372.43,
1750892408.0,2025-06-25 23:00:00+00:00,,0.15259041338677598,107291.69,
1750896008.0,2025-06-26 00:00:00+00:00,,0.1344269210447609,107503.77,
1750899607.0,2025-06-26 01:00:00+00:00,,0.1330974985407035,107503.77,
1750903207.0,2025-06-26 02:00:00+00:00,,0.1317643841217901,107503.77,
1750906807.0,2025-06-26 03:00:00+00:00,,0.11656753633641158,107939.55,
1750910408.0,2025-06-26 04:00:00+00:00,,0.12011546107312801,107840.27,
1750914007.0,2025-06-26 05:00:00+00:00,,0.12721456365279327,107650.17,
1750917607.0,2025-06-26 06:00:00+00:00,,0.1154883484254508,107811.41,
1750921207.0,2025-06-26 07:00:00+00:00,,0.11408356230253991,107877.71,
1750924807.0,2025-06-26 08:00:00+00:00,,0.11435694676545274,107794.39,
1750928407.0,2025-06-26 09:00:00+00:00,,0.11304761471387571,107794.39,
1750932007.0,2025-06-26 10:00:00+00:00,,0.11173565723253731,107794.39,
1750935607.0,2025-06-26 11:00:00+00:00,,0.12984242281076147,107358.63,
1750939207.0,2025-06-26 12:00:00+00:00,,0.12414296831695994,107274.29,
1750942808.0,2025-06-26 13:00:00+00:00,,0.12980553712852586,107124.81,
1750946407.0,2025-06-26 14:00:00+00:00,,0.1064968993077717,107675.0,
1750950007.0,2025-06-26 15:00:00+00:00,,0.13348894077188883,106942.33,
1750953608.0,2025-06-26 16:00:00+00:00,,0.1259784443260966,107208.68,
1750957207.0,2025-06-26 17:00:00+00:00,,0.11509747681528115,107317.04,
1750960807.0,2025-06-26 18:00:00+00:00,,0.11368970673059353,107317.04,
1750964406.0,2025-06-26 19:00:00+00:00,,0.1122788772596732,107317.04,
1750968008.0,2025-06-26 20:00:00+00:00,,0.11086506804401607,107317.04,
1750971608.0,2025-06-26 21:00:00+00:00,,0.09041127169175113,107821.06,
1750975208.0,2025-06-26 22:00:00+00:00,,0.08912224545290041,107821.06,
1750978807.0,2025-06-26 23:00:00+00:00,,0.08783235536723535,107821.06,
1750982407.0,2025-06-27 00:00:00+00:00,,0.08654171861008064,107821.06,
1750986007.0,2025-06-27 01:00:00+00:00,,0.11531453135654612,107144.83,
1750989608.0,2025-06-27 02:00:00+00:00,,0.11381017439515431,107144.83,
1750993208.0,2025-06-27 03:00:00+00:00,,0.09952958774099671,107263.53,
1750996807.0,2025-06-27 04:00:00+00:00,,0.09390895720962433,107463.5,
1751000407.0,2025-06-27 05:00:00+00:00,,0.0935911955677379,107400.74,
1751004007.0,2025-06-27 06:00:00+00:00,,0.0947653814161673,107403.2,
1751007608.0,2025-06-27 07:00:00+00:00,,0.099563929692018,107260.66,
1751011207.0,2025-06-27 08:00:00+00:00,,0.10763460751777915,106968.29,
1751014807.0,2025-06-27 09:00:00+00:00,,0.09542334874197243,107091.35,
1751018407.0,2025-06-27 10:00:00+00:00,,0.09414722923097657,107051.31,
1751022008.0,2025-06-27 11:00:00+00:00,,0.0888065934958874,107011.05,
1751025608.0,2025-06-27 12:00:00+00:00,,0.097052894792322,106789.71,
1751029207.0,2025-06-27 13:00:00+00:00,,0.1012074804538193,106884.13,
1751032808.0,2025-06-27 14:00:00+00:00,,0.10820953733718258,106617.77,
1751036408.0,2025-06-27 15:00:00+00:00,,0.07631226278162279,107292.65,
1751040008.0,2025-06-27 16:00:00+00:00,,0.06399234008841939,107524.46,
1751043608.0,2025-06-27 17:00:00+00:00,,0.10058134405656255,106660.73,
1751047208.0,2025-06-27 18:00:00+00:00,,0.11166587832410638,106634.13,
1751050808.0,2025-06-27 19:00:00+00:00,,0.0992981209051725,106917.27,
1751054408.0,2025-06-27 20:00:00+00:00,,0.09002387821987182,107132.3,
1751058009.0,2025-06-27 21:00:00+00:00,,0.0906250303411651,107144.31,
1751061607.0,2025-06-27 22:00:00+00:00,,0.08978842873300065,107109.46,
1751065208.0,2025-06-27 23:00:00+00:00,,0.08817420850126106,107109.46,
1751068807.0,2025-06-28 00:00:00+00:00,,0.08655880560447025,107109.46,
1751072407.0,2025-06-28 01:00:00+00:00,,0.0864189508162351,106947.41,
1751076008.0,2025-06-28 02:00:00+00:00,,0.08478651284664711,106947.41,
1751079607.0,2025-06-28 03:00:00+00:00,,0.0673921091943183,107290.71,
1751083208.0,2025-06-28 04:00:00+00:00,,0.06594022418313102,107290.71,
1751086807.0,2025-06-28 05:00:00+00:00,,0.06449093551356508,107290.71,
1751090407.0,2025-06-28 06:00:00+00:00,,0.06304455759792991,107290.71,
1751094008.0,2025-06-28 07:00:00+00:00,,0.051220484052927784,107505.1,
1751097607.0,2025-06-28 08:00:00+00:00,,0.05145607194117674,107424.76,
1751101207.0,2025-06-28 09:00:00+00:00,,0.05450205781980077,107339.95,
1751104807.0,2025-06-28 10:00:00+00:00,,0.053133871431319556,107339.95,
1751108407.0,2025-06-28 11:00:00+00:00,,0.051771135453666295,107339.95,
1751112007.0,2025-06-28 12:00:00+00:00,,0.04670227263882133,107415.69,
1751115608.0,2025-06-28 13:00:00+00:00,,0.05188396193983395,107159.94,
1751119207.0,2025-06-28 14:00:00+00:00,,0.055296496544282245,107166.21,
1751122808.0,2025-06-28 15:00:00+00:00,,0.046466636314545146,107507.42,
1751126408.0,2025-06-28 16:00:00+00:00,,0.042279886836728515,107439.41,
1751130008.0,2025-06-28 17:00:00+00:00,,0.041011172321460274,107439.41,
1751133608.0,2025-06-28 18:00:00+00:00,,0.039751426381430616,107439.41,
1751137208.0,2025-06-28 19:00:00+00:00,,0.03850112270510401,107439.41,
1751140807.0,2025-06-28 20:00:00+00:00,,0.03726074823955053,107439.41,
1751144407.0,2025-06-28 21:00:00+00:00,,0.03603080326555036,107439.41,
1751148008.0,2025-06-28 22:00:00+00:00,,0.03481180143776909,107439.41,
1751151608.0,2025-06-28 23:00:00+00:00,,0.038480674925360815,107344.75,
1751155208.0,2025-06-29 00:00:00+00:00,,0.036309225286218536,107415.17,
1751158807.0,2025-06-29 01:00:00+00:00,,0.0350331644794311,107415.17,
1751162407.0,2025-06-29 02:00:00+00:00,,0.03376952100558593,107415.17,
1751166007.0,2025-06-29 03:00:00+00:00,,0.03251890879081333,107415.17,
1751169608.0,2025-06-29 04:00:00+00:00,,0.031281957550447,107415.17,
1751173208.0,2025-06-29 05:00:00+00:00,,0.035041068578427835,107289.5,
1751176807.0,2025-06-29 06:00:00+00:00,,0.033701974820157674,107289.5,
1751180407.0,2025-06-29 07:00:00+00:00,,0.030938911390545387,107389.34,
1751184007.0,2025-06-29 08:00:00+00:00,,0.023778424843893982,107713.1,
1751187607.0,2025-06-29 09:00:00+00:00,,0.022703981432247666,107713.1,
1751191206.0,2025-06-29 10:00:00+00:00,,0.015596952834297368,108177.97,
1751194807.0,2025-06-29 11:00:00+00:00,,0.014778443844017797,108177.97,
1751198407.0,2025-06-29 12:00:00+00:00,,0.015018438709457141,108148.88,
1751202007.0,2025-06-29 13:00:00+00:00,,0.014252991733854713,108147.27,
1751205607.0,2025-06-29 14:00:00+00:00,,0.016018892354890332,107957.2,
1751209207.0,2025-06-29 15:00:00+00:00,,0.01532883227630925,107937.12,
1751212807.0,2025-06-29 16:00:00+00:00,,0.017593523623115358,107701.87,
1751216407.0,2025-06-29 17:00:00+00:00,,0.01660468320425326,107701.87,
1751220007.0,2025-06-29 18:00:00+00:00,,0.014781536398103489,107622.94,
1751223607.0,2025-06-29 19:00:00+00:00,,0.013879292267853286,107622.94,
1751227207.0,2025-06-29 20:00:00+00:00,,0.013002183105839095,107622.94,
1751230807.0,2025-06-29 21:00:00+00:00,,0.012150351363737823,107737.28,
1751234407.0,2025-06-29 22:00:00+00:00,,0.008914097040791581,108012.8,
1751238007.0,2025-06-29 23:00:00+00:00,,0.006296882904851821,108392.25,
1751241607.0,2025-06-30 00:00:00+00:00,,0.004298123361975905,108651.69,
1751245207.0,2025-06-30 01:00:00+00:00,,0.003909226898677235,108651.69,
1751248807.0,2025-06-30 02:00:00+00:00,,0.0035414850016378405,108651.69,
1751252406.0,2025-06-30 03:00:00+00:00,,0.003194846232117821,108651.69,
1751256007.0,2025-06-30 04:00:00+00:00,,0.002869207170402028,108651.69,
1751259607.0,2025-06-30 05:00:00+00:00,,0.002564409135465002,108651.69,
1751263207.0,2025-06-30 06:00:00+00:00,,0.0064779212176396365,107613.46,
1751266806.0,2025-06-30 07:00:00+00:00,,0.005130939909694054,107672.15,
1751270407.0,2025-06-30 08:00:00+00:00,,0.0053313036467580645,107545.58,
1751274008.0,2025-06-30 09:00:00+00:00,,0.0045840177522630254,107553.46,
1751277607.0,2025-06-30 10:00:00+00:00,,0.0041011229923925314,107502.65,
1751281208.0,2025-06-30 11:00:00+00:00,,0.003631134430682714,107502.65,
1751284807.0,2025-06-30 12:00:00+00:00,,0.0033328698290377105,107605.96,
1751288406.0,2025-06-30 13:00:00+00:00,,0.0023422190560596517,107735.31,
1751292007.0,2025-06-30 14:00:00+00:00,,0.0035765515773070714,107025.89,
1751295606.0,2025-06-30 15:00:00+00:00,,0.0015642610872001776,107571.47,
1751299207.0,2025-06-30 16:00:00+00:00,,0.0013294930177575079,107615.0,
1751302807.0,2025-06-30 17:00:00+00:00,,0.0011117598344772177,107615.0,
1751306407.0,2025-06-30 18:00:00+00:00,,0.0009190457433716061,107615.0,
1751310007.0,2025-06-30 19:00:00+00:00,,0.0007479079530513658,107610.72,
1751313607.0,2025-06-30 20:00:00+00:00,,0.0005698316767724587,107583.87,
1751317207.0,2025-06-30 21:00:00+00:00,,0.000880034411689057,107154.2,
1751320807.0,2025-06-30 22:00:00+00:00,,0.0006929995621119985,107152.84,
1751324407.0,2025-06-30 23:00:00+00:00,,0.0005418060795204233,107152.84,
1751328008.0,2025-07-01 00:00:00+00:00,,0.0002711906510475876,107386.79,
1751331607.0,2025-07-01 01:00:00+00:00,,0.00019974277261681933,107386.79,
1751335207.0,2025-07-01 02:00:00+00:00,,0.00014319937461178164,107386.79,
1751338808.0,2025-07-01 03:00:00+00:00,,0.0001314676833568122,107182.43,
1751342407.0,2025-07-01 04:00:00+00:00,,0.00014613915231165156,106956.55,
1751346007.0,2025-07-01 05:00:00+00:00,,0.00010551198416597785,106896.51,
1751349607.0,2025-07-01 06:00:00+00:00,,7.704303960654995e-05,106811.03,
1751353207.0,2025-07-01 07:00:00+00:00,,1.8036695154827173e-05,107195.46,
1751356807.0,2025-07-01 08:00:00+00:00,,2.571143516258406e-05,106820.46,
1751360406.0,2025-07-01 09:00:00+00:00,,3.372603012074145e-05,106537.62,
1751364007.0,2025-07-01 10:00:00+00:00,,2.6428166680635326e-05,106372.01,
1751367607.0,2025-07-01 11:00:00+00:00,,6.418846465947921e-06,106626.65,
1751371207.0,2025-07-01 12:00:00+00:00,,3.7696419744148038e-06,106474.8,
1751374806.0,2025-07-01 13:00:00+00:00,,2.247578824325844e-06,106384.88,
1751378407.0,2025-07-01 14:00:00+00:00,,3.206701252519335e-06,105997.9,
1751382007.0,2025-07-01 15:00:00+00:00,,9.779203388045058e-07,105986.6,
1751385606.0,2025-07-01 16:00:00+00:00,,1.2062014369105217e-07,106108.75,
1751389207.0,2025-07-01 17:00:00+00:00,,5.657926299184546e-09,106226.37,
1751392807.0,2025-07-01 18:00:00+00:00,,3.3293651592244578e-09,105865.82,
1751396407.0,2025-07-01 19:00:00+00:00,,3.212170084485911e-10,105651.31,
1751400008.0,2025-07-01 20:00:00+00:00,,7.80833518584822e-13,105743.5,
1751403608.0,2025-07-01 21:00:00+00:00,,2.4603699740940927e-17,105994.22,
1751407208.0,2025-07-01 22:00:00+00:00,,3.965866609659993e-23,105673.29,
1751410808.0,2025-07-01 23:00:00+00:00,,4.759125406622635e-42,105488.2,
1751414407.0,2025-07-02 00:00:00+00:00,,0.0,105488.2,
