trade_id,strike,entry_time,exit_time,trade_type,entry_poly_prob,exit_poly_prob,divergence_at_entry,divergence_at_exit,units,investment_amount,pnl,exit_reason,capital_after_trade,capital_at_trade_entry_snapshot
4,100000.0,2025-05-30 22:00:00+00:00,2025-05-30 23:00:00+00:00,YES,0.7,0.74,-0.049157982983254,-0.0090102853073823,257.87894646429316,180.5152625250052,-0.8252126286857049,convergence,8812.323817664064,8813.149030292749
1,60000.0,2025-05-30 22:00:00+00:00,2025-05-31 00:00:00+00:00,NO,0.495,0.04,0.4884467123315223,0.0345647120375519,990.09900990099,500.0,406.98019801980195,take_profit,9734.304015683867,10000.0
3,95000.0,2025-05-30 22:00:00+00:00,2025-05-31 00:00:00+00:00,YES,0.41,0.445,-0.0632514231663443,-0.0277078879903917,582.315542120423,238.7493722693734,5.444650318825978,convergence,9985.660519440147,9059.060883730202
5,115000.0,2025-05-31 03:00:00+00:00,2025-05-31 04:00:00+00:00,YES,0.37,0.405,-0.0401806326516085,-0.00489572146862,451.83576251722377,167.1792321313728,5.309070209577385,convergence,9990.969589649725,9985.660519440147
2,90000.0,2025-05-30 22:00:00+00:00,2025-05-31 06:00:00+00:00,YES,0.2,0.275,-0.1046367416152753,-0.0272387270870479,2067.6656129601793,413.5331225920359,125.6106859873309,convergence,10542.519391906853,9485.0
6,90000.0,2025-05-31 09:00:00+00:00,2025-05-31 14:00:00+00:00,YES,0.26,0.24,-0.0413329839307011,-0.0278815726462317,698.3233727801133,181.56407692282949,-24.44131804730398,convergence,10090.262791740563,10542.519391906853
8,90000.0,2025-05-31 15:00:00+00:00,2025-05-31 16:00:00+00:00,YES,0.23,0.245,-0.0405663311484259,-0.0252637001747682,741.5306916383843,170.55205907682839,0.5561480187287771,convergence,10090.81893975929,10090.262791740563
9,100000.0,2025-05-31 16:00:00+00:00,2025-05-31 17:00:00+00:00,NO,0.785,0.73,0.0557873523722589,0.0009496902935079,1090.9691316221233,234.5583632987565,44.12970137411497,convergence,10134.948641133406,10090.81893975929
7,95000.0,2025-05-31 13:00:00+00:00,2025-06-01 01:00:00+00:00,YES,0.41,0.445,-0.0962628878275562,-0.0279952298006401,1013.0601044730886,415.3546428339663,9.472111976823385,convergence,10354.363314891405,10355.508392676338
10,115000.0,2025-05-31 20:00:00+00:00,2025-06-01 04:00:00+00:00,NO,0.465,0.46,0.0500904946886458,-0.0128973900804951,395.37740738192434,211.5269129493295,-10.774034351157411,convergence,10561.462000878057,10134.948641133406
11,120000.0,2025-06-01 08:00:00+00:00,2025-06-01 09:00:00+00:00,YES,0.24,0.255,-0.044319119111191,-0.0192798971644985,812.6296743146394,195.03112183551343,0.12189445114719888,convergence,10561.583895329202,10561.462000878057
12,115000.0,2025-06-01 09:00:00+00:00,2025-06-01 15:00:00+00:00,YES,0.425,0.455,-0.0465052341465067,-0.0148187004259936,481.5381686375087,204.6537216709412,1.7335374070950422,convergence,10380.476467514032,10561.583895329202
13,110000.0,2025-06-01 14:00:00+00:00,2025-06-01 15:00:00+00:00,YES,0.655,0.675,-0.0411598706365137,-0.0273898181323775,271.01603086380516,177.51550021579237,-5.393219014189697,convergence,10557.924213722108,10350.790562008133
14,110000.0,2025-06-01 16:00:00+00:00,2025-06-01 17:00:00+00:00,YES,0.675,0.695,-0.0507418524517873,-0.0270309607991584,330.69668682088866,223.22026360409984,-6.977700091920752,convergence,10550.946513630188,10557.924213722108
17,120000.0,2025-06-01 17:00:00+00:00,2025-06-01 18:00:00+00:00,YES,0.265,0.275,-0.0461588495567692,-0.0233708749540338,726.5054957837594,192.52395638269627,-4.504334073859297,convergence,10005.65622571657,10010.160559790429
15,90000.0,2025-06-01 17:00:00+00:00,2025-06-01 19:00:00+00:00,YES,0.205,0.22,-0.0641051812263166,-0.0233920472547395,1374.7364600923506,281.82097431893186,3.0931570352078097,convergence,10299.024986300277,10550.946513630188
16,95000.0,2025-06-01 17:00:00+00:00,2025-06-02 02:00:00+00:00,YES,0.405,0.39,-0.0568884279290484,-0.0272408420659054,600.5282279545941,243.21393232161063,-23.330521656036012,convergence,10337.067289037537,10260.670910081688
18,110000.0,2025-06-02 01:00:00+00:00,2025-06-02 06:00:00+00:00,YES,0.695,0.665,-0.0427913126529037,-0.0255601453953937,264.21390779906625,183.62866592035104,-18.706344672173884,convergence,10144.757871590953,10299.024986300277
21,90000.0,2025-06-02 09:00:00+00:00,2025-06-02 10:00:00+00:00,YES,0.205,0.23,-0.040066507988203,-0.0147498033233479,826.1484193099272,169.36042595853507,9.872473610753673,convergence,10154.630345201707,10144.757871590953
19,120000.0,2025-06-02 02:00:00+00:00,2025-06-02 13:00:00+00:00,YES,0.255,0.185,-0.0408705510341063,-0.0669660836081486,690.3294708816986,176.03401507483315,-57.43541197735733,stop_loss,10278.509968751428,10337.067289037537
23,110000.0,2025-06-02 14:00:00+00:00,2025-06-02 15:00:00+00:00,YES,0.615,0.635,-0.0518073567358781,-0.0229463998524406,350.4055013251911,215.4993833149925,-6.132096273190825,convergence,9976.977495531306,9983.109591804498
20,115000.0,2025-06-02 04:00:00+00:00,2025-06-02 16:00:00+00:00,YES,0.42,0.385,-0.041625589686353,-0.0260770495527322,419.38410343341394,176.14132344203384,-24.806569718086422,convergence,10133.596488958514,10155.75225351046
25,100000.0,2025-06-02 22:00:00+00:00,2025-06-02 23:00:00+00:00,NO,0.685,0.635,0.0463530416397882,-0.0034200067956691,608.0234878664418,191.52739867792914,17.99749524084669,convergence,9934.623040531176,9916.625545290328
26,95000.0,2025-06-02 23:00:00+00:00,2025-06-03 01:00:00+00:00,YES,0.37,0.34,-0.0574631711174739,-0.0187397477647436,642.8771889252724,237.86455990235078,-32.979599791866434,convergence,9901.64344073931,9934.623040531176
24,115000.0,2025-06-02 19:00:00+00:00,2025-06-03 02:00:00+00:00,YES,0.375,0.47,-0.0498898258321113,-0.0127411871302007,561.7370709855944,210.6514016195979,39.12498699414664,convergence,10157.739371401642,10133.596488958514
27,95000.0,2025-06-03 02:00:00+00:00,2025-06-03 03:00:00+00:00,YES,0.335,0.365,-0.0430418599171817,-0.0127151458503333,543.791038680486,182.16999795796283,4.894119348124349,convergence,10162.633490749766,10157.739371401642
28,100000.0,2025-06-03 04:00:00+00:00,2025-06-03 05:00:00+00:00,YES,0.62,0.635,-0.0435307613477746,-0.0265896951549166,297.3032077625871,184.327988812804,-6.733917655822609,convergence,9980.409503724279,10162.633490749766
30,100000.0,2025-06-03 08:00:00+00:00,2025-06-03 09:00:00+00:00,YES,0.635,0.645,-0.0424635872965344,-0.0280770670747094,278.0866077536466,176.5849959235656,-7.897659660203544,convergence,9972.511844064074,9980.409503724279
29,115000.0,2025-06-03 04:00:00+00:00,2025-06-03 16:00:00+00:00,YES,0.425,0.475,-0.0410025165861343,-0.0228101408340464,400.8910779432626,170.3787081258866,9.220494792695035,convergence,9403.907135221049,9972.775662272577
31,110000.0,2025-06-03 14:00:00+00:00,2025-06-03 16:00:00+00:00,YES,0.695,0.75,-0.0963247927100189,-0.0273554013141795,575.8993622168348,400.25005674070013,6.709227569826169,convergence,9822.873921233795,9972.511844064074
32,100000.0,2025-06-03 15:00:00+00:00,2025-06-03 16:00:00+00:00,YES,0.565,0.58,-0.083125151652635,-0.0182365149140294,586.0601676475015,331.12399472083837,-11.340264243979163,convergence,10152.59137155228,9560.254285621153
33,110000.0,2025-06-03 17:00:00+00:00,2025-06-03 20:00:00+00:00,YES,0.705,0.735,-0.0722073227696257,0.0005947790418401,433.26917382611845,305.4547675474135,-5.7191530945047475,convergence,9840.706703873188,10152.59137155228
34,115000.0,2025-06-03 17:00:00+00:00,2025-06-04 10:00:00+00:00,YES,0.425,0.425,-0.072514467829802,-0.0208643242193381,699.407229205229,297.2480724122223,-17.834884344733382,convergence,9837.404072523554,9837.972960978444
35,110000.0,2025-06-03 22:00:00+00:00,2025-06-04 10:00:00+00:00,YES,0.665,0.695,-0.069053354993798,-0.0094727627368716,425.7730660478716,283.1390889218346,-4.598349113317056,convergence,10124.438984999726,9840.706703873188
22,120000.0,2025-06-02 13:00:00+00:00,2025-06-04 14:00:00+00:00,YES,0.185,0.205,-0.0669660836081486,-0.0277668632147649,1550.2512566094529,286.7964824727488,12.867085429858378,max_hold,10432.706447376515,10278.509968751428
36,110000.0,2025-06-04 15:00:00+00:00,2025-06-04 16:00:00+00:00,YES,0.65,0.67,-0.0500542674455674,-0.0237220566517361,334.74453762697397,217.5839494575331,-6.56099293748872,convergence,9999.190982354461,10432.706447376515
37,115000.0,2025-06-04 15:00:00+00:00,2025-06-04 16:00:00+00:00,YES,0.395,0.41,-0.0465422722279784,-0.0234276783987388,501.1932559051153,197.97133608252054,-4.5859182915318115,convergence,10198.515540227925,10208.594979435256
39,95000.0,2025-06-04 16:00:00+00:00,2025-06-04 17:00:00+00:00,YES,0.345,0.345,-0.0440837676982441,-0.0134923861970933,542.9818719110391,187.32874580930846,-11.239724748558473,convergence,10187.275815479366,10198.515540227925
41,95000.0,2025-06-05 01:00:00+00:00,2025-06-05 02:00:00+00:00,YES,0.345,0.365,-0.0404239832200857,-0.0200738389210389,488.3656391710411,168.48614551400917,-0.6348753309223412,convergence,10002.504771548356,10003.139646879277
42,110000.0,2025-06-05 04:00:00+00:00,2025-06-05 06:00:00+00:00,YES,0.645,0.615,-0.0427368126840914,-0.0297828308262702,276.146752450512,178.11465533058023,-18.722749816144727,convergence,9983.782021732211,10002.504771548356
43,110000.0,2025-06-05 07:00:00+00:00,2025-06-05 09:00:00+00:00,YES,0.6,0.615,-0.0445420311536107,-0.0290588438737235,308.8180068353157,185.29080410118942,-6.624146246617528,convergence,9977.157875485593,9983.782021732211
38,120000.0,2025-06-04 15:00:00+00:00,2025-06-05 13:00:00+00:00,YES,0.205,0.2,-0.0519470818974454,-0.022805969532053,1056.3296041656163,216.5475688539513,-18.11605271144029,convergence,9826.271320917785,10004.68450327026
45,95000.0,2025-06-05 13:00:00+00:00,2025-06-05 14:00:00+00:00,YES,0.305,0.355,-0.0427585158442024,-0.0228558257649067,573.9846693509492,175.0653241520395,17.33433701439867,convergence,9458.343581544863,9826.271320917785
46,100000.0,2025-06-05 13:00:00+00:00,2025-06-05 14:00:00+00:00,YES,0.595,0.665,-0.0930647231596084,-0.0250898534108927,628.6400854814742,374.0408508614771,20.242210752503524,convergence,9863.847868684688,9645.954037041185
40,115000.0,2025-06-04 18:00:00+00:00,2025-06-05 16:00:00+00:00,YES,0.385,0.345,-0.0421167697731506,0.0002521288574264,464.34540058022674,178.7729792233873,-28.742980295916055,convergence,9763.110419802882,10187.275815479366
44,110000.0,2025-06-05 12:00:00+00:00,2025-06-05 16:00:00+00:00,YES,0.615,0.605,-0.0830980460830335,0.0290450271159703,561.708892218701,345.4509687145011,-26.175634377391475,convergence,10092.749283201427,9977.157875485593
47,120000.0,2025-06-05 14:00:00+00:00,2025-06-05 16:00:00+00:00,YES,0.175,0.175,-0.060504709687404,-0.0210795765683644,1420.9744087987758,248.67052153978574,-14.920231292387143,convergence,10333.95968909502,9863.847868684688
50,110000.0,2025-06-05 17:00:00+00:00,2025-06-05 19:00:00+00:00,YES,0.525,0.525,-0.0414773750926006,0.029173463170137,318.63723534821395,167.28454855781234,-10.037072913468762,convergence,9503.74605133935,9679.564235740958
51,115000.0,2025-06-05 17:00:00+00:00,2025-06-05 19:00:00+00:00,YES,0.305,0.285,-0.0406306378773859,-0.0106904499234692,527.7132309028743,160.95253542537668,-19.894788805038388,convergence,9649.63237402245,9507.261150726412
48,90000.0,2025-06-05 16:00:00+00:00,2025-06-05 21:00:00+00:00,YES,0.165,0.315,-0.0618033408147531,0.0021626645155328,1612.8111935127763,266.1138469296081,218.69719784033254,take_profit,9346.582135047716,10333.95968909502
54,115000.0,2025-06-05 20:00:00+00:00,2025-06-05 21:00:00+00:00,YES,0.255,0.225,-0.0403279231002605,-0.0204901084504427,593.6983629859124,151.39308256140765,-26.360207316574503,convergence,9476.156802769392,9009.722549908138
49,100000.0,2025-06-05 16:00:00+00:00,2025-06-05 22:00:00+00:00,YES,0.65,0.865,-0.0880858673440808,-0.027218462864849,568.0331456558115,369.2215446762775,96.3100198459428,convergence,9675.191753263354,10059.862426757523
53,120000.0,2025-06-05 19:00:00+00:00,2025-06-05 22:00:00+00:00,YES,0.145,0.135,-0.0403277227445731,-0.0180487658245502,1062.4736019631762,154.05867228466053,-19.549514276122437,convergence,9814.322671440432,9168.402982361338
52,95000.0,2025-06-05 19:00:00+00:00,2025-06-06 01:00:00+00:00,YES,0.41,0.51,-0.1162024790591204,-0.0149981231731537,1139.5439063725146,467.2130016127309,82.50297882137005,convergence,10378.055041922915,9649.63237402245
56,100000.0,2025-06-06 01:00:00+00:00,2025-06-06 02:00:00+00:00,YES,0.83,0.85,-0.0436098752236419,-0.0235149592120434,227.20164931844684,188.57736893431087,-6.9069301392807745,convergence,10371.148111783634,10378.055041922915
57,115000.0,2025-06-06 06:00:00+00:00,2025-06-06 07:00:00+00:00,YES,0.27,0.3,-0.0514166747114311,-0.0285563701964557,822.9165877278579,222.18747868652164,10.615623981689339,convergence,10381.763735765324,10371.148111783634
58,95000.0,2025-06-06 07:00:00+00:00,2025-06-06 09:00:00+00:00,YES,0.435,0.415,-0.0442165623300261,-0.0131503806109653,439.69914110926436,191.26912638253,-20.00631092047155,convergence,10361.757424844853,10381.763735765324
55,110000.0,2025-06-05 21:00:00+00:00,2025-06-06 11:00:00+00:00,YES,0.39,0.57,-0.0682526322622611,-0.0165677925797335,690.9964161527171,269.48860229955966,104.47865812229077,convergence,10506.813439124458,9476.156802769392
59,90000.0,2025-06-06 09:00:00+00:00,2025-06-06 12:00:00+00:00,YES,0.185,0.135,-0.0532943827462287,-0.0660978829649356,1243.7465453226546,230.0931108846911,-74.1272941012302,stop_loss,10465.215914151517,10361.757424844853
62,95000.0,2025-06-06 12:00:00+00:00,2025-06-06 13:00:00+00:00,YES,0.37,0.37,-0.0487306007169818,-0.0220092847822776,558.0064836502289,206.4623989505847,-12.387743937035111,convergence,10155.961305548957,10168.349049485993
63,110000.0,2025-06-06 14:00:00+00:00,2025-06-06 15:00:00+00:00,YES,0.59,0.635,-0.0520475483877654,-0.0244804858992611,373.30006177601166,220.24703644784685,3.079725509652121,convergence,9962.260855559412,10155.961305548957
64,120000.0,2025-06-06 14:00:00+00:00,2025-06-06 15:00:00+00:00,YES,0.175,0.2,-0.0461790693102221,-0.020820097656566,1091.7069375822336,191.0487140768909,15.010970391755706,convergence,10174.052001450365,9929.106858007675
65,120000.0,2025-06-06 18:00:00+00:00,2025-06-06 19:00:00+00:00,YES,0.175,0.18,-0.0447403465106699,-0.0197717419355505,1083.7871713392,189.66275498436002,-6.123397518066497,convergence,10167.9286039323,10174.052001450365
60,115000.0,2025-06-06 11:00:00+00:00,2025-06-06 21:00:00+00:00,YES,0.3,0.335,-0.0453444756190546,-0.0283163344074239,661.7027025337977,198.5108107601393,10.554158105414103,convergence,9944.87174387471,10506.813439124458
66,95000.0,2025-06-06 19:00:00+00:00,2025-06-06 21:00:00+00:00,YES,0.33,0.335,-0.0502865810571851,-0.0279009465841651,645.5938963703442,213.04598580221358,-9.65162875073662,convergence,10154.657480500253,10167.9286039323
67,110000.0,2025-06-06 19:00:00+00:00,2025-06-07 01:00:00+00:00,YES,0.615,0.6,-0.0512089643227289,-0.0193544783263746,345.1571361112442,212.27163870841517,-17.75833465292351,convergence,10174.501754332447,9948.49123855602
70,100000.0,2025-06-07 03:00:00+00:00,2025-06-07 04:00:00+00:00,YES,0.645,0.625,-0.0478573614913721,-0.0283007459980481,309.0174580753411,199.316260458595,-17.953914314177325,convergence,9977.562139926888,9995.516054241065
61,90000.0,2025-06-06 12:00:00+00:00,2025-06-07 05:00:00+00:00,YES,0.135,0.135,-0.0660978829649356,-0.0273105524853194,2134.9648663468165,288.22025695682026,-17.293215417409215,convergence,10257.135789175003,10465.215914151517
71,100000.0,2025-06-07 07:00:00+00:00,2025-06-07 09:00:00+00:00,YES,0.585,0.625,-0.0557318673077568,-0.0222570125403805,407.1576429914136,238.18722114997692,1.5064832790682487,convergence,10258.642272454072,10257.135789175003
73,110000.0,2025-06-07 12:00:00+00:00,2025-06-07 14:00:00+00:00,YES,0.635,0.665,-0.0423318924152711,-0.0273489332399785,279.25265832394615,177.32543803570582,-2.5132739249155236,convergence,9866.76408227648,10053.437892896252
68,120000.0,2025-06-06 23:00:00+00:00,2025-06-07 15:00:00+00:00,YES,0.16,0.19,-0.0415409584420963,-0.0190301142116078,1098.5265739353733,175.76425182965974,21.421268191739784,convergence,10069.22252985277,10154.657480500253
74,100000.0,2025-06-07 13:00:00+00:00,2025-06-07 15:00:00+00:00,YES,0.57,0.58,-0.0434728945855328,-0.0242764187553917,313.6783115224915,178.79663756782014,-7.685118632301027,convergence,10245.697947915323,9870.792691719475
72,115000.0,2025-06-07 09:00:00+00:00,2025-06-07 23:00:00+00:00,YES,0.345,0.405,-0.046609104248513,-0.0277224790586964,577.4711680253795,199.2275529687559,21.65516880095177,convergence,10264.961251437488,10258.642272454072
75,120000.0,2025-06-07 16:00:00+00:00,2025-06-07 23:00:00+00:00,YES,0.19,0.205,-0.0472119525583849,-0.0295353189579392,1060.7881698344734,201.54975226854992,3.341482734978598,convergence,10475.898979009073,10245.697947915323
69,95000.0,2025-06-07 02:00:00+00:00,2025-06-08 00:00:00+00:00,YES,0.32,0.28,-0.0409901210433,-0.0271407335674688,543.0391386267645,173.77252436056466,-31.49627004035233,convergence,10623.388409060102,10174.501754332447
76,115000.0,2025-06-08 00:00:00+00:00,2025-06-08 08:00:00+00:00,YES,0.39,0.38,-0.0423463913182901,-0.0299342672882266,480.621968692571,187.4425677901027,-15.908587163724121,convergence,10409.845931188906,10623.388409060102
78,100000.0,2025-06-08 13:00:00+00:00,2025-06-08 16:00:00+00:00,YES,0.545,0.53,-0.0452079111092172,-0.0252053980579073,359.7915822001792,196.0864122990977,-17.00015225895848,convergence,9992.719414640958,10409.845931188906
80,115000.0,2025-06-08 14:00:00+00:00,2025-06-08 22:00:00+00:00,YES,0.375,0.415,-0.0495372953789091,-0.0119298380537292,551.5587109147266,206.83451659302247,8.990406987910035,convergence,9832.20987922739,10020.790114322659
79,90000.0,2025-06-08 14:00:00+00:00,2025-06-08 23:00:00+00:00,YES,0.095,0.105,-0.0427052989889939,-0.0296562007918186,1911.97559732423,181.63768174580184,7.647902389296917,convergence,10026.944593814864,10207.876926520836
81,95000.0,2025-06-08 17:00:00+00:00,2025-06-09 02:00:00+00:00,YES,0.255,0.275,-0.0452017419131439,-0.0291176645659186,738.0528169788612,188.2034683296096,3.026016549613331,convergence,10223.820182743975,9992.719414640958
83,110000.0,2025-06-09 02:00:00+00:00,2025-06-09 03:00:00+00:00,YES,0.67,0.67,-0.0433223004580328,-0.0054665951114877,275.4473941453571,184.54975407738928,-11.072985244643348,convergence,10038.997086981712,10223.820182743975
84,115000.0,2025-06-09 02:00:00+00:00,2025-06-09 03:00:00+00:00,YES,0.385,0.39,-0.0403493484110097,-0.0107089459434895,438.154357628595,168.68942768700907,-7.996317026721869,convergence,10204.75088047261,10033.733936044264
82,100000.0,2025-06-08 17:00:00+00:00,2025-06-09 09:00:00+00:00,YES,0.51,0.495,-0.0448690354102357,-0.0238638287689995,359.20411595810475,183.19409913863342,-16.21806583550844,convergence,10377.222736749893,9798.86984226146
85,95000.0,2025-06-09 09:00:00+00:00,2025-06-09 11:00:00+00:00,YES,0.25,0.205,-0.0535309455857804,-0.0248599175340673,925.8375760874695,231.45939402186738,-54.30037383753012,convergence,9863.207464823903,10377.222736749893
86,110000.0,2025-06-09 09:00:00+00:00,2025-06-09 12:00:00+00:00,YES,0.68,0.815,-0.0403131375142623,-0.0237501991354293,250.445849994578,170.30317799631305,22.577693377011173,convergence,10061.197431537117,10138.81956090737
87,115000.0,2025-06-09 09:00:00+00:00,2025-06-09 12:00:00+00:00,YES,0.385,0.495,-0.0664885715046212,-0.0235041518340599,716.9401708542637,276.0219657788915,59.936198283416445,convergence,10405.436254572793,9963.407287571168
88,95000.0,2025-06-09 12:00:00+00:00,2025-06-09 14:00:00+00:00,YES,0.185,0.21,-0.0444458131455986,-0.0259587740336043,1041.6172870927471,192.69919811215823,13.697267325269593,convergence,10181.305713700747,10405.436254572793
89,100000.0,2025-06-09 12:00:00+00:00,2025-06-09 14:00:00+00:00,YES,0.405,0.445,-0.0542925705574433,-0.0176274042710817,570.1253942162642,230.90078465758702,8.266818216135817,convergence,10427.400340114198,10206.95608051727
91,115000.0,2025-06-09 14:00:00+00:00,2025-06-09 15:00:00+00:00,YES,0.445,0.475,-0.0580829209140625,-0.0277083790148767,544.5924459994961,242.34363846977578,1.3070218703987848,convergence,10015.003357631711,10013.696335761313
92,95000.0,2025-06-09 15:00:00+00:00,2025-06-09 21:00:00+00:00,YES,0.19,0.155,-0.0455399851214995,-0.0063690929125798,1000.1822453910431,190.0346266242982,-45.35826482848381,convergence,9467.170886483944,10015.003357631711
93,100000.0,2025-06-09 15:00:00+00:00,2025-06-09 21:00:00+00:00,YES,0.395,0.345,-0.05798610129842,-0.0002620346456133,600.6129230767042,237.24210461529816,-43.36425304613806,convergence,9668.166001191563,9819.267692208683
94,115000.0,2025-06-09 18:00:00+00:00,2025-06-09 21:00:00+00:00,YES,0.495,0.555,-0.0628134090866062,-0.0150562598975991,506.25642554775953,250.59693064614098,14.428308128111155,convergence,9940.7091478852,9574.908324454926
90,110000.0,2025-06-09 14:00:00+00:00,2025-06-09 22:00:00+00:00,YES,0.75,0.9995,-0.0924459082932822,-0.0004999999999999,535.5391642108538,401.65437315814034,105.50924843700136,convergence,10459.922400675086,10427.400340114198
96,115000.0,2025-06-09 22:00:00+00:00,2025-06-10 00:00:00+00:00,NO,0.62,0.645,0.0502863029547349,-0.0257441627631151,561.3099998738246,213.29779995205337,-26.40963549406348,convergence,10153.593462879004,10180.003098373068
77,120000.0,2025-06-08 00:00:00+00:00,2025-06-10 01:00:00+00:00,YES,0.19,0.32,-0.0441507106102146,-0.0655650867233083,1009.8819147034828,191.87756379366175,115.83345561648952,max_hold,10467.060809202965,10430.322564236296
97,115000.0,2025-06-10 01:00:00+00:00,2025-06-10 03:00:00+00:00,YES,0.61,0.6,-0.0604678952718619,-0.0212537552939634,432.32318088462773,263.7171403396229,-20.01656327495826,convergence,10160.161610426556,10467.060809202965
99,95000.0,2025-06-10 03:00:00+00:00,2025-06-10 06:00:00+00:00,YES,0.135,0.14,-0.0442793302839622,-0.0252622851384548,1388.534418785527,187.45214653604614,-4.512736861052957,convergence,10155.648873565502,10160.161610426556
98,120000.0,2025-06-10 01:00:00+00:00,2025-06-10 08:00:00+00:00,YES,0.32,0.315,-0.0655650867233083,-0.0264837687277486,870.3963455747918,278.52683058393336,-20.933032111073715,convergence,10421.59847695588,10195.432154653154
100,120000.0,2025-06-10 09:00:00+00:00,2025-06-10 12:00:00+00:00,YES,0.295,0.315,-0.0460431963764322,-0.024715967601254,677.7453463711954,199.93487717950265,1.1521670888310496,convergence,10422.750644044712,10421.59847695588
95,100000.0,2025-06-09 22:00:00+00:00,2025-06-10 15:00:00+00:00,YES,0.29,0.375,-0.0623560219675146,-0.0176805730268521,937.1252169468302,271.76631291458074,60.95999536239134,convergence,10570.84355164494,10459.922400675086
101,95000.0,2025-06-10 13:00:00+00:00,2025-06-10 17:00:00+00:00,YES,0.14,0.155,-0.0430990840437554,-0.0299103807691193,1336.9375177821096,187.17125248949534,8.222165734359976,convergence,10369.948406471796,10422.750644044712
103,100000.0,2025-06-10 16:00:00+00:00,2025-06-10 17:00:00+00:00,YES,0.35,0.37,-0.0422389170500305,-0.0258703070056399,520.7797470705134,182.2729114746797,-0.8332475953128267,convergence,10556.856257695403,10356.680949492176
105,115000.0,2025-06-10 19:00:00+00:00,2025-06-10 21:00:00+00:00,YES,0.605,0.63,-0.0538367507143193,-0.007143966686169,384.01833790247133,232.33109443099517,-4.627420971724774,convergence,10352.510022059016,10357.13744303074
106,100000.0,2025-06-10 21:00:00+00:00,2025-06-10 23:00:00+00:00,YES,0.3,0.32,-0.0559702727584995,-0.0117342501549145,804.7677912079762,241.43033736239286,1.1266749076911537,convergence,10353.636696966707,10352.510022059016
104,95000.0,2025-06-10 19:00:00+00:00,2025-06-11 02:00:00+00:00,YES,0.14,0.135,-0.0440817054798505,-0.0259956150485828,1385.012584359659,193.9017618103523,-18.351416742765508,convergence,10329.157230974371,10556.856257695403
108,115000.0,2025-06-11 02:00:00+00:00,2025-06-11 04:00:00+00:00,YES,0.595,0.605,-0.0460684521987123,-0.0176826109827528,333.2270911401445,198.270119228386,-8.663904369643802,convergence,10320.493326604728,10329.157230974371
107,100000.0,2025-06-11 01:00:00+00:00,2025-06-11 10:00:00+00:00,YES,0.305,0.335,-0.0463260583784151,-0.0269385542249663,655.2502432412304,199.85132418857526,7.0767026270052895,convergence,10533.416893145966,10353.636696966707
110,100000.0,2025-06-11 11:00:00+00:00,2025-06-11 12:00:00+00:00,YES,0.315,0.33,-0.056362079767992,-0.0199436615976123,771.5813115522535,243.04811313895985,-3.356378705252297,convergence,10346.074904431469,10349.43128313672
109,115000.0,2025-06-11 10:00:00+00:00,2025-06-11 13:00:00+00:00,YES,0.58,0.615,-0.040699455680054,0.0109796751561797,307.97725143830917,178.6268058342193,-0.26178066372256126,convergence,10529.798733776992,10533.416893145966
111,100000.0,2025-06-11 13:00:00+00:00,2025-06-11 14:00:00+00:00,YES,0.305,0.31,-0.057821893298358,-0.0229072052199322,831.7662552426755,253.68870784901603,-11.187256133013989,convergence,10518.611477643977,10529.798733776992
114,115000.0,2025-06-11 18:00:00+00:00,2025-06-11 21:00:00+00:00,YES,0.575,0.56,-0.0450993254952931,0.0240327033397443,329.6783669380132,189.5650609893576,-16.170723898309546,convergence,10071.699579659573,10087.870303557884
102,120000.0,2025-06-10 15:00:00+00:00,2025-06-12 03:00:00+00:00,YES,0.275,0.225,-0.0472071744382156,-0.0259516920593254,756.0903871236201,207.92485645899555,-49.14587516303533,convergence,10236.716306649303,10570.84355164494
116,115000.0,2025-06-12 11:00:00+00:00,2025-06-12 15:00:00+00:00,YES,0.425,0.455,-0.0432177688241833,-0.0114059378008283,425.2681205333835,180.738951226688,1.530965233920199,convergence,10038.455469798468,10036.924504564548
113,95000.0,2025-06-11 16:00:00+00:00,2025-06-12 17:00:00+00:00,YES,0.115,0.145,-0.0440329244077399,-0.0262628305148089,1640.4142719544825,188.6476412747655,36.41719683738947,convergence,10049.678782692412,10282.177374070892
117,115000.0,2025-06-12 16:00:00+00:00,2025-06-12 17:00:00+00:00,YES,0.415,0.455,-0.0509499231425177,-0.0104926748777808,513.5125849958016,213.10772277325765,7.137824931441656,convergence,10276.317562080309,10038.455469798468
118,115000.0,2025-06-12 18:00:00+00:00,2025-06-12 20:00:00+00:00,NO,0.495,0.395,0.0419833628154142,0.0262927831648321,355.96895100266534,179.764320256346,23.74312903187777,convergence,10300.060691112187,10276.317562080309
115,120000.0,2025-06-12 04:00:00+00:00,2025-06-12 21:00:00+00:00,YES,0.205,0.125,-0.0454769168329331,-0.1440268863174826,946.2079189427246,193.97262338325854,-85.06409191295093,stop_loss,10034.158860573503,10236.716306649303
120,115000.0,2025-06-12 21:00:00+00:00,2025-06-12 23:00:00+00:00,YES,0.34,0.34,-0.042592211607318,-0.0207578453911207,523.7463449644504,178.07375728791314,-10.684425437274797,convergence,9508.47443513623,10034.158860573503
121,120000.0,2025-06-12 21:00:00+00:00,2025-06-13 00:00:00+00:00,YES,0.125,0.125,-0.1440268863174826,0.0198262865862986,4000.0,500.0,-30.0,convergence,9993.47443513623,9850.742890566953
112,100000.0,2025-06-11 15:00:00+00:00,2025-06-13 01:00:00+00:00,YES,0.29,0.625,-0.0523752034442497,-0.0640342380810019,791.5437012825048,229.54767337192638,243.4392653294344,take_profit,10164.925403381283,10518.611477643977
119,95000.0,2025-06-12 20:00:00+00:00,2025-06-13 01:00:00+00:00,YES,0.16,0.295,-0.0861066561428202,-0.083685847399729,2309.6452713015005,369.5432434082401,280.27545367243704,take_profit,10825.830397764208,10300.060691112187
122,90000.0,2025-06-13 00:00:00+00:00,2025-06-13 02:00:00+00:00,YES,0.075,0.15,-0.0719123406097445,-0.0187217436513874,3992.5229858571697,299.43922393928773,272.4896937847518,take_profit,10731.107410158209,9993.47443513623
123,95000.0,2025-06-13 01:00:00+00:00,2025-06-13 02:00:00+00:00,YES,0.295,0.345,-0.083685847399729,-0.0167055143160441,1279.6169359359367,377.4869961011013,39.41220162682686,convergence,11159.33121776917,10825.830397764208
124,100000.0,2025-06-13 01:00:00+00:00,2025-06-13 03:00:00+00:00,YES,0.625,0.65,-0.0640342380810019,-0.0091125263047421,445.5510307791575,278.4693942369734,-5.903551157823813,convergence,11440.251142675428,10437.018791780074
125,100000.0,2025-06-13 04:00:00+00:00,2025-06-13 06:00:00+00:00,YES,0.595,0.605,-0.0402649685369422,-0.0247031257958059,322.5779778113047,191.9338967977263,-8.387027423093912,convergence,11202.426913985913,11440.251142675428
126,95000.0,2025-06-13 05:00:00+00:00,2025-06-13 08:00:00+00:00,YES,0.285,0.275,-0.0475524249878464,0.0069508306630667,781.5949625836192,222.75456433633147,-20.946744997240984,convergence,11410.917370255094,11242.55922897377
127,100000.0,2025-06-13 08:00:00+00:00,2025-06-13 15:00:00+00:00,YES,0.535,0.54,-0.0557462233515396,-0.0067367440801466,495.4170937447067,265.0481451534181,-13.500115804543213,convergence,11182.642279408523,11410.917370255094
128,115000.0,2025-06-13 13:00:00+00:00,2025-06-13 16:00:00+00:00,YES,0.275,0.305,-0.0449317865007333,-0.0210339302898984,758.252339071589,208.51939324468697,9.553979472302018,convergence,11158.755207498989,11137.917780747073
129,120000.0,2025-06-13 15:00:00+00:00,2025-06-13 16:00:00+00:00,YES,0.105,0.125,-0.0517201056565974,-0.0275652780194843,2295.10888972596,240.98643342122583,30.065926455410107,convergence,11437.037160378262,11182.642279408523
130,95000.0,2025-06-13 17:00:00+00:00,2025-06-13 19:00:00+00:00,YES,0.23,0.265,-0.053179551445624,-0.0171218176999417,1101.841496477988,253.42354418993722,22.20210615403147,convergence,10996.490576908664,11437.037160378262
131,100000.0,2025-06-13 17:00:00+00:00,2025-06-13 20:00:00+00:00,YES,0.485,0.545,-0.0964789120712799,-0.0090516924624194,926.3310772167538,449.2705724501256,26.956234347007523,convergence,11291.664244272864,11176.010909862627
132,120000.0,2025-06-13 19:00:00+00:00,2025-06-13 22:00:00+00:00,YES,0.11,0.125,-0.0412201248437018,-0.0296534888135577,1716.9572516013845,188.8652976761523,13.64981015023102,convergence,11499.845311029532,10996.490576908664
133,100000.0,2025-06-13 23:00:00+00:00,2025-06-14 02:00:00+00:00,YES,0.485,0.515,-0.0541286332609183,-0.0121178197780884,534.7688225068803,259.3628789158369,5.684341886080802e-14,convergence,11499.845311029532,11499.845311029532
135,115000.0,2025-06-14 04:00:00+00:00,2025-06-14 05:00:00+00:00,YES,0.285,0.29,-0.0416307338074382,-0.0166611619313332,685.853375284836,195.46821195617827,-8.401703847239247,convergence,11260.285292273138,11268.686996120377
136,100000.0,2025-06-14 09:00:00+00:00,2025-06-14 10:00:00+00:00,YES,0.54,0.555,-0.0442813006991047,-0.0174061149784604,384.73771526609016,207.7583662436887,-6.867568217499667,convergence,11253.41772405564,11260.285292273138
134,120000.0,2025-06-14 03:00:00+00:00,2025-06-14 14:00:00+00:00,YES,0.11,0.095,-0.0468372662175364,-0.0258663630106738,2040.23225868628,224.4255484554908,-43.15091227121482,convergence,10831.31206493035,11499.845311029532
138,100000.0,2025-06-14 11:00:00+00:00,2025-06-14 17:00:00+00:00,YES,0.53,0.575,-0.0420989396186031,-0.0255726644509931,365.48820313631524,193.70874766224708,4.331035207165314,convergence,11035.163110229629,11043.057107879216
139,95000.0,2025-06-14 12:00:00+00:00,2025-06-14 19:00:00+00:00,YES,0.225,0.245,-0.0430266444000206,-0.0287341833508147,864.0018791572538,194.4004228103821,5.097611087027786,convergence,11240.49315681135,10843.537097787103
137,115000.0,2025-06-14 10:00:00+00:00,2025-06-14 21:00:00+00:00,YES,0.25,0.245,-0.0435566039643297,-0.0273321501909413,816.9344317531002,204.23360793827504,-16.216148470299032,convergence,11434.637624517474,11253.41772405564
140,120000.0,2025-06-14 21:00:00+00:00,2025-06-15 00:00:00+00:00,YES,0.085,0.105,-0.0412698978246316,-0.0228386782910134,2313.266306007472,196.62763601063514,33.07970817590683,convergence,11032.298551561718,11434.637624517474
143,100000.0,2025-06-15 01:00:00+00:00,2025-06-15 02:00:00+00:00,YES,0.495,0.51,-0.0450866351439579,-0.0296092475854424,418.6946292874398,207.2538414972827,-6.343223633704696,convergence,11025.955327928014,11032.298551561718
141,95000.0,2025-06-14 23:00:00+00:00,2025-06-15 04:00:00+00:00,YES,0.225,0.215,-0.0464861253963563,-0.0284433194442809,966.920977449841,217.55721992621423,-22.43256667683633,convergence,11227.606697775178,11232.11115942652
142,115000.0,2025-06-14 23:00:00+00:00,2025-06-15 09:00:00+00:00,YES,0.255,0.265,-0.0447337834391808,-0.0208530993820394,804.6253364083794,205.17946078413675,-4.5059018838869065,convergence,10830.619584517752,11008.02722290252
144,95000.0,2025-06-15 06:00:00+00:00,2025-06-15 09:00:00+00:00,YES,0.19,0.215,-0.0523155607777793,-0.0256150065471439,1288.1108346194285,244.74105857769143,16.55222422485957,convergence,11099.255099077633,11227.606697775178
147,120000.0,2025-06-15 10:00:00+00:00,2025-06-15 12:00:00+00:00,YES,0.09,0.095,-0.0402298130200085,-0.0295862950253647,2022.6241158520277,182.03617042668247,-1.1124432637185748,convergence,10858.664827059412,10859.777270323131
145,100000.0,2025-06-15 06:00:00+00:00,2025-06-15 13:00:00+00:00,YES,0.455,0.515,-0.0746726568149104,-0.0260046356115762,750.5233450254531,341.4881219865812,23.19117136128648,convergence,11233.588764066877,10975.523407440156
146,115000.0,2025-06-15 10:00:00+00:00,2025-06-15 13:00:00+00:00,YES,0.235,0.27,-0.0502742378917839,-0.0198565727639577,989.3733887812491,232.50274636359353,19.639061767307794,convergence,11492.705654588686,11099.255099077633
149,120000.0,2025-06-15 14:00:00+00:00,2025-06-15 15:00:00+00:00,YES,0.095,0.115,-0.0428801691425246,-0.0257334319206738,2108.3327041369507,200.29160689301034,28.88415804667622,convergence,11239.191070444347,11210.306912397671
150,115000.0,2025-06-15 15:00:00+00:00,2025-06-15 18:00:00+00:00,YES,0.28,0.29,-0.0443631089518973,-0.0157160702921723,741.9724077221931,207.7522741622141,-5.268004094827603,convergence,11233.92306634952,11239.191070444347
148,100000.0,2025-06-15 14:00:00+00:00,2025-06-15 21:00:00+00:00,YES,0.49,0.585,-0.0572551413422781,-0.0028626975907886,559.5378287913894,274.1735361077808,35.110998756659626,convergence,11551.432807297195,11492.705654588686
151,115000.0,2025-06-15 23:00:00+00:00,2025-06-16 00:00:00+00:00,YES,0.27,0.285,-0.0448789702984225,-0.0250810311796332,800.0253238625216,216.00683744288085,-1.3200417843731884,convergence,11550.112765512822,11551.432807297195
152,100000.0,2025-06-16 00:00:00+00:00,2025-06-16 02:00:00+00:00,YES,0.5,0.485,-0.0473972774074047,-0.0266255092315532,456.2032490281813,228.10162451409064,-20.32385474420545,convergence,11529.788910768617,11550.112765512822
153,115000.0,2025-06-16 05:00:00+00:00,2025-06-16 06:00:00+00:00,YES,0.31,0.325,-0.0433943556962583,-0.0277856245136325,672.4835498611128,208.46990045694497,-2.7235583769375182,convergence,11527.065352391679,11529.788910768617
155,120000.0,2025-06-16 07:00:00+00:00,2025-06-16 10:00:00+00:00,YES,0.125,0.135,-0.0488638418271367,-0.0293194154235799,1817.7628105982778,227.22035132478473,3.9990781833162146,convergence,10946.114819410783,11160.171259326424
156,100000.0,2025-06-16 08:00:00+00:00,2025-06-16 19:00:00+00:00,YES,0.37,0.265,-0.0465023139727693,-0.0555973469168141,572.1740175779461,211.70438650384006,-70.9781868805442,stop_loss,10866.613075809384,10926.134297461895
157,120000.0,2025-06-16 12:00:00+00:00,2025-06-16 22:00:00+00:00,YES,0.115,0.155,-0.0482318385115393,-0.027579458817991,1912.8668199224207,219.9796842910784,61.02045155552523,convergence,10894.92947606132,10946.114819410783
159,120000.0,2025-06-16 23:00:00+00:00,2025-06-17 06:00:00+00:00,YES,0.125,0.12,-0.0569970422721988,-0.0289275960531755,2069.929186332306,258.74114829153825,-25.56362545120399,convergence,10869.365850610116,10894.92947606132
160,120000.0,2025-06-17 08:00:00+00:00,2025-06-17 10:00:00+00:00,YES,0.095,0.095,-0.0443079307473986,-0.0201477189231995,2112.2767955130366,200.66629557373847,-12.039977734424298,convergence,10857.325872875694,10869.365850610116
154,115000.0,2025-06-16 07:00:00+00:00,2025-06-17 11:00:00+00:00,YES,0.315,0.24,-0.0741644843238789,-0.0290776975054934,1130.8185947457414,356.2078573449085,-103.6395242084472,convergence,11120.580441732502,11527.065352391679
158,100000.0,2025-06-16 19:00:00+00:00,2025-06-17 16:00:00+00:00,YES,0.265,0.52,-0.0555973469168141,-0.1350897946571108,949.9290204191237,251.73119041106781,219.8610717760062,take_profit,11056.768747350958,10866.613075809384
161,115000.0,2025-06-17 13:00:00+00:00,2025-06-17 16:00:00+00:00,YES,0.225,0.165,-0.0529171219829587,-0.0436244665024925,1089.7576143638214,245.19546323185983,-78.13562094988598,stop_loss,11231.184453529888,11120.580441732502
162,95000.0,2025-06-17 15:00:00+00:00,2025-06-17 17:00:00+00:00,YES,0.195,0.285,-0.0622625155202416,-0.0275909872628147,1445.877844919764,281.946179759354,109.30836507593415,convergence,10915.26719016655,10868.029114603685
163,100000.0,2025-06-17 16:00:00+00:00,2025-06-17 19:00:00+00:00,YES,0.52,0.51,-0.1350897946571108,-0.0263692704606318,961.5384615384615,500.0,-39.32692307692304,convergence,11124.348657564398,11231.184453529888
165,95000.0,2025-06-17 18:00:00+00:00,2025-06-18 01:00:00+00:00,YES,0.255,0.195,-0.0569096772485734,-0.0246449126641536,1015.0070798600016,258.8268053643004,-74.60302036971015,convergence,10801.337246719917,10915.26719016655
167,95000.0,2025-06-18 04:00:00+00:00,2025-06-18 07:00:00+00:00,YES,0.17,0.185,-0.042704331231367,-0.0256961818233306,1130.5487341314436,192.19328480234543,4.917886993471768,convergence,10806.25513371339,10801.337246719917
168,95000.0,2025-06-18 09:00:00+00:00,2025-06-18 11:00:00+00:00,YES,0.165,0.2,-0.0443498082188119,-0.0203015456510403,1210.240764504395,199.6897261432252,29.1062903863307,convergence,10835.361424099721,10806.25513371339
169,95000.0,2025-06-18 13:00:00+00:00,2025-06-18 14:00:00+00:00,YES,0.195,0.21,-0.0529785740900403,-0.0002296040063348,1226.5854658098967,239.1841658329299,3.4957685775581524,convergence,10838.857192677278,10835.361424099721
164,115000.0,2025-06-17 16:00:00+00:00,2025-06-18 19:00:00+00:00,YES,0.165,0.105,-0.0436244665024925,-0.0763629905409965,1180.5248225443067,194.78659571981063,-80.39374041526732,stop_loss,10711.718904153851,10716.184453529888
170,95000.0,2025-06-18 16:00:00+00:00,2025-06-18 19:00:00+00:00,YES,0.165,0.205,-0.0531796991950978,-0.0259955721122546,1455.5736493060604,240.16965213549997,42.06607846494509,convergence,11001.15972431836,10838.857192677278
166,100000.0,2025-06-17 20:00:00+00:00,2025-06-18 20:00:00+00:00,YES,0.455,0.5,-0.1295480218875103,-0.0235889665962949,1098.901098901099,500.0,17.967032967032992,convergence,11173.591799099078,11124.348657564398
171,115000.0,2025-06-18 19:00:00+00:00,2025-06-19 14:00:00+00:00,YES,0.105,0.145,-0.0763629905409965,-0.0288190091728972,3333.6565713020427,350.0339399867145,108.34383856731637,convergence,10886.59313643429,11001.15972431836
172,95000.0,2025-06-18 21:00:00+00:00,2025-06-19 14:00:00+00:00,YES,0.155,0.175,-0.0597382197625697,-0.0217682889850255,1794.329253848998,278.1210343465947,18.122725463874872,convergence,11191.180527275157,11173.591799099078
174,115000.0,2025-06-19 17:00:00+00:00,2025-06-19 19:00:00+00:00,YES,0.125,0.135,-0.0462095179695019,-0.0278675607144482,1723.7968589168706,215.47460736460883,3.792353089617137,convergence,11194.972880364774,11191.180527275157
175,95000.0,2025-06-19 23:00:00+00:00,2025-06-20 07:00:00+00:00,YES,0.16,0.135,-0.0504206950078383,-0.0240520768367433,1469.943524015347,235.19096384245555,-49.7575882879195,convergence,10912.845406384673,11194.972880364774
173,100000.0,2025-06-18 21:00:00+00:00,2025-06-20 10:00:00+00:00,YES,0.405,0.3,-0.1004651980949411,-0.1108857731911003,1125.2853746648123,455.74057673924904,-141.95475001396613,stop_loss,11044.312738335468,10887.127133722086
176,115000.0,2025-06-20 06:00:00+00:00,2025-06-20 14:00:00+00:00,YES,0.125,0.145,-0.049434669010397,-0.0013725433334934,1804.8146461528725,225.60183076910906,21.477294289219145,convergence,10783.15991831687,10952.726187607044
179,115000.0,2025-06-20 15:00:00+00:00,2025-06-20 17:00:00+00:00,YES,0.085,0.095,-0.0483741290768623,-0.0238450313732193,2556.990047770138,217.34415406046176,11.762154219742627,convergence,10794.922072536612,10783.15991831687
177,95000.0,2025-06-20 09:00:00+00:00,2025-06-20 18:00:00+00:00,YES,0.095,0.195,-0.041847691445892,-0.0618397040882703,2002.9709972066041,190.2822447346274,182.87125204496294,take_profit,11173.784036658242,10912.845406384673
178,100000.0,2025-06-20 10:00:00+00:00,2025-06-20 18:00:00+00:00,YES,0.3,0.54,-0.1108857731911003,-0.1149726815395463,1666.6666666666667,500.0,358.0000000000001,take_profit,12046.784036658242,11044.312738335468
180,95000.0,2025-06-20 18:00:00+00:00,2025-06-21 09:00:00+00:00,YES,0.195,0.145,-0.0618397040882703,-0.0582438374722827,1591.8152992355647,310.4039833509351,-95.82728101398101,stop_loss,11435.95675564426,12046.784036658242
182,95000.0,2025-06-21 09:00:00+00:00,2025-06-21 20:00:00+00:00,YES,0.145,0.235,-0.0582438374722827,-0.0244376712719924,1914.00576613735,277.53083608991574,150.44085321839572,convergence,11586.397608862655,11435.95675564426
181,100000.0,2025-06-20 18:00:00+00:00,2025-06-22 00:00:00+00:00,YES,0.54,0.68,-0.1149726815395463,0.0164117423166058,925.9259259259259,500.0,95.74074074074076,convergence,11682.138349603396,11727.067933806778
183,95000.0,2025-06-21 21:00:00+00:00,2025-06-22 08:00:00+00:00,YES,0.205,0.22,-0.1125283523630447,-0.0281174879314564,2439.0243902439024,500.0,5.487804878048792,convergence,11687.626154481444,11586.397608862655
185,95000.0,2025-06-22 09:00:00+00:00,2025-06-22 14:00:00+00:00,YES,0.195,0.375,-0.0521249117674803,-0.1357618153528857,1301.7446198154707,253.84020086401682,212.05419856794015,take_profit,11681.385081932127,11687.626154481444
186,90000.0,2025-06-22 13:00:00+00:00,2025-06-22 14:00:00+00:00,YES,0.067,0.1535,-0.0445161538939952,-0.0097170271323291,3163.241140664488,211.9371564245207,252.6955185219826,take_profit,12152.375871571367,11426.170747591506
184,100000.0,2025-06-22 01:00:00+00:00,2025-06-22 15:00:00+00:00,YES,0.565,0.9995,-0.1445513496661064,-0.0004999999999999,884.9557522123895,500.0,342.9778761061948,convergence,12495.353747677562,11682.138349603396
187,95000.0,2025-06-22 14:00:00+00:00,2025-06-22 16:00:00+00:00,YES,0.375,0.535,-0.1357618153528857,-0.0251575659119669,1333.3333333333333,500.0,176.9333333333334,convergence,13187.287081010894,12152.375871571367
189,95000.0,2025-06-22 17:00:00+00:00,2025-06-22 18:00:00+00:00,YES,0.485,0.48,-0.0743097930132673,0.0019823256646646,815.0619504896963,395.3050459875027,-27.671353219125194,convergence,12739.584103953513,12767.25545717264
190,95000.0,2025-06-22 19:00:00+00:00,2025-06-22 20:00:00+00:00,YES,0.49,0.555,-0.0422517463760803,-0.0073061272284963,457.71230994641843,224.27903187374503,15.402019229697004,convergence,12754.986123183211,12739.584103953513
191,95000.0,2025-06-22 22:00:00+00:00,2025-06-22 23:00:00+00:00,NO,0.51,0.36,0.0986763281352206,-0.0031535538819306,1020.4081632653061,500.0,118.46938775510205,convergence,12873.455510938313,12754.986123183211
188,90000.0,2025-06-22 16:00:00+00:00,2025-06-23 03:00:00+00:00,NO,0.232,0.103,0.0742165130174304,0.0234388878636301,530.9865794880843,407.79769304684874,41.97448910853308,convergence,13335.4616238851,13187.287081010894
192,95000.0,2025-06-23 03:00:00+00:00,2025-06-23 05:00:00+00:00,YES,0.295,0.285,-0.0484410497930141,-0.0141442979485039,912.406441434247,269.15990022310285,-24.999936495298385,convergence,13310.461687389801,13335.4616238851
194,95000.0,2025-06-23 09:00:00+00:00,2025-06-23 10:00:00+00:00,YES,0.235,0.265,-0.0532611871176286,-0.026277832053586,1216.0779226362981,285.77831181953,18.24116883954457,convergence,12895.685054048416,12877.443885208872
193,90000.0,2025-06-23 06:00:00+00:00,2025-06-23 13:00:00+00:00,NO,0.1355,0.0935,0.0758030445030148,0.0297965923911787,486.2991708332768,420.4056331853678,-5.412509771374403,convergence,13323.29034645797,13310.461687389801
195,95000.0,2025-06-23 13:00:00+00:00,2025-06-23 14:00:00+00:00,YES,0.26,0.205,-0.0493308368636519,-0.0251003424410721,1053.2837541156835,273.8537760700777,-72.62391484627634,convergence,13250.666431611693,13323.29034645797
196,95000.0,2025-06-23 16:00:00+00:00,2025-06-23 18:00:00+00:00,YES,0.265,0.205,-0.0988644340524877,0.0291924516362377,1886.7924528301885,500.0,-139.81132075471703,convergence,12739.818003720993,13250.666431611693
197,90000.0,2025-06-23 17:00:00+00:00,2025-06-23 19:00:00+00:00,NO,0.113,0.0545,0.0678843535428196,0.0153218201339602,406.1219854598591,360.230201102895,1.431579998745974,convergence,13112.28669085572,12735.666431611693
198,95000.0,2025-06-23 22:00:00+00:00,2025-06-23 23:00:00+00:00,NO,0.135,0.095,0.0492776846701826,0.0144140453988541,311.2442817230349,269.22630369042514,-4.077300090571725,convergence,12830.41082073934,13112.28669085572
199,115000.0,2025-06-23 22:00:00+00:00,2025-06-23 23:00:00+00:00,YES,0.077,0.1515,-0.0504322918646503,0.0224439485487925,3502.6928511638976,269.7073495396201,236.93965791698184,take_profit,13345.149048682131,12834.983598054583
200,115000.0,2025-06-24 16:00:00+00:00,2025-06-24 17:00:00+00:00,YES,0.0845,0.1105,-0.0526985493400786,-0.0243558051446445,3467.8007672222802,293.0291648302827,69.87618545952893,convergence,13415.02523414166,13345.149048682131
201,115000.0,2025-06-25 03:00:00+00:00,2025-06-25 07:00:00+00:00,YES,0.097,0.0725,-0.040073305713935,-0.0639407111665584,2309.2113718552887,223.993503069963,-68.31801843633872,stop_loss,13346.707215705323,13415.02523414166
202,115000.0,2025-06-25 07:00:00+00:00,2025-06-25 14:00:00+00:00,YES,0.0725,0.162,-0.0639407111665584,-0.0303563997725414,4904.58592588526,355.5824796266813,404.45667837812795,take_profit,13751.16389408345,13346.707215705323
203,115000.0,2025-06-25 16:00:00+00:00,2025-06-26 13:00:00+00:00,YES,0.0835,0.0575,-0.0795948462997426,-0.0461985138972632,5461.685511936837,456.0507402467259,-165.10675302585054,stop_loss,13586.057141057598,13751.16389408345
204,115000.0,2025-06-26 13:00:00+00:00,2025-06-27 00:00:00+00:00,YES,0.0575,0.0335,-0.0461985138972632,-0.0545156369594444,4548.22934521856,261.52318735006725,-121.57417039769211,stop_loss,13464.482970659905,13586.057141057598
