trade_seq,trade_id,timestamp,tick_direction,price,mark_price,iv,instrument_name,index_price,direction,contracts,amount,block_trade_leg_count,block_trade_id,combo_id,block_rfq_id,combo_trade_id,unix_sec
182,ETH-252265212,1748655575187,0,0.014,0.014886,73.24,ETH-25JUL25-1800-P,2496.34,sell,18.0,18.0,,,,,,1748655575.187
183,ETH-252265213,1748655575193,1,0.014,0.014886,73.24,ETH-25JUL25-1800-P,2496.34,sell,3.0,3.0,,,,,,1748655575.193
184,ETH-252495229,1748849607055,1,0.014,0.013668,75.33,ETH-25JUL25-1800-P,2506.43,buy,1.0,1.0,,,,,,1748849607.055
185,ETH-252500892,1748853337938,2,0.0135,0.013569,74.8,ETH-25JUL25-1800-P,2510.57,sell,21.0,21.0,,,,,,1748853337.938
186,ETH-252500893,1748853337940,3,0.0135,0.013569,74.8,ETH-25JUL25-1800-P,2510.57,buy,79.0,79.0,,,,,,1748853337.94
187,ETH-252502263,1748854316394,0,0.014,0.014034,74.54,ETH-25JUL25-1800-P,2494.83,buy,50.0,50.0,,,,,,1748854316.394
188,ETH-252617718,1748914131552,2,0.01,0.010182,76.56,ETH-25JUL25-1800-P,2629.73,sell,30.0,30.0,,,,,,1748914131.552
189,ETH-252617719,1748914131554,3,0.01,0.010182,76.56,ETH-25JUL25-1800-P,2629.73,buy,70.0,70.0,,,,,,1748914131.554
190,ETH-252636466,1748936078908,0,0.011,0.01046,77.94,ETH-25JUL25-1800-P,2616.95,buy,4.0,4.0,,,,,,1748936078.908
191,ETH-252653259,1748953426151,2,0.01,0.010272,75.33,ETH-25JUL25-1800-P,2604.18,sell,5.0,5.0,,,,,,1748953426.151
192,ETH-252719801,1749003761819,2,0.0095,0.009784,75.55,ETH-25JUL25-1800-P,2618.97,sell,1.0,1.0,,,,,,1749003761.819
193,ETH-252724785,1749009465316,3,0.0095,0.009493,76.22,ETH-25JUL25-1800-P,2629.43,buy,50.0,50.0,,,,,,1749009465.316
194,ETH-252724975,1749009757478,3,0.0095,0.009475,76.2,ETH-25JUL25-1800-P,2628.99,buy,50.0,50.0,,,,,,1749009757.478
195,ETH-252746676,1749037565679,2,0.0085,0.009075,74.45,ETH-25JUL25-1800-P,2630.56,sell,3.0,3.0,,,,,,1749037565.679
196,ETH-252777114,1749051669482,3,0.0085,0.008167,76.73,ETH-25JUL25-1800-P,2669.27,sell,50.0,50.0,,,,,,1749051669.482
197,ETH-252835115,1749112468033,3,0.0085,0.00896,73.86,ETH-25JUL25-1800-P,2609.55,sell,5.0,5.0,,,,,,1749112468.033
198,ETH-252991381,1749158966151,0,0.0155,0.015075,73.95,ETH-25JUL25-1800-P,2421.03,buy,61.0,61.0,,,,,,1749158966.151
199,ETH-253044308,1749184187734,2,0.014,0.014106,74.05,ETH-25JUL25-1800-P,2452.17,buy,50.0,50.0,,,,,,1749184187.734
200,ETH-253044891,1749185114589,3,0.014,0.013995,74.22,ETH-25JUL25-1800-P,2454.51,buy,50.0,50.0,,,,,,1749185114.589
201,ETH-253058878,1749194681066,2,0.0136,0.0134,74.34,ETH-25JUL25-1800-P,2463.75,buy,500.0,500.0,4.0,BLOCK-203618,ETH-ICOND-25JUL25-1800_2300_3000_4000,,,1749194681.066
202,ETH-253072259,1749200869237,2,0.0125,0.013021,72.59,ETH-25JUL25-1800-P,2463.62,sell,20.0,20.0,,,,,,1749200869.237
203,ETH-253074888,1749202052461,3,0.0125,0.012482,73.55,ETH-25JUL25-1800-P,2476.52,buy,11.0,11.0,,,,,,1749202052.461
204,ETH-253136344,1749261588591,2,0.012,0.012074,72.86,ETH-25JUL25-1800-P,2473.24,buy,1.0,1.0,,,,,,1749261588.591
205,ETH-253142520,1749275406093,2,0.0115,0.011437,73.74,ETH-25JUL25-1800-P,2496.53,buy,1.0,1.0,,,,,,1749275406.093
206,ETH-253158627,1749300085395,2,0.011,0.011033,73.63,ETH-25JUL25-1800-P,2506.03,sell,1.0,1.0,,,,,,1749300085.395
207,ETH-253158628,1749300085395,3,0.011,0.011033,73.63,ETH-25JUL25-1800-P,2506.03,sell,3.0,3.0,,,,,,1749300085.395
208,ETH-253158631,1749300086099,3,0.011,0.011002,73.68,ETH-25JUL25-1800-P,2506.63,sell,1.0,1.0,,,,,,1749300086.099
209,ETH-253162286,1749303973314,3,0.011,0.011001,74.06,ETH-25JUL25-1800-P,2511.54,sell,2.0,2.0,,,,,,1749303973.314
210,ETH-253162288,1749303976267,3,0.011,0.010965,74.15,ETH-25JUL25-1800-P,2512.81,sell,1.0,1.0,,,,,,1749303976.267
211,ETH-253162308,1749303977617,3,0.011,0.010971,74.15,ETH-25JUL25-1800-P,2512.86,sell,5.0,5.0,,,,,,1749303977.617
212,ETH-253162309,1749303978030,3,0.011,0.010975,74.16,ETH-25JUL25-1800-P,2512.98,sell,1.0,1.0,,,,,,1749303978.03
213,ETH-253162311,1749303978061,3,0.011,0.010975,74.16,ETH-25JUL25-1800-P,2512.98,sell,1.0,1.0,,,,,,1749303978.061
214,ETH-253162312,1749303978263,3,0.011,0.010975,74.16,ETH-25JUL25-1800-P,2512.98,sell,7.0,7.0,,,,,,1749303978.263
215,ETH-253162313,1749303978530,3,0.011,0.010975,74.16,ETH-25JUL25-1800-P,2512.98,sell,1.0,1.0,,,,,,1749303978.53
216,ETH-253162314,1749303979070,3,0.011,0.010976,74.19,ETH-25JUL25-1800-P,2513.32,sell,6.0,6.0,,,,,,1749303979.07
217,ETH-253162334,1749303979253,3,0.011,0.010976,74.19,ETH-25JUL25-1800-P,2513.32,sell,6.0,6.0,,,,,,1749303979.253
218,ETH-253162338,1749303979409,3,0.011,0.010976,74.19,ETH-25JUL25-1800-P,2513.32,sell,10.0,10.0,,,,,,1749303979.409
219,ETH-253162340,1749303980726,3,0.011,0.010969,74.24,ETH-25JUL25-1800-P,2514.05,sell,6.0,6.0,,,,,,1749303980.726
220,ETH-253164459,1749305261569,2,0.0105,0.011034,73.16,ETH-25JUL25-1800-P,2511.33,sell,2.0,2.0,,,,,,1749305261.569
221,ETH-253165101,1749305928784,0,0.0115,0.011206,74.92,ETH-25JUL25-1800-P,2509.59,buy,50.0,50.0,,,,,,1749305928.784
222,ETH-253190455,1749348518745,2,0.0105,0.011169,73.73,ETH-25JUL25-1800-P,2514.3,sell,1.0,1.0,,,,,,1749348518.745
223,ETH-253216912,1749405121964,2,0.01,0.010573,74.25,ETH-25JUL25-1800-P,2528.57,sell,15.0,15.0,,,,,,1749405121.964
224,ETH-253216913,1749405121964,3,0.01,0.010573,74.25,ETH-25JUL25-1800-P,2528.57,sell,66.0,66.0,,,,,,1749405121.964
225,ETH-253216914,1749405121964,3,0.01,0.010573,74.25,ETH-25JUL25-1800-P,2528.57,sell,19.0,19.0,,,,,,1749405121.964
226,ETH-253247938,1749447706080,0,0.0115,0.011574,74.42,ETH-25JUL25-1800-P,2485.51,sell,50.0,50.0,,,,,,1749447706.08
227,ETH-253255169,1749459292398,2,0.011,0.011101,74.46,ETH-25JUL25-1800-P,2497.82,sell,50.0,50.0,,,,,,1749459292.398
228,ETH-253461964,1749563077799,2,0.008,0.00799,83.84,ETH-25JUL25-1800-P,2723.8,buy,1.0,1.0,,,,,,1749563077.799
229,ETH-253461967,1749563077996,3,0.008,0.00799,83.84,ETH-25JUL25-1800-P,2723.8,buy,1.0,1.0,,,,,,1749563077.996
230,ETH-253474504,1749567466236,2,0.0075,0.007746,83.38,ETH-25JUL25-1800-P,2737.35,sell,1.0,1.0,,,,,,1749567466.236
231,ETH-253475896,1749568014403,3,0.0075,0.007593,83.88,ETH-25JUL25-1800-P,2745.04,sell,50.0,50.0,,,,,,1749568014.403
232,ETH-253596450,1749627630481,2,0.0065,0.006645,84.97,ETH-25JUL25-1800-P,2800.47,sell,1.0,1.0,,,,,,1749627630.481
234,ETH-253618484,1749641686450,3,0.0065,0.0068,83.24,ETH-25JUL25-1800-P,2769.68,sell,5.0,5.0,,,,,,1749641686.45
233,ETH-253618483,1749641686450,3,0.0065,0.0068,83.24,ETH-25JUL25-1800-P,2769.68,sell,45.0,45.0,,,,,,1749641686.45
235,ETH-253642944,1749647363734,3,0.0065,0.006375,85.88,ETH-25JUL25-1800-P,2813.7,sell,5.0,5.0,,,,,,1749647363.734
236,ETH-253722080,1749667886503,2,0.006,0.006072,85.58,ETH-25JUL25-1800-P,2831.76,sell,25.0,25.0,,,,,,1749667886.503
237,ETH-253767533,1749690290835,0,0.0065,0.006545,83.58,ETH-25JUL25-1800-P,2766.52,buy,1.0,1.0,,,,,,1749690290.835
238,ETH-253767534,1749690290835,1,0.0065,0.006545,83.58,ETH-25JUL25-1800-P,2766.52,buy,1.0,1.0,,,,,,1749690290.835
239,ETH-253781982,1749705725726,0,0.007,0.0064,84.98,ETH-25JUL25-1800-P,2762.95,buy,100.0,100.0,,,,,,1749705725.726
240,ETH-253807083,1749725853209,2,0.0068,0.006517,83.27,ETH-25JUL25-1800-P,2741.43,buy,500.0,500.0,2.0,BLOCK-204822,ETH-PS-25JUL25-2300_1800,,,1749725853.209
241,ETH-253813159,1749728030616,2,0.0065,0.006746,81.71,ETH-25JUL25-1800-P,2728.02,sell,3.0,3.0,,,,,,1749728030.616
242,ETH-253877930,1749758591025,0,0.007,0.007042,81.7,ETH-25JUL25-1800-P,2700.41,sell,22.0,22.0,,,,,,1749758591.025
243,ETH-253907745,1749762366080,0,0.008,0.007863,81.19,ETH-25JUL25-1800-P,2650.44,sell,1.0,1.0,,,,,,1749762366.08
244,ETH-253992724,1749775959058,0,0.0115,0.011608,80.09,ETH-25JUL25-1800-P,2519.53,buy,3.0,3.0,,,,,,1749775959.058
245,ETH-253995708,1749776240936,2,0.011,0.011233,80.05,ETH-25JUL25-1800-P,2532.38,sell,23.0,23.0,,,,,,1749776240.936
246,ETH-253995709,1749776240939,3,0.011,0.011233,80.05,ETH-25JUL25-1800-P,2532.38,buy,2.0,2.0,,,,,,1749776240.939
247,ETH-254055917,1749782135941,0,0.013,0.013246,80.81,ETH-25JUL25-1800-P,2490.18,sell,26.0,26.0,,,,,,1749782135.941
248,ETH-254055918,1749782135943,1,0.013,0.013246,80.81,ETH-25JUL25-1800-P,2490.18,buy,74.0,74.0,,,,,,1749782135.943
249,ETH-254071100,1749783707858,0,0.0135,0.013178,81.23,ETH-25JUL25-1800-P,2483.47,buy,2.0,2.0,,,,,,1749783707.858
250,ETH-254083692,1749787169521,2,0.012,0.012086,81.13,ETH-25JUL25-1800-P,2518.75,buy,50.0,50.0,,,,,,1749787169.521
251,ETH-254084915,1749787680276,0,0.0125,0.012497,80.92,ETH-25JUL25-1800-P,2503.3,buy,50.0,50.0,,,,,,1749787680.276
252,ETH-254105870,1749799805717,2,0.012,0.011903,82.52,ETH-25JUL25-1800-P,2535.41,sell,1.0,1.0,,,,,,1749799805.717
253,ETH-254133600,1749809103159,3,0.012,0.012059,81.03,ETH-25JUL25-1800-P,2514.51,buy,6.0,6.0,,,,,,1749809103.159
254,ETH-254148238,1749817932998,2,0.011,0.010795,82.51,ETH-25JUL25-1800-P,2560.73,sell,1.0,1.0,,,,,,1749817932.998
255,ETH-254198047,1749838602659,0,0.012,0.012063,82.13,ETH-25JUL25-1800-P,2524.84,buy,1.0,1.0,,,,,,1749838602.659
256,ETH-254255469,1749894499183,2,0.0115,0.011601,82.0,ETH-25JUL25-1800-P,2527.91,buy,1.0,1.0,,,,,,1749894499.183
257,ETH-254279533,1749920072030,0,0.012,0.012069,81.31,ETH-25JUL25-1800-P,2500.05,sell,50.0,50.0,,,,,,1749920072.03
258,ETH-254289380,1749929293273,2,0.011,0.01146,80.6,ETH-25JUL25-1800-P,2515.84,sell,8.0,8.0,,,,,,1749929293.273
259,ETH-254295927,1749937695533,3,0.011,0.011109,81.65,ETH-25JUL25-1800-P,2529.01,buy,2.0,2.0,,,,,,1749937695.533
260,ETH-254337649,1750001138636,0,0.0118,0.011673,85.67,ETH-25JUL25-1800-P,2548.73,buy,125.0,125.0,2.0,BLOCK-205428,ETH-PS-25JUL25-2400_1800,6328.0,,1750001138.636
261,ETH-254339680,1750003028789,2,0.0115,0.011706,84.44,ETH-25JUL25-1800-P,2541.82,sell,5.0,5.0,,,,,,1750003028.789
262,ETH-254343026,1750006142048,3,0.0115,0.011006,85.02,ETH-25JUL25-1800-P,2549.02,buy,200.0,200.0,,,,,,1750006142.048
263,ETH-254344991,1750010783285,3,0.0115,0.011089,85.16,ETH-25JUL25-1800-P,2550.11,buy,18.0,18.0,,,,,,1750010783.285
264,ETH-254344992,1750010784765,3,0.0115,0.011089,85.16,ETH-25JUL25-1800-P,2550.11,buy,18.0,18.0,,,,,,1750010784.765
265,ETH-254350344,1750018772751,0,0.012,0.011984,83.68,ETH-25JUL25-1800-P,2516.31,buy,50.0,50.0,,,,,,1750018772.751
266,ETH-254379325,1750034019688,0,0.0125,0.01202,86.75,ETH-25JUL25-1800-P,2542.98,buy,125.0,125.0,3.0,BLOCK-205460,ETH-RR-25JUL25-1800_2800,6353.0,,1750034019.688
267,ETH-254404111,1750051908787,2,0.01,0.010015,86.01,ETH-25JUL25-1800-P,2599.76,sell,50.0,50.0,,,,,,1750051908.787
269,ETH-254413834,1750057168259,3,0.0095,0.009919,85.53,ETH-25JUL25-1800-P,2609.31,sell,269.0,269.0,,,,,,1750057168.259
268,ETH-254413833,1750057168259,2,0.0095,0.009919,85.53,ETH-25JUL25-1800-P,2609.31,sell,31.0,31.0,,,,,,1750057168.259
270,ETH-254427756,1750068074041,2,0.009,0.009232,85.41,ETH-25JUL25-1800-P,2622.06,sell,21.0,21.0,,,,,,1750068074.041
271,ETH-254427996,1750068259922,3,0.009,0.009074,85.69,ETH-25JUL25-1800-P,2626.32,buy,21.0,21.0,,,,,,1750068259.922
272,ETH-254428150,1750068454785,3,0.009,0.009045,85.74,ETH-25JUL25-1800-P,2627.4,buy,1.0,1.0,,,,,,1750068454.785
273,ETH-254428299,1750068673676,3,0.009,0.008997,85.59,ETH-25JUL25-1800-P,2625.22,buy,21.0,21.0,,,,,,1750068673.676
274,ETH-254428412,1750068861985,2,0.0085,0.008922,84.56,ETH-25JUL25-1800-P,2627.77,sell,17.0,17.0,,,,,,1750068861.985
275,ETH-254431941,1750072657466,0,0.0095,0.009389,85.48,ETH-25JUL25-1800-P,2606.36,sell,10.0,10.0,,,,,,1750072657.466
276,ETH-254435466,1750074884832,2,0.0092,0.009073,85.51,ETH-25JUL25-1800-P,2615.89,sell,10.0,10.0,,,ETH-PS-25JUL25-1800_1700,,ETH-254435464,1750074884.832
277,ETH-254435627,1750075079830,3,0.0092,0.009035,85.61,ETH-25JUL25-1800-P,2617.22,sell,50.0,50.0,,,ETH-PS-25JUL25-1800_1700,,ETH-254435626,1750075079.83
278,ETH-254456898,1750086105287,2,0.009,0.008962,86.95,ETH-25JUL25-1800-P,2641.78,sell,21.0,21.0,,,ETH-PS-25JUL25-1800_1700,,ETH-254456897,1750086105.287
279,ETH-254465068,1750092340066,3,0.009,0.009091,86.34,ETH-25JUL25-1800-P,2631.96,buy,3.0,3.0,,,,,,1750092340.066
280,ETH-254491125,1750111466350,2,0.0085,0.007909,87.06,ETH-25JUL25-1800-P,2655.49,buy,1.0,1.0,,,,,,1750111466.35
281,ETH-254580511,1750149604221,0,0.01,0.010056,85.17,ETH-25JUL25-1800-P,2571.46,buy,1.0,1.0,,,,,,1750149604.221
282,ETH-254633796,1750176776982,0,0.011,0.01135,82.17,ETH-25JUL25-1800-P,2497.95,sell,10.0,10.0,,,,,,1750176776.982
283,ETH-254642646,1750178945056,0,0.0115,0.011674,82.07,ETH-25JUL25-1800-P,2483.14,buy,1.0,1.0,,,,,,1750178945.056
284,ETH-254657644,1750183725970,0,0.012,0.0119,82.39,ETH-25JUL25-1800-P,2473.01,sell,10.0,10.0,,,,,,1750183725.97
285,ETH-254660315,1750185896732,2,0.0115,0.011746,81.67,ETH-25JUL25-1800-P,2476.02,sell,1.0,1.0,,,,,,1750185896.732
286,ETH-254710266,1750239213797,2,0.0105,0.010077,84.45,ETH-25JUL25-1800-P,2531.36,buy,5.0,5.0,,,,,,1750239213.797
287,ETH-254785135,1750275209998,0,0.011,0.011292,83.18,ETH-25JUL25-1800-P,2495.15,sell,5.0,5.0,,,,,,1750275209.998
288,ETH-254798941,1750288146261,2,0.01,0.010157,83.85,ETH-25JUL25-1800-P,2530.49,sell,20.0,20.0,,,,,,1750288146.261
289,ETH-254800193,1750290027060,0,0.0105,0.010525,83.92,ETH-25JUL25-1800-P,2516.77,buy,10.0,10.0,,,,,,1750290027.06
290,ETH-254810660,1750297369802,0,0.011,0.010676,85.07,ETH-25JUL25-1800-P,2516.81,buy,8.0,8.0,,,,,,1750297369.802
291,ETH-254833762,1750334575389,2,0.0095,0.009555,83.37,ETH-25JUL25-1800-P,2530.53,buy,5.0,5.0,,,,,,1750334575.389
292,ETH-254853537,1750355186378,0,0.01,0.009501,83.82,ETH-25JUL25-1800-P,2518.4,buy,12.0,12.0,,,,,,1750355186.378
293,ETH-254863723,1750372598915,2,0.009,0.00926,82.46,ETH-25JUL25-1800-P,2527.69,sell,17.0,17.0,,,,,,1750372598.915
294,ETH-254874383,1750392097110,0,0.0099,0.009682,84.06,ETH-25JUL25-1800-P,2517.7,buy,500.0,500.0,4.0,BLOCK-206134,ETH-ICOND-25JUL25-1800_2200_2800_3400,,,1750392097.11
295,ETH-254902851,1750413682180,2,0.0085,0.008743,83.73,ETH-25JUL25-1800-P,2554.37,sell,15.0,15.0,,,,,,1750413682.18
296,ETH-254903009,1750413870834,3,0.0085,0.008768,83.65,ETH-25JUL25-1800-P,2553.16,sell,15.0,15.0,,,,,,1750413870.834
297,ETH-254903410,1750414061980,3,0.0085,0.008876,83.32,ETH-25JUL25-1800-P,2548.93,sell,15.0,15.0,,,,,,1750414061.98
298,ETH-254903577,1750414253346,3,0.0085,0.008854,83.31,ETH-25JUL25-1800-P,2548.7,sell,14.0,14.0,,,,,,1750414253.346
299,ETH-254911575,1750421237256,3,0.0085,0.008518,83.68,ETH-25JUL25-1800-P,2552.97,buy,1.0,1.0,,,,,,1750421237.256
300,ETH-254911582,1750421258238,3,0.0085,0.008518,83.67,ETH-25JUL25-1800-P,2552.86,buy,3.0,3.0,,,,,,1750421258.238
301,ETH-254911593,1750421275606,3,0.0085,0.008555,83.57,ETH-25JUL25-1800-P,2551.5,buy,2.0,2.0,,,,,,1750421275.606
302,ETH-254914893,1750425021263,3,0.0085,0.008469,84.16,ETH-25JUL25-1800-P,2558.82,buy,17.0,17.0,,,,,,1750425021.263
303,ETH-254923704,1750429626271,0,0.009,0.009047,82.06,ETH-25JUL25-1800-P,2514.05,buy,1.0,1.0,,,,,,1750429626.271
304,ETH-254943607,1750440046790,0,0.0105,0.010376,80.98,ETH-25JUL25-1800-P,2455.71,buy,1.0,1.0,,,,,,1750440046.79
305,ETH-254955188,1750441055078,0,0.013,0.013189,79.34,ETH-25JUL25-1800-P,2377.7,buy,1.0,1.0,,,,,,1750441055.078
306,ETH-254993094,1750461299683,1,0.013,0.01256,80.69,ETH-25JUL25-1800-P,2389.42,buy,1.0,1.0,,,,,,1750461299.683
307,ETH-254993577,1750462088928,2,0.0115,0.012092,78.74,ETH-25JUL25-1800-P,2399.86,sell,2.0,2.0,,,,,,1750462088.928
308,ETH-255003726,1750485488720,2,0.0105,0.0109,79.02,ETH-25JUL25-1800-P,2423.68,sell,3.0,3.0,,,,,,1750485488.72
309,ETH-255031595,1750522011655,3,0.0105,0.010842,79.05,ETH-25JUL25-1800-P,2419.51,sell,1.0,1.0,,,,,,1750522011.655
310,ETH-255034731,1750527376592,0,0.011,0.011306,78.97,ETH-25JUL25-1800-P,2405.3,buy,2.0,2.0,,,,,,1750527376.592
311,ETH-255051143,1750541090665,0,0.014,0.013925,79.55,ETH-25JUL25-1800-P,2347.19,buy,1.0,1.0,,,,,,1750541090.665
312,ETH-255087084,1750544473610,0,0.0185,0.018006,82.78,ETH-25JUL25-1800-P,2301.1,buy,300.0,300.0,,,,,,1750544473.61
313,ETH-255093762,1750547866859,2,0.018,0.018152,79.39,ETH-25JUL25-1800-P,2275.08,buy,30.0,30.0,,,,,,1750547866.859
314,ETH-255096893,1750548632269,0,0.019,0.019274,79.29,ETH-25JUL25-1800-P,2259.68,buy,5.0,5.0,,,,,,1750548632.269
315,ETH-255112140,1750550097180,2,0.018,0.018807,79.78,ETH-25JUL25-1800-P,2278.41,sell,50.0,50.0,,,,,,1750550097.18
316,ETH-255112827,1750550141692,2,0.0175,0.018141,79.93,ETH-25JUL25-1800-P,2287.59,sell,36.0,36.0,,,,,,1750550141.692
317,ETH-255112961,1750550164190,3,0.0175,0.018237,79.68,ETH-25JUL25-1800-P,2285.36,sell,2.0,2.0,,,,,,1750550164.19
318,ETH-255126951,1750552354183,0,0.0185,0.018387,81.67,ETH-25JUL25-1800-P,2289.39,sell,5.0,5.0,,,,,,1750552354.183
319,ETH-255138559,1750556146419,0,0.019,0.018801,81.01,ETH-25JUL25-1800-P,2275.38,buy,5.0,5.0,,,,,,1750556146.419
320,ETH-255138751,1750556240418,1,0.019,0.018924,80.95,ETH-25JUL25-1800-P,2274.85,sell,5.0,5.0,,,,,,1750556240.418
322,ETH-255138943,1750556304034,1,0.0195,0.019265,81.2,ETH-25JUL25-1800-P,2270.02,sell,4.0,4.0,,,,,,1750556304.034
321,ETH-255138942,1750556304034,0,0.0195,0.019265,81.2,ETH-25JUL25-1800-P,2270.02,sell,1.0,1.0,,,,,,1750556304.034
329,ETH-255139147,1750556383742,3,0.019,0.019098,80.79,ETH-25JUL25-1800-P,2273.34,sell,5.0,5.0,,,,,,1750556383.742
324,ETH-255139142,1750556383742,3,0.019,0.019098,80.79,ETH-25JUL25-1800-P,2273.34,sell,4.0,4.0,,,,,,1750556383.742
323,ETH-255139141,1750556383742,2,0.019,0.019098,80.79,ETH-25JUL25-1800-P,2273.34,sell,5.0,5.0,,,,,,1750556383.742
327,ETH-255139145,1750556383742,3,0.019,0.019098,80.79,ETH-25JUL25-1800-P,2273.34,sell,5.0,5.0,,,,,,1750556383.742
328,ETH-255139146,1750556383742,3,0.019,0.019098,80.79,ETH-25JUL25-1800-P,2273.34,sell,5.0,5.0,,,,,,1750556383.742
325,ETH-255139143,1750556383742,3,0.019,0.019098,80.79,ETH-25JUL25-1800-P,2273.34,sell,2.0,2.0,,,,,,1750556383.742
330,ETH-255139148,1750556383742,3,0.019,0.019098,80.79,ETH-25JUL25-1800-P,2273.34,sell,5.0,5.0,,,,,,1750556383.742
326,ETH-255139144,1750556383742,3,0.019,0.019098,80.79,ETH-25JUL25-1800-P,2273.34,sell,5.0,5.0,,,,,,1750556383.742
331,ETH-255139355,1750556500493,3,0.019,0.019065,80.71,ETH-25JUL25-1800-P,2272.49,sell,5.0,5.0,,,,,,1750556500.493
332,ETH-255139369,1750556511030,3,0.019,0.018898,80.94,ETH-25JUL25-1800-P,2274.68,sell,1.0,1.0,,,,,,1750556511.03
333,ETH-255139370,1750556511040,3,0.019,0.018898,80.94,ETH-25JUL25-1800-P,2274.68,sell,4.0,4.0,,,,,,1750556511.04
334,ETH-255139511,1750556555648,3,0.019,0.018763,81.02,ETH-25JUL25-1800-P,2275.57,sell,5.0,5.0,,,,,,1750556555.648
335,ETH-255139800,1750556741358,3,0.019,0.018788,81.08,ETH-25JUL25-1800-P,2276.25,buy,5.0,5.0,,,,,,1750556741.358
336,ETH-255139823,1750556757169,3,0.019,0.018877,80.96,ETH-25JUL25-1800-P,2275.04,sell,1.0,1.0,,,,,,1750556757.169
337,ETH-255139824,1750556757173,3,0.019,0.018877,80.96,ETH-25JUL25-1800-P,2275.04,sell,4.0,4.0,,,,,,1750556757.173
338,ETH-255139933,1750556820000,3,0.019,0.019059,80.67,ETH-25JUL25-1800-P,2272.27,sell,5.0,5.0,,,,,,1750556820.0
342,ETH-255140237,1750556925585,3,0.0185,0.018512,80.79,ETH-25JUL25-1800-P,2280.37,sell,5.0,5.0,,,,,,1750556925.585
340,ETH-255140235,1750556925585,3,0.0185,0.018512,80.79,ETH-25JUL25-1800-P,2280.37,sell,5.0,5.0,,,,,,1750556925.585
345,ETH-255140240,1750556925585,3,0.0185,0.018512,80.79,ETH-25JUL25-1800-P,2280.37,sell,5.0,5.0,,,,,,1750556925.585
343,ETH-255140238,1750556925585,3,0.0185,0.018512,80.79,ETH-25JUL25-1800-P,2280.37,sell,5.0,5.0,,,,,,1750556925.585
339,ETH-255140234,1750556925585,2,0.0185,0.018512,80.79,ETH-25JUL25-1800-P,2280.37,sell,2.0,2.0,,,,,,1750556925.585
344,ETH-255140239,1750556925585,3,0.0185,0.018512,80.79,ETH-25JUL25-1800-P,2280.37,sell,5.0,5.0,,,,,,1750556925.585
341,ETH-255140236,1750556925585,3,0.0185,0.018512,80.79,ETH-25JUL25-1800-P,2280.37,sell,4.0,4.0,,,,,,1750556925.585
346,ETH-255141520,1750557603089,0,0.019,0.019391,80.15,ETH-25JUL25-1800-P,2267.0,sell,1.0,1.0,,,,,,1750557603.089
347,ETH-255141746,1750557748594,1,0.019,0.019035,80.71,ETH-25JUL25-1800-P,2272.14,sell,4.0,4.0,,,,,,1750557748.594
349,ETH-255141748,1750557748594,1,0.019,0.019035,80.71,ETH-25JUL25-1800-P,2272.14,sell,2.0,2.0,,,,,,1750557748.594
348,ETH-255141747,1750557748594,1,0.019,0.019035,80.71,ETH-25JUL25-1800-P,2272.14,sell,4.0,4.0,,,,,,1750557748.594
356,ETH-255143587,1750558306733,1,0.0195,0.019463,80.64,ETH-25JUL25-1800-P,2264.6,sell,5.0,5.0,,,,,,1750558306.733
354,ETH-255143585,1750558306733,1,0.0195,0.019463,80.64,ETH-25JUL25-1800-P,2264.6,sell,2.0,2.0,,,,,,1750558306.733
355,ETH-255143586,1750558306733,1,0.0195,0.019463,80.64,ETH-25JUL25-1800-P,2264.6,sell,4.0,4.0,,,,,,1750558306.733
351,ETH-255143582,1750558306733,1,0.0195,0.019463,80.64,ETH-25JUL25-1800-P,2264.6,sell,5.0,5.0,,,,,,1750558306.733
352,ETH-255143583,1750558306733,1,0.0195,0.019463,80.64,ETH-25JUL25-1800-P,2264.6,sell,5.0,5.0,,,,,,1750558306.733
350,ETH-255143581,1750558306733,0,0.0195,0.019463,80.64,ETH-25JUL25-1800-P,2264.6,sell,5.0,5.0,,,,,,1750558306.733
353,ETH-255143584,1750558306733,1,0.0195,0.019463,80.64,ETH-25JUL25-1800-P,2264.6,sell,5.0,5.0,,,,,,1750558306.733
362,ETH-255146666,1750559322713,3,0.019,0.019279,80.02,ETH-25JUL25-1800-P,2265.04,sell,5.0,5.0,,,,,,1750559322.713
358,ETH-255146662,1750559322713,3,0.019,0.019279,80.02,ETH-25JUL25-1800-P,2265.04,sell,5.0,5.0,,,,,,1750559322.713
359,ETH-255146663,1750559322713,3,0.019,0.019279,80.02,ETH-25JUL25-1800-P,2265.04,sell,4.0,4.0,,,,,,1750559322.713
361,ETH-255146665,1750559322713,3,0.019,0.019279,80.02,ETH-25JUL25-1800-P,2265.04,sell,5.0,5.0,,,,,,1750559322.713
357,ETH-255146661,1750559322713,2,0.019,0.019279,80.02,ETH-25JUL25-1800-P,2265.04,sell,5.0,5.0,,,,,,1750559322.713
360,ETH-255146664,1750559322713,3,0.019,0.019279,80.02,ETH-25JUL25-1800-P,2265.04,sell,2.0,2.0,,,,,,1750559322.713
363,ETH-255146667,1750559322713,3,0.019,0.019279,80.02,ETH-25JUL25-1800-P,2265.04,sell,5.0,5.0,,,,,,1750559322.713
367,ETH-255150228,1750560450213,3,0.019,0.01909,80.12,ETH-25JUL25-1800-P,2266.03,sell,5.0,5.0,,,,,,1750560450.213
365,ETH-255150226,1750560450213,3,0.019,0.01909,80.12,ETH-25JUL25-1800-P,2266.03,sell,5.0,5.0,,,,,,1750560450.213
366,ETH-255150227,1750560450213,3,0.019,0.01909,80.12,ETH-25JUL25-1800-P,2266.03,sell,4.0,4.0,,,,,,1750560450.213
368,ETH-255150229,1750560450213,3,0.019,0.01909,80.12,ETH-25JUL25-1800-P,2266.03,sell,5.0,5.0,,,,,,1750560450.213
364,ETH-255150225,1750560450213,3,0.019,0.01909,80.12,ETH-25JUL25-1800-P,2266.03,sell,5.0,5.0,,,,,,1750560450.213
369,ETH-255150230,1750560450213,3,0.019,0.01909,80.12,ETH-25JUL25-1800-P,2266.03,sell,5.0,5.0,,,,,,1750560450.213
371,ETH-255155407,1750563355991,3,0.019,0.019099,79.98,ETH-25JUL25-1800-P,2263.95,sell,5.0,5.0,,,,,,1750563355.991
373,ETH-255155409,1750563355991,3,0.019,0.019099,79.98,ETH-25JUL25-1800-P,2263.95,sell,5.0,5.0,,,,,,1750563355.991
370,ETH-255155406,1750563355991,3,0.019,0.019099,79.98,ETH-25JUL25-1800-P,2263.95,sell,4.0,4.0,,,,,,1750563355.991
372,ETH-255155408,1750563355991,3,0.019,0.019099,79.98,ETH-25JUL25-1800-P,2263.95,sell,5.0,5.0,,,,,,1750563355.991
375,ETH-255158103,1750565178606,3,0.0185,0.018499,80.16,ETH-25JUL25-1800-P,2272.64,sell,4.0,4.0,,,,,,1750565178.606
374,ETH-255158102,1750565178606,2,0.0185,0.018499,80.16,ETH-25JUL25-1800-P,2272.64,sell,5.0,5.0,,,,,,1750565178.606
377,ETH-255158105,1750565178606,3,0.0185,0.018499,80.16,ETH-25JUL25-1800-P,2272.64,sell,5.0,5.0,,,,,,1750565178.606
376,ETH-255158104,1750565178606,3,0.0185,0.018499,80.16,ETH-25JUL25-1800-P,2272.64,sell,5.0,5.0,,,,,,1750565178.606
378,ETH-255159623,1750566552581,2,0.0175,0.017651,79.2,ETH-25JUL25-1800-P,2278.36,sell,5.0,5.0,,,,,,1750566552.581
379,ETH-255161107,1750568169135,3,0.0175,0.017614,79.84,ETH-25JUL25-1800-P,2284.45,sell,5.0,5.0,,,,,,1750568169.135
381,ETH-255161109,1750568169135,3,0.0175,0.017614,79.84,ETH-25JUL25-1800-P,2284.45,sell,5.0,5.0,,,,,,1750568169.135
380,ETH-255161108,1750568169135,3,0.0175,0.017614,79.84,ETH-25JUL25-1800-P,2284.45,sell,4.0,4.0,,,,,,1750568169.135
382,ETH-255161110,1750568169135,3,0.0175,0.017614,79.84,ETH-25JUL25-1800-P,2284.45,sell,5.0,5.0,,,,,,1750568169.135
383,ETH-255163431,1750570280951,2,0.0171,0.017136,79.68,ETH-25JUL25-1800-P,2288.0,buy,400.0,400.0,3.0,BLOCK-206491,,6760.0,,1750570280.951
385,ETH-255165207,1750571936850,3,0.017,0.017036,79.69,ETH-25JUL25-1800-P,2289.37,sell,5.0,5.0,,,,,,1750571936.85
387,ETH-255165209,1750571936850,3,0.017,0.017036,79.69,ETH-25JUL25-1800-P,2289.37,sell,5.0,5.0,,,,,,1750571936.85
384,ETH-255165206,1750571936850,2,0.017,0.017036,79.69,ETH-25JUL25-1800-P,2289.37,sell,5.0,5.0,,,,,,1750571936.85
386,ETH-255165208,1750571936850,3,0.017,0.017036,79.69,ETH-25JUL25-1800-P,2289.37,sell,4.0,4.0,,,,,,1750571936.85
388,ETH-255170620,1750576207754,2,0.016,0.016512,77.83,ETH-25JUL25-1800-P,2286.3,sell,1.0,1.0,,,,,,1750576207.754
389,ETH-255178789,1750580532438,0,0.0175,0.01735,79.08,ETH-25JUL25-1800-P,2276.28,sell,4.0,4.0,,,,,,1750580532.438
390,ETH-255183733,1750584259787,0,0.0185,0.018332,79.01,ETH-25JUL25-1800-P,2259.95,sell,1.0,1.0,,,,,,1750584259.787
391,ETH-255199184,1750594023430,2,0.0165,0.01659,78.03,ETH-25JUL25-1800-P,2280.12,sell,5.0,5.0,,,,,,1750594023.43
392,ETH-255200531,1750595304936,0,0.0175,0.016815,79.26,ETH-25JUL25-1800-P,2276.82,buy,1.0,1.0,,,,,,1750595304.936
393,ETH-255226164,1750601157518,0,0.0225,0.022691,78.27,ETH-25JUL25-1800-P,2199.49,buy,30.0,30.0,,,,,,1750601157.518
394,ETH-255239836,1750603447412,0,0.025,0.024954,79.49,ETH-25JUL25-1800-P,2181.34,sell,10.0,10.0,,,,,,1750603447.412
395,ETH-255240113,1750603509559,0,0.0255,0.025232,79.82,ETH-25JUL25-1800-P,2178.68,buy,10.0,10.0,,,,,,1750603509.559
396,ETH-255240173,1750603535445,2,0.025,0.025049,79.44,ETH-25JUL25-1800-P,2180.71,sell,10.0,10.0,,,,,,1750603535.445
397,ETH-255241547,1750603712602,2,0.023,0.023204,79.18,ETH-25JUL25-1800-P,2200.94,buy,1.0,1.0,,,,,,1750603712.602
398,ETH-255242250,1750603870753,0,0.0235,0.023164,80.4,ETH-25JUL25-1800-P,2205.8,sell,10.0,10.0,,,,,,1750603870.753
399,ETH-255243471,1750604288265,0,0.024,0.023905,80.24,ETH-25JUL25-1800-P,2198.52,sell,10.0,10.0,,,,,,1750604288.265
400,ETH-255245602,1750605138662,0,0.0245,0.024234,80.36,ETH-25JUL25-1800-P,2193.99,sell,100.0,100.0,,,,,,1750605138.662
402,ETH-255253425,1750608243992,2,0.0245,0.024993,78.71,ETH-25JUL25-1800-P,2179.79,sell,325.0,325.0,,,,,,1750608243.992
401,ETH-255253424,1750608243992,0,0.025,0.024993,79.36,ETH-25JUL25-1800-P,2179.79,sell,324.0,324.0,,,,,,1750608243.992
403,ETH-255253426,1750608243992,3,0.0245,0.024993,78.71,ETH-25JUL25-1800-P,2179.79,sell,351.0,351.0,,,,,,1750608243.992
404,ETH-255269601,1750617143411,2,0.0225,0.022827,77.09,ETH-25JUL25-1800-P,2187.36,sell,1.0,1.0,,,,,,1750617143.411
405,ETH-255275370,1750621531807,0,0.023,0.023396,77.17,ETH-25JUL25-1800-P,2181.68,buy,1.0,1.0,,,,,,1750621531.807
406,ETH-255297842,1750627635741,1,0.023,0.023197,77.42,ETH-25JUL25-1800-P,2183.16,sell,121.0,121.0,,,,,,1750627635.741
407,ETH-255309806,1750631544006,2,0.0205,0.020854,77.46,ETH-25JUL25-1800-P,2212.93,buy,2.0,2.0,,,,,,1750631544.006
409,ETH-255326665,1750643240583,3,0.018,0.018251,76.5,ETH-25JUL25-1800-P,2235.8,sell,3.0,3.0,,,,,,1750643240.583
408,ETH-255326664,1750643240583,2,0.018,0.018251,76.5,ETH-25JUL25-1800-P,2235.8,sell,66.0,66.0,,,,,,1750643240.583
410,ETH-255330083,1750647681055,2,0.0175,0.01768,75.98,ETH-25JUL25-1800-P,2237.92,sell,1.0,1.0,,,,,,1750647681.055
411,ETH-255331318,1750649469055,2,0.017,0.017221,75.49,ETH-25JUL25-1800-P,2240.44,sell,1.0,1.0,,,,,,1750649469.055
412,ETH-255336075,1750657330485,3,0.017,0.017314,75.72,ETH-25JUL25-1800-P,2241.29,buy,30.0,30.0,,,,,,1750657330.485
413,ETH-255340907,1750660598664,3,0.017,0.016983,75.39,ETH-25JUL25-1800-P,2237.7,buy,20.0,20.0,,,,,,1750660598.664
414,ETH-255340908,1750660598664,3,0.017,0.016983,75.39,ETH-25JUL25-1800-P,2237.7,buy,9.0,9.0,,,,,,1750660598.664
415,ETH-255353691,1750667506378,2,0.0152,0.015779,74.97,ETH-25JUL25-1800-P,2260.68,sell,250.0,250.0,7.0,BLOCK-206709,,6838.0,,1750667506.378
416,ETH-255362025,1750677018390,0,0.0163,0.016471,75.51,ETH-25JUL25-1800-P,2247.77,buy,1.0,1.0,,,ETH-PS-25JUL25-2100_1800,,ETH-255362024,1750677018.39
417,ETH-255369647,1750684265922,2,0.0155,0.015853,75.03,ETH-25JUL25-1800-P,2254.86,sell,353.0,353.0,,,,,,1750684265.922
418,ETH-255369648,1750684265922,3,0.0155,0.015853,75.03,ETH-25JUL25-1800-P,2254.86,sell,128.0,128.0,,,,,,1750684265.922
419,ETH-255369649,1750684265922,3,0.0155,0.015853,75.03,ETH-25JUL25-1800-P,2254.86,sell,19.0,19.0,,,,,,1750684265.922
420,ETH-255454210,1750701461225,3,0.0155,0.01581,77.49,ETH-25JUL25-1800-P,2276.95,sell,1.0,1.0,,,,,,1750701461.225
421,ETH-255462551,1750703655758,2,0.0145,0.014408,78.38,ETH-25JUL25-1800-P,2302.96,buy,1.0,1.0,,,,,,1750703655.758
422,ETH-255474550,1750709161050,2,0.014,0.01386,78.23,ETH-25JUL25-1800-P,2309.02,buy,5.0,5.0,,,,,,1750709161.05
423,ETH-255475261,1750709476589,2,0.0125,0.013052,76.98,ETH-25JUL25-1800-P,2324.59,sell,1.0,1.0,,,,,,1750709476.589
424,ETH-255504976,1750717364676,2,0.01,0.009909,79.33,ETH-25JUL25-1800-P,2405.84,sell,5.0,5.0,,,,,,1750717364.676
425,ETH-255537601,1750726165497,2,0.009,0.009627,76.9,ETH-25JUL25-1800-P,2401.17,sell,1.0,1.0,,,,,,1750726165.497
426,ETH-255556405,1750741749170,0,0.0095,0.009558,78.34,ETH-25JUL25-1800-P,2403.47,buy,1.0,1.0,,,,,,1750741749.17
427,ETH-255556406,1750741749171,1,0.0095,0.009558,78.34,ETH-25JUL25-1800-P,2403.47,buy,1.0,1.0,,,,,,1750741749.171
428,ETH-255558595,1750743400708,2,0.009,0.009238,78.48,ETH-25JUL25-1800-P,2418.0,sell,144.0,144.0,,,,,,1750743400.708
429,ETH-255558596,1750743400708,3,0.009,0.009238,78.48,ETH-25JUL25-1800-P,2418.0,sell,156.0,156.0,,,,,,1750743400.708
430,ETH-255588193,1750755967214,0,0.0098,0.009938,79.43,ETH-25JUL25-1800-P,2405.27,sell,2000.0,2000.0,2.0,BLOCK-207012,ETH-PSR12-25JUL25-2100_1800,,,1750755967.214
431,ETH-255593808,1750757569278,2,0.0095,0.009254,80.86,ETH-25JUL25-1800-P,2429.98,buy,234.0,234.0,,,,,,1750757569.278
432,ETH-255670114,1750789033314,2,0.0085,0.008631,80.31,ETH-25JUL25-1800-P,2446.34,buy,5.0,5.0,,,,,,1750789033.314
433,ETH-255674896,1750792416276,0,0.009,0.009079,80.42,ETH-25JUL25-1800-P,2432.72,buy,1.0,1.0,,,,,,1750792416.276
434,ETH-255700051,1750822533192,2,0.0075,0.007655,79.12,ETH-25JUL25-1800-P,2456.07,sell,20.0,20.0,,,,,,1750822533.192
435,ETH-255700052,1750822533199,3,0.0075,0.007655,79.12,ETH-25JUL25-1800-P,2456.07,buy,29.0,29.0,,,,,,1750822533.199
436,ETH-255700053,1750822533206,3,0.0075,0.007655,79.12,ETH-25JUL25-1800-P,2456.07,buy,1.0,1.0,,,,,,1750822533.206
437,ETH-255714083,1750840336341,0,0.008,0.008086,78.69,ETH-25JUL25-1800-P,2431.79,sell,1.0,1.0,,,,,,1750840336.341
438,ETH-255717628,1750843408573,2,0.007,0.007525,77.29,ETH-25JUL25-1800-P,2445.91,sell,1.0,1.0,,,,,,1750843408.573
439,ETH-255718301,1750844212539,0,0.0075,0.007593,78.25,ETH-25JUL25-1800-P,2441.43,buy,1.0,1.0,,,,,,1750844212.539
440,ETH-255734881,1750855645484,1,0.0075,0.007765,77.2,ETH-25JUL25-1800-P,2425.85,sell,1.0,1.0,,,,,,1750855645.484
441,ETH-255741321,1750858751975,0,0.008,0.007934,78.54,ETH-25JUL25-1800-P,2426.21,sell,10.0,10.0,,,,,,1750858751.975
442,ETH-255747535,1750861218218,0,0.0085,0.008663,77.33,ETH-25JUL25-1800-P,2397.2,buy,2.0,2.0,,,,,,1750861218.218
443,ETH-255787513,1750891719450,2,0.008,0.008148,77.86,ETH-25JUL25-1800-P,2413.02,buy,1.0,1.0,,,,,,1750891719.45
444,ETH-255789007,1750894712029,3,0.008,0.007939,78.41,ETH-25JUL25-1800-P,2418.54,buy,19.0,19.0,,,,,,1750894712.029
446,ETH-255797967,1750903876210,3,0.007,0.006989,80.04,ETH-25JUL25-1800-P,2469.41,buy,1.0,1.0,,,,,,1750903876.21
445,ETH-255797966,1750903876210,2,0.007,0.006989,80.04,ETH-25JUL25-1800-P,2469.41,buy,9.0,9.0,,,,,,1750903876.21
447,ETH-255856485,1750949192695,3,0.007,0.00706,79.36,ETH-25JUL25-1800-P,2451.24,sell,2.0,2.0,,,,,,1750949192.695
448,ETH-255856513,1750949194634,3,0.007,0.007054,79.38,ETH-25JUL25-1800-P,2451.47,sell,8.0,8.0,,,,,,1750949194.634
449,ETH-255856518,1750949195120,3,0.007,0.007051,79.42,ETH-25JUL25-1800-P,2451.91,sell,7.0,7.0,,,,,,1750949195.12
450,ETH-255856519,1750949195158,3,0.007,0.007051,79.42,ETH-25JUL25-1800-P,2451.91,sell,3.0,3.0,,,,,,1750949195.158
451,ETH-255867550,1750954184420,0,0.0075,0.007372,78.92,ETH-25JUL25-1800-P,2429.19,buy,1.0,1.0,,,,,,1750954184.42
452,ETH-255881146,1750969326147,2,0.007,0.007419,78.65,ETH-25JUL25-1800-P,2439.88,sell,25.0,25.0,,,,,,1750969326.147
454,ETH-255881200,1750969395665,3,0.007,0.007293,78.92,ETH-25JUL25-1800-P,2442.94,sell,20.0,20.0,,,,,,1750969395.665
453,ETH-255881199,1750969395665,3,0.007,0.007293,78.92,ETH-25JUL25-1800-P,2442.94,sell,5.0,5.0,,,,,,1750969395.665
456,ETH-255894804,1750977721964,1,0.008,0.007771,79.39,ETH-25JUL25-1800-P,2416.28,buy,223.0,223.0,,,,,,1750977721.964
455,ETH-255894803,1750977721964,0,0.008,0.007771,79.39,ETH-25JUL25-1800-P,2416.28,buy,77.0,77.0,,,,,,1750977721.964
457,ETH-255900198,1750983515587,2,0.007,0.007587,77.3,ETH-25JUL25-1800-P,2421.11,sell,8.0,8.0,,,,,,1750983515.587
458,ETH-255927273,1751005056373,0,0.0072,0.006933,80.25,ETH-25JUL25-1800-P,2446.3,buy,500.0,500.0,4.0,BLOCK-207624,ETH-ICOND-25JUL25-1800_2300_2600_3000,7240.0,,1751005056.373
459,ETH-255938526,1751010488548,2,0.0065,0.007053,77.93,ETH-25JUL25-1800-P,2441.48,sell,30.0,30.0,,,,,,1751010488.548
460,ETH-255938527,1751010488548,3,0.0065,0.007053,77.93,ETH-25JUL25-1800-P,2441.48,sell,270.0,270.0,,,,,,1751010488.548
461,ETH-255950528,1751013706985,3,0.0065,0.006719,78.71,ETH-25JUL25-1800-P,2450.54,sell,1.0,1.0,,,,,,1751013706.985
462,ETH-255962535,1751020910374,2,0.0055,0.00601,75.83,ETH-25JUL25-1800-P,2449.88,sell,5.0,5.0,,,,,,1751020910.374
463,ETH-255970755,1751028921753,0,0.006,0.006102,76.34,ETH-25JUL25-1800-P,2435.7,buy,1.0,1.0,,,,,,1751028921.753
464,ETH-255970756,1751028921753,1,0.006,0.006102,76.34,ETH-25JUL25-1800-P,2435.7,buy,1.0,1.0,,,,,,1751028921.753
465,ETH-255981814,1751038527733,1,0.006,0.006255,76.05,ETH-25JUL25-1800-P,2430.62,sell,2.0,2.0,,,,,,1751038527.733
466,ETH-255990404,1751046981627,0,0.0065,0.006679,74.85,ETH-25JUL25-1800-P,2397.72,buy,1.0,1.0,,,,,,1751046981.627
467,ETH-255997266,1751054903820,1,0.0065,0.006303,76.96,ETH-25JUL25-1800-P,2421.31,sell,1.0,1.0,,,,,,1751054903.82
468,ETH-256003439,1751069354676,2,0.006,0.006114,75.49,ETH-25JUL25-1800-P,2418.94,buy,1.0,1.0,,,,,,1751069354.676
470,ETH-256012722,1751093961680,3,0.0055,0.005653,75.19,ETH-25JUL25-1800-P,2428.36,sell,9.0,9.0,,,,,,1751093961.68
469,ETH-256012721,1751093961680,2,0.0055,0.005653,75.19,ETH-25JUL25-1800-P,2428.36,sell,4.0,4.0,,,,,,1751093961.68
471,ETH-256013475,1751095944622,2,0.0054,0.005447,74.97,ETH-25JUL25-1800-P,2429.3,buy,250.0,250.0,4.0,BLOCK-207756,ETH-ICOND-25JUL25-1800_2300_2600_3000,,,1751095944.622
472,ETH-256040288,1751177124288,2,0.0049,0.004871,75.2,ETH-25JUL25-1800-P,2435.29,buy,10.0,10.0,,,,,,1751177124.288
473,ETH-256040626,1751177919704,3,0.0049,0.005023,75.22,ETH-25JUL25-1800-P,2435.68,sell,1.0,1.0,,,,,,1751177919.704
474,ETH-256083469,1751237727059,2,0.0038,0.003856,77.59,ETH-25JUL25-1800-P,2504.99,buy,1.0,1.0,,,,,,1751237727.059
475,ETH-256084838,1751238090707,3,0.0038,0.003806,78.13,ETH-25JUL25-1800-P,2512.16,buy,1.0,1.0,,,,,,1751238090.707
476,ETH-256099145,1751245801084,0,0.0042,0.004036,79.8,ETH-25JUL25-1800-P,2510.41,buy,25.0,25.0,,,,,,1751245801.084
477,ETH-256109111,1751262472367,2,0.004,0.004016,78.75,ETH-25JUL25-1800-P,2502.19,sell,2.0,2.0,,,,,,1751262472.367
478,ETH-256111199,1751265643128,3,0.004,0.004148,77.98,ETH-25JUL25-1800-P,2492.27,buy,1.0,1.0,,,,,,1751265643.128
479,ETH-256134635,1751286517272,3,0.004,0.004115,76.05,ETH-25JUL25-1800-P,2463.44,sell,1.0,1.0,,,,,,1751286517.272
480,ETH-256174535,1751313490742,2,0.0037,0.003522,79.12,ETH-25JUL25-1800-P,2513.67,buy,362.0,362.0,,,,,,1751313490.742
481,ETH-256174536,1751313490742,3,0.0037,0.003522,79.12,ETH-25JUL25-1800-P,2513.67,buy,33.0,33.0,,,,,,1751313490.742
482,ETH-256174537,1751313490745,3,0.0037,0.003522,79.12,ETH-25JUL25-1800-P,2513.67,sell,105.0,105.0,,,,,,1751313490.745
483,ETH-256199200,1751346229815,2,0.0035,0.003678,75.21,ETH-25JUL25-1800-P,2465.88,sell,21.0,21.0,,,,,,1751346229.815
484,ETH-256210125,1751358130476,0,0.0039,0.003684,76.5,ETH-25JUL25-1800-P,2459.68,sell,3.0,3.0,,,,,,1751358130.476
485,ETH-256220112,1751371387049,2,0.0035,0.003564,74.31,ETH-25JUL25-1800-P,2450.32,sell,1.0,1.0,,,,,,1751371387.049
486,ETH-256220349,1751371635722,3,0.0035,0.00351,74.61,ETH-25JUL25-1800-P,2453.81,buy,1.0,1.0,,,,,,1751371635.722
487,ETH-256222798,1751374001093,0,0.0038,0.003689,74.72,ETH-25JUL25-1800-P,2439.24,buy,50.0,50.0,,,,,,1751374001.093
488,ETH-256228087,1751378271233,2,0.0035,0.003626,74.01,ETH-25JUL25-1800-P,2444.43,sell,1.0,1.0,,,,,,1751378271.233
489,ETH-256228651,1751378520275,2,0.0034,0.003651,73.56,ETH-25JUL25-1800-P,2444.7,sell,1.0,1.0,,,,,,1751378520.275
490,ETH-256240314,1751384357049,0,0.0041,0.003899,74.88,ETH-25JUL25-1800-P,2424.02,buy,30.0,30.0,,,,,,1751384357.049
491,ETH-256240315,1751384357049,1,0.0041,0.003899,74.88,ETH-25JUL25-1800-P,2424.02,buy,79.0,79.0,,,,,,1751384357.049
492,ETH-256240316,1751384358181,1,0.0041,0.003899,74.87,ETH-25JUL25-1800-P,2423.94,sell,219.0,219.0,,,,,,1751384358.181
493,ETH-256240317,1751384358186,1,0.0041,0.003899,74.87,ETH-25JUL25-1800-P,2423.94,sell,172.0,172.0,,,,,,1751384358.186
494,ETH-256248241,1751395500721,2,0.0039,0.004041,74.24,ETH-25JUL25-1800-P,2423.1,sell,2.0,2.0,,,,,,1751395500.721
495,ETH-256249909,1751396324656,0,0.0043,0.004297,74.77,ETH-25JUL25-1800-P,2410.99,buy,1.0,1.0,,,,,,1751396324.656
496,ETH-256280682,1751421602140,2,0.004,0.004001,74.17,ETH-25JUL25-1800-P,2411.74,sell,4.0,4.0,,,,,,1751421602.14
497,ETH-256309077,1751458138819,2,0.0032,0.003215,74.3,ETH-25JUL25-1800-P,2446.32,buy,1.0,1.0,,,,,,1751458138.819
498,ETH-256329844,1751470522353,2,0.003,0.002831,77.29,ETH-25JUL25-1800-P,2493.08,buy,30.0,30.0,,,,,,1751470522.353
499,ETH-256399774,1751500099560,0,0.0032,0.002961,85.8,ETH-25JUL25-1800-P,2580.3,buy,2.0,2.0,,,,,,1751500099.56
500,ETH-256502648,1751564539207,2,0.0023,0.002512,81.81,ETH-25JUL25-1800-P,2576.31,sell,11.0,11.0,,,,,,1751564539.207
501,ETH-256564643,1751637203824,0,0.0025,0.002169,81.53,ETH-25JUL25-1800-P,2535.57,buy,1.0,1.0,,,,,,1751637203.824
502,ETH-256564870,1751637407768,1,0.0025,0.002266,81.02,ETH-25JUL25-1800-P,2529.5,buy,1.0,1.0,,,,,,1751637407.768
503,ETH-256565313,1751637713320,1,0.0025,0.002287,80.92,ETH-25JUL25-1800-P,2527.97,buy,1.0,1.0,,,,,,1751637713.32
504,ETH-256565315,1751637714639,2,0.0024,0.002286,80.33,ETH-25JUL25-1800-P,2528.18,sell,1.0,1.0,,,,,,1751637714.639
505,ETH-256566168,1751638078240,0,0.0026,0.002406,80.76,ETH-25JUL25-1800-P,2519.03,buy,1.0,1.0,,,,,,1751638078.24
506,ETH-256566687,1751638283374,1,0.0026,0.002358,81.04,ETH-25JUL25-1800-P,2522.04,buy,1.0,1.0,,,,,,1751638283.374
507,ETH-256567233,1751638465240,0,0.0027,0.002423,81.2,ETH-25JUL25-1800-P,2516.89,buy,1.0,1.0,,,,,,1751638465.24
508,ETH-256567236,1751638466016,2,0.0026,0.002424,80.62,ETH-25JUL25-1800-P,2516.9,sell,1.0,1.0,,,,,,1751638466.016
509,ETH-256569207,1751638973935,0,0.0028,0.002588,80.94,ETH-25JUL25-1800-P,2506.92,buy,1.0,1.0,,,,,,1751638973.935
510,ETH-256569874,1751639177123,1,0.0028,0.002506,81.58,ETH-25JUL25-1800-P,2514.68,buy,1.0,1.0,,,,,,1751639177.123
511,ETH-256570463,1751639472870,1,0.0028,0.002584,81.56,ETH-25JUL25-1800-P,2514.45,buy,1.0,1.0,,,,,,1751639472.87
512,ETH-256571233,1751640084266,1,0.0028,0.002551,81.91,ETH-25JUL25-1800-P,2518.34,buy,1.0,1.0,,,,,,1751640084.266
513,ETH-256571236,1751640084761,2,0.0027,0.002545,81.35,ETH-25JUL25-1800-P,2518.35,sell,1.0,1.0,,,,,,1751640084.761
514,ETH-256571813,1751640714745,0,0.0028,0.002598,81.75,ETH-25JUL25-1800-P,2516.02,buy,1.0,1.0,,,,,,1751640714.745
515,ETH-256571906,1751640946457,1,0.0028,0.002562,81.98,ETH-25JUL25-1800-P,2518.43,buy,1.0,1.0,,,,,,1751640946.457
516,ETH-256571990,1751641182379,1,0.0028,0.002584,81.9,ETH-25JUL25-1800-P,2517.66,buy,1.0,1.0,,,,,,1751641182.379
517,ETH-256571991,1751641186542,2,0.0027,0.002586,81.33,ETH-25JUL25-1800-P,2517.62,sell,1.0,1.0,,,,,,1751641186.542
518,ETH-256572179,1751641593394,0,0.0028,0.002632,81.52,ETH-25JUL25-1800-P,2513.33,buy,1.0,1.0,,,,,,1751641593.394
519,ETH-256572362,1751641833941,1,0.0028,0.002627,81.61,ETH-25JUL25-1800-P,2513.87,buy,1.0,1.0,,,,,,1751641833.941
520,ETH-256572365,1751641834301,2,0.0027,0.002627,81.05,ETH-25JUL25-1800-P,2513.87,sell,1.0,1.0,,,,,,1751641834.301
521,ETH-256592565,1751657783581,0,0.003,0.002959,80.3,ETH-25JUL25-1800-P,2479.97,buy,1.0,1.0,,,,,,1751657783.581
522,ETH-256602023,1751677457541,2,0.0025,0.002736,80.97,ETH-25JUL25-1800-P,2516.25,sell,10.0,10.0,,,,,,1751677457.541
523,ETH-256625304,1751725975018,2,0.0022,0.002259,80.12,ETH-25JUL25-1800-P,2515.66,sell,1.0,1.0,,,,,,1751725975.018
524,ETH-256628788,1751733384774,0,0.0023,0.002259,79.79,ETH-25JUL25-1800-P,2501.64,buy,200.0,200.0,,,,,,1751733384.774
525,ETH-256632692,1751742286012,0,0.0025,0.002482,80.39,ETH-25JUL25-1800-P,2491.19,buy,1.0,1.0,,,,,,1751742286.012
526,ETH-256637890,1751761806351,2,0.0022,0.002314,81.11,ETH-25JUL25-1800-P,2517.0,buy,1.0,1.0,,,,,,1751761806.351
527,ETH-256641591,1751782582501,3,0.0022,0.002135,81.66,ETH-25JUL25-1800-P,2517.75,buy,1.0,1.0,,,,,,1751782582.501
528,ETH-256643232,1751787457961,2,0.0021,0.002221,81.26,ETH-25JUL25-1800-P,2520.2,sell,1.0,1.0,,,,,,1751787457.961
529,ETH-256648241,1751796055468,3,0.0021,0.002067,80.19,ETH-25JUL25-1800-P,2506.26,buy,570.0,570.0,,,,,,1751796055.468
530,ETH-256648270,1751796084845,3,0.0021,0.002068,80.18,ETH-25JUL25-1800-P,2505.97,buy,429.0,429.0,,,,,,1751796084.845
531,ETH-256649450,1751800245747,0,0.0023,0.002299,82.05,ETH-25JUL25-1800-P,2510.62,buy,1.0,1.0,,,,,,1751800245.747
532,ETH-256649451,1751800245747,1,0.0023,0.002299,82.05,ETH-25JUL25-1800-P,2510.62,buy,1.0,1.0,,,,,,1751800245.747
533,ETH-256654493,1751808839068,2,0.0021,0.002095,83.69,ETH-25JUL25-1800-P,2544.68,buy,10.0,10.0,,,,,,1751808839.068
534,ETH-256667995,1751815265337,0,0.0023,0.002044,86.27,ETH-25JUL25-1800-P,2556.76,buy,300.0,300.0,,,,,,1751815265.337
535,ETH-256684637,1751837995890,2,0.0019,0.001877,87.35,ETH-25JUL25-1800-P,2597.84,sell,7.0,7.0,,,,,,1751837995.89
536,ETH-256724322,1751888139095,2,0.0018,0.001931,84.81,ETH-25JUL25-1800-P,2559.61,sell,9.0,9.0,,,,,,1751888139.095
537,ETH-256724323,1751888139096,3,0.0018,0.001931,84.81,ETH-25JUL25-1800-P,2559.61,buy,2.0,2.0,,,,,,1751888139.096
538,ETH-256726380,1751890691000,0,0.0019,0.001964,84.6,ETH-25JUL25-1800-P,2547.04,buy,10.0,10.0,,,,,,1751890691.0
539,ETH-256798319,1751972779541,2,0.0015,0.001466,86.03,ETH-25JUL25-1800-P,2577.3,sell,10.0,10.0,,,,,,1751972779.541
540,ETH-256806676,1751982751861,0,0.0016,0.001431,88.31,ETH-25JUL25-1800-P,2590.56,buy,20.0,20.0,,,,,,1751982751.861
541,ETH-256826809,1751997626084,2,0.0012,0.001214,86.83,ETH-25JUL25-1800-P,2616.45,buy,4.0,4.0,,,,,,1751997626.084
542,ETH-256826810,1751997626088,3,0.0012,0.001214,86.83,ETH-25JUL25-1800-P,2616.45,buy,1.0,1.0,,,,,,1751997626.088
543,ETH-256847248,1752028992103,3,0.0012,0.001234,87.15,ETH-25JUL25-1800-P,2607.04,sell,1.0,1.0,,,,,,1752028992.103
544,ETH-256859458,1752043193024,2,0.0011,0.001203,87.97,ETH-25JUL25-1800-P,2627.16,buy,10.0,10.0,,,,,,1752043193.024
545,ETH-256861888,1752046953745,0,0.0013,0.001233,90.08,ETH-25JUL25-1800-P,2623.3,buy,3.0,3.0,,,,,,1752046953.745
546,ETH-256868357,1752053211686,2,0.0012,0.001035,88.18,ETH-25JUL25-1800-P,2611.2,buy,3.0,3.0,,,,,,1752053211.686
547,ETH-256921980,1752087126103,2,0.0008,0.000894,91.91,ETH-25JUL25-1800-P,2714.98,sell,8.0,8.0,,,,,,1752087126.103
548,ETH-256934764,1752090483179,3,0.0008,0.000894,95.17,ETH-25JUL25-1800-P,2757.72,sell,4.0,4.0,,,,,,1752090483.179
549,ETH-256948237,1752092256056,3,0.0008,0.000874,95.14,ETH-25JUL25-1800-P,2756.31,sell,88.0,88.0,,,,,,1752092256.056
550,ETH-256977622,1752112732690,0,0.001,0.000785,100.53,ETH-25JUL25-1800-P,2777.18,buy,1.0,1.0,,,,,,1752112732.69
551,ETH-256980119,1752113763828,1,0.001,0.000809,101.03,ETH-25JUL25-1800-P,2783.62,buy,119.0,119.0,,,,,,1752113763.828
552,ETH-256980120,1752113763831,1,0.001,0.000809,101.03,ETH-25JUL25-1800-P,2783.62,sell,231.0,231.0,,,,,,1752113763.831
553,ETH-256982301,1752114931049,2,0.0008,0.000953,97.8,ETH-25JUL25-1800-P,2781.61,sell,1.0,1.0,,,,,,1752114931.049
554,ETH-256982302,1752114931049,3,0.0008,0.000953,97.8,ETH-25JUL25-1800-P,2781.61,sell,41.0,41.0,,,,,,1752114931.049
555,ETH-256982419,1752114986180,3,0.0008,0.000935,97.75,ETH-25JUL25-1800-P,2780.92,buy,8.0,8.0,,,,,,1752114986.18
556,ETH-257048525,1752165148450,0,0.001,0.00095,104.55,ETH-25JUL25-1800-P,2805.74,sell,1.0,1.0,,,,,,1752165148.45
557,ETH-257148314,1752189226004,1,0.001,0.000829,117.35,ETH-25JUL25-1800-P,2968.79,buy,3.0,3.0,,,,,,1752189226.004
558,ETH-257173722,1752201788152,2,0.0008,0.000781,114.13,ETH-25JUL25-1800-P,2965.18,sell,3.0,3.0,,,,,,1752201788.152
559,ETH-257217542,1752217632699,2,0.0007,0.000831,114.1,ETH-25JUL25-1800-P,2980.81,sell,1.0,1.0,,,,,,1752217632.699
560,ETH-257237606,1752222346723,3,0.0007,0.000829,114.41,ETH-25JUL25-1800-P,2983.04,sell,1.0,1.0,,,,,,1752222346.723
561,ETH-257238063,1752222569367,0,0.0008,0.000829,116.59,ETH-25JUL25-1800-P,2984.49,sell,1.0,1.0,,,,,,1752222569.367
562,ETH-257238447,1752222752517,2,0.0007,0.000838,114.37,ETH-25JUL25-1800-P,2981.93,sell,1.0,1.0,,,,,,1752222752.517
563,ETH-257239848,1752223072771,2,0.0006,0.000791,112.81,ETH-25JUL25-1800-P,2992.47,sell,1.0,1.0,,,,,,1752223072.771
564,ETH-257240332,1752223304518,3,0.0006,0.000782,112.66,ETH-25JUL25-1800-P,2989.78,sell,1.0,1.0,,,,,,1752223304.518
565,ETH-257242046,1752223582869,3,0.0006,0.000753,113.62,ETH-25JUL25-1800-P,3004.18,sell,1.0,1.0,,,,,,1752223582.869
566,ETH-257242515,1752223809586,3,0.0006,0.000768,113.56,ETH-25JUL25-1800-P,3002.79,sell,1.0,1.0,,,,,,1752223809.586
567,ETH-257244143,1752224829785,0,0.0007,0.000784,115.68,ETH-25JUL25-1800-P,2999.5,sell,1.0,1.0,,,,,,1752224829.785
568,ETH-257244490,1752225038529,2,0.0006,0.000763,113.93,ETH-25JUL25-1800-P,3007.19,sell,1.0,1.0,,,,,,1752225038.529
569,ETH-257244843,1752225331997,0,0.0007,0.000765,116.24,ETH-25JUL25-1800-P,3007.33,sell,1.0,1.0,,,,,,1752225331.997
570,ETH-257245441,1752225527948,2,0.0006,0.000736,114.51,ETH-25JUL25-1800-P,3015.9,sell,1.0,1.0,,,,,,1752225527.948
571,ETH-257245805,1752225732757,0,0.0007,0.000738,116.78,ETH-25JUL25-1800-P,3015.02,sell,1.0,1.0,,,,,,1752225732.757
572,ETH-257246241,1752226063560,1,0.0007,0.000731,117.01,ETH-25JUL25-1800-P,3018.42,sell,1.0,1.0,,,,,,1752226063.56
573,ETH-257246749,1752226395450,2,0.0006,0.000722,114.75,ETH-25JUL25-1800-P,3018.89,sell,1.0,1.0,,,,,,1752226395.45
574,ETH-257248308,1752226641953,3,0.0006,0.000691,115.82,ETH-25JUL25-1800-P,3034.73,sell,1.0,1.0,,,,,,1752226641.953
575,ETH-257249173,1752226825335,3,0.0006,0.000706,115.7,ETH-25JUL25-1800-P,3032.8,sell,1.0,1.0,,,,,,1752226825.335
576,ETH-257250334,1752227007535,3,0.0006,0.000712,115.47,ETH-25JUL25-1800-P,3028.82,sell,1.0,1.0,,,,,,1752227007.535
577,ETH-257250750,1752227194292,3,0.0006,0.000724,115.41,ETH-25JUL25-1800-P,3027.55,sell,1.0,1.0,,,,,,1752227194.292
578,ETH-257251279,1752227396766,3,0.0006,0.000718,115.47,ETH-25JUL25-1800-P,3028.67,sell,1.0,1.0,,,,,,1752227396.766
579,ETH-257251884,1752227642987,3,0.0006,0.000739,115.05,ETH-25JUL25-1800-P,3021.87,sell,1.0,1.0,,,,,,1752227642.987
580,ETH-257306723,1752250946911,3,0.0006,0.000624,111.75,ETH-25JUL25-1800-P,2956.78,sell,2.0,2.0,,,,,,1752250946.911
581,ETH-257320317,1752261415084,0,0.0007,0.000675,117.51,ETH-25JUL25-1800-P,2999.86,sell,5.0,5.0,,,,,,1752261415.084
582,ETH-257352624,1752287674387,2,0.0005,0.000574,111.65,ETH-25JUL25-1800-P,2969.86,buy,2.0,2.0,,,,,,1752287674.387
583,ETH-257352629,1752287678565,3,0.0005,0.000576,111.61,ETH-25JUL25-1800-P,2969.38,buy,3.0,3.0,,,,,,1752287678.565
584,ETH-257385891,1752324117270,0,0.0007,0.000706,116.41,ETH-25JUL25-1800-P,2938.49,sell,1.0,1.0,,,,,,1752324117.27
585,ETH-257388004,1752324826034,2,0.0006,0.000594,113.9,ETH-25JUL25-1800-P,2935.11,sell,1.0,1.0,,,,,,1752324826.034
586,ETH-257388497,1752325125670,2,0.0005,0.00053,111.8,ETH-25JUL25-1800-P,2942.16,sell,14.0,14.0,,,,,,1752325125.67
587,ETH-257388498,1752325125678,3,0.0005,0.00053,111.8,ETH-25JUL25-1800-P,2942.16,buy,186.0,186.0,,,,,,1752325125.678
588,ETH-257389382,1752325633366,0,0.0006,0.000598,114.23,ETH-25JUL25-1800-P,2939.33,sell,1.0,1.0,,,,,,1752325633.366
589,ETH-257414521,1752347154370,0,0.0007,0.000728,118.15,ETH-25JUL25-1800-P,2945.75,sell,1.0,1.0,,,,,,1752347154.37
590,ETH-257429568,1752380337094,1,0.0007,0.000679,120.75,ETH-25JUL25-1800-P,2955.19,buy,2.0,2.0,,,,,,1752380337.094
591,ETH-257429569,1752380341257,1,0.0007,0.00068,120.74,ETH-25JUL25-1800-P,2955.15,buy,2.0,2.0,,,,,,1752380341.257
592,ETH-257429570,1752380343335,1,0.0007,0.00068,120.74,ETH-25JUL25-1800-P,2955.13,buy,2.0,2.0,,,,,,1752380343.335
593,ETH-257499898,1752444717294,2,0.0006,0.00063,122.1,ETH-25JUL25-1800-P,2956.51,sell,1.0,1.0,,,,,,1752444717.294
594,ETH-257513316,1752457683080,3,0.0006,0.00059,124.15,ETH-25JUL25-1800-P,2972.1,sell,1.0,1.0,,,,,,1752457683.08
595,ETH-257513320,1752457689239,2,0.0005,0.00059,121.32,ETH-25JUL25-1800-P,2972.11,sell,4.0,4.0,,,,,,1752457689.239
596,ETH-257640978,1752522698978,0,0.0006,0.000505,129.95,ETH-25JUL25-1800-P,2993.47,buy,2.0,2.0,,,,,,1752522698.978
597,ETH-257640979,1752522701081,1,0.0006,0.000506,129.92,ETH-25JUL25-1800-P,2993.08,buy,12.0,12.0,,,,,,1752522701.081
598,ETH-257640982,1752522705170,1,0.0006,0.000506,129.97,ETH-25JUL25-1800-P,2993.74,buy,3.0,3.0,,,,,,1752522705.17
599,ETH-257640984,1752522707253,1,0.0006,0.000505,129.97,ETH-25JUL25-1800-P,2993.77,buy,3.0,3.0,,,,,,1752522707.253
600,ETH-257640986,1752522711359,1,0.0006,0.000505,129.98,ETH-25JUL25-1800-P,2993.78,buy,3.0,3.0,,,,,,1752522711.359
601,ETH-257640987,1752522717562,1,0.0006,0.000506,129.97,ETH-25JUL25-1800-P,2993.68,buy,1.0,1.0,,,,,,1752522717.562
602,ETH-257640988,1752522719616,1,0.0006,0.000506,129.96,ETH-25JUL25-1800-P,2993.54,buy,1.0,1.0,,,,,,1752522719.616
603,ETH-257641846,1752523664248,1,0.0006,0.000531,129.78,ETH-25JUL25-1800-P,2990.2,buy,1.0,1.0,,,,,,1752523664.248
604,ETH-257641847,1752523666308,1,0.0006,0.000531,129.76,ETH-25JUL25-1800-P,2989.95,buy,5.0,5.0,,,,,,1752523666.308
605,ETH-257641848,1752523668384,1,0.0006,0.000532,129.76,ETH-25JUL25-1800-P,2990.03,buy,1.0,1.0,,,,,,1752523668.384
606,ETH-257641863,1752523669364,1,0.0006,0.000531,129.77,ETH-25JUL25-1800-P,2990.1,buy,1.0,1.0,,,,,,1752523669.364
608,ETH-257655387,1752542302278,3,0.0005,0.000503,127.84,ETH-25JUL25-1800-P,2986.98,sell,1.0,1.0,,,,,,1752542302.278
607,ETH-257655386,1752542302278,2,0.0005,0.000503,127.84,ETH-25JUL25-1800-P,2986.98,sell,1.0,1.0,,,,,,1752542302.278
609,ETH-257680521,1752554581694,3,0.0005,0.000488,127.3,ETH-25JUL25-1800-P,2966.61,sell,1.0,1.0,,,,,,1752554581.694
610,ETH-257704793,1752580032338,2,0.0004,0.000435,125.67,ETH-25JUL25-1800-P,2967.1,sell,22.0,22.0,,,,,,1752580032.338
611,ETH-257755889,1752598525728,2,0.0003,0.00032,130.04,ETH-25JUL25-1800-P,3059.89,sell,9.0,9.0,,,,,,1752598525.728
612,ETH-257757954,1752600214774,2,0.0002,0.000238,124.2,ETH-25JUL25-1800-P,3055.0,sell,2.0,2.0,,,,,,1752600214.774
615,ETH-257757957,1752600214774,3,0.0002,0.000238,124.2,ETH-25JUL25-1800-P,3055.0,sell,39.0,39.0,,,,,,1752600214.774
614,ETH-257757956,1752600214774,3,0.0002,0.000238,124.2,ETH-25JUL25-1800-P,3055.0,sell,6.0,6.0,,,,,,1752600214.774
613,ETH-257757955,1752600214774,3,0.0002,0.000238,124.2,ETH-25JUL25-1800-P,3055.0,sell,1.0,1.0,,,,,,1752600214.774
616,ETH-257757958,1752600214778,3,0.0002,0.000238,124.2,ETH-25JUL25-1800-P,3055.0,buy,252.0,252.0,,,,,,1752600214.778
617,ETH-257763652,1752602081343,0,0.0003,0.000238,133.08,ETH-25JUL25-1800-P,3097.24,buy,3.0,3.0,,,,,,1752602081.343
618,ETH-257764551,1752602686245,1,0.0003,0.000252,132.45,ETH-25JUL25-1800-P,3088.12,buy,3.0,3.0,,,,,,1752602686.245
619,ETH-257766320,1752602840808,1,0.0003,0.000252,132.35,ETH-25JUL25-1800-P,3086.1,buy,3.0,3.0,,,,,,1752602840.808
620,ETH-257808675,1752624842342,1,0.0003,0.000254,136.42,ETH-25JUL25-1800-P,3119.73,buy,2.0,2.0,,,,,,1752624842.342
621,ETH-257819301,1752632540520,2,0.0002,0.000256,131.11,ETH-25JUL25-1800-P,3119.46,sell,1.0,1.0,,,,,,1752632540.52
622,ETH-257866486,1752665404143,0,0.0003,0.000182,142.71,ETH-25JUL25-1800-P,3157.22,buy,4.0,4.0,,,,,,1752665404.143
623,ETH-257880592,1752672341380,1,0.0003,0.000257,144.91,ETH-25JUL25-1800-P,3176.38,buy,1.0,1.0,,,,,,1752672341.38
624,ETH-257889264,1752674458281,1,0.0003,0.000264,146.62,ETH-25JUL25-1800-P,3197.27,buy,1.0,1.0,,,,,,1752674458.281
625,ETH-257892048,1752674871543,1,0.0003,0.000275,146.07,ETH-25JUL25-1800-P,3189.93,buy,7.0,7.0,,,,,,1752674871.543
626,ETH-257892049,1752674871545,1,0.0003,0.000275,146.07,ETH-25JUL25-1800-P,3189.93,sell,193.0,193.0,,,,,,1752674871.545
627,ETH-257968695,1752691795178,2,0.0002,0.000182,151.95,ETH-25JUL25-1800-P,3341.66,sell,1.0,1.0,,,,,,1752691795.178
629,ETH-257978078,1752694498863,3,0.0002,0.000149,153.67,ETH-25JUL25-1800-P,3364.28,buy,10.0,10.0,,,,,,1752694498.863
628,ETH-257978077,1752694498863,3,0.0002,0.000149,153.67,ETH-25JUL25-1800-P,3364.28,buy,1.0,1.0,,,,,,1752694498.863
630,ETH-258062959,1752711981559,3,0.0002,0.000234,157.31,ETH-25JUL25-1800-P,3392.49,sell,1.0,1.0,,,,,,1752711981.559
632,ETH-258130061,1752738209340,1,0.0003,0.000262,172.6,ETH-25JUL25-1800-P,3465.52,buy,1.0,1.0,,,,,,1752738209.34
631,ETH-258130060,1752738209340,0,0.0003,0.000262,172.6,ETH-25JUL25-1800-P,3465.52,buy,1.0,1.0,,,,,,1752738209.34
633,ETH-258130062,1752738209343,1,0.0003,0.000262,172.6,ETH-25JUL25-1800-P,3465.52,sell,2.0,2.0,,,,,,1752738209.343
634,ETH-258171726,1752749477252,2,0.0002,0.000282,166.19,ETH-25JUL25-1800-P,3456.73,sell,1.0,1.0,,,,,,1752749477.252
638,ETH-258171741,1752749487740,3,0.0001,0.000266,155.35,ETH-25JUL25-1800-P,3457.55,sell,129.0,129.0,,,,,,1752749487.74
637,ETH-258171740,1752749487740,3,0.0001,0.000266,155.35,ETH-25JUL25-1800-P,3457.55,sell,1.0,1.0,,,,,,1752749487.74
636,ETH-258171739,1752749487740,3,0.0001,0.000266,155.35,ETH-25JUL25-1800-P,3457.55,sell,19.0,19.0,,,,,,1752749487.74
635,ETH-258171738,1752749487740,2,0.0001,0.000266,155.35,ETH-25JUL25-1800-P,3457.55,sell,19.0,19.0,,,,,,1752749487.74
639,ETH-258171746,1752749496468,3,0.0001,0.000254,155.37,ETH-25JUL25-1800-P,3457.82,sell,100.0,100.0,,,,,,1752749496.468
640,ETH-258221391,1752763164637,3,0.0001,0.000141,154.67,ETH-25JUL25-1800-P,3425.56,sell,591.0,591.0,,,,,,1752763164.637
642,ETH-258221393,1752763164637,3,0.0001,0.000141,154.67,ETH-25JUL25-1800-P,3425.56,sell,20.0,20.0,,,,,,1752763164.637
641,ETH-258221392,1752763164637,3,0.0001,0.000141,154.67,ETH-25JUL25-1800-P,3425.56,sell,1.0,1.0,,,,,,1752763164.637
643,ETH-258355816,1752805126300,3,0.0001,0.000119,171.85,ETH-25JUL25-1800-P,3604.59,sell,10.0,10.0,,,,,,1752805126.3
644,ETH-258383303,1752815527665,3,0.0001,7.9e-05,175.21,ETH-25JUL25-1800-P,3634.55,buy,1.0,1.0,,,,,,1752815527.665
645,ETH-258614118,1752879433603,3,0.0001,6.3e-05,178.56,ETH-25JUL25-1800-P,3542.2,buy,99.0,99.0,,,,,,1752879433.603
646,ETH-258614119,1752879433603,3,0.0001,6.3e-05,178.56,ETH-25JUL25-1800-P,3542.2,buy,1.0,1.0,,,,,,1752879433.603
647,ETH-258614120,1752879433603,3,0.0001,6.3e-05,178.56,ETH-25JUL25-1800-P,3542.2,buy,11.0,11.0,,,,,,1752879433.603
648,ETH-258614121,1752879433605,3,0.0001,6.3e-05,178.56,ETH-25JUL25-1800-P,3542.2,sell,8.0,8.0,,,,,,1752879433.605
649,ETH-258614132,1752879466315,3,0.0001,7.7e-05,178.52,ETH-25JUL25-1800-P,3541.84,sell,2.0,2.0,,,,,,1752879466.315
650,ETH-258946502,1753101684610,3,0.0001,0.0,255.3,ETH-25JUL25-1800-P,3817.28,buy,1.0,1.0,,,,,,1753101684.61
651,ETH-258946503,1753101684612,3,0.0001,0.0,255.3,ETH-25JUL25-1800-P,3817.28,sell,29.0,29.0,,,,,,1753101684.612
652,ETH-259588911,1753416161594,3,0.0001,0.0,999.0,ETH-25JUL25-1800-P,3596.9,buy,2.0,2.0,,,,,,1753416161.594
