"Date (UTC)","Timestamp (UTC)","150k","120k","115k","110k","100k","95k","90k","60k"
"05-30-2025 21:00","1748638808","0.475","0.265","0.44","0.59","0.7","0.42","0.21","0.5"
"05-30-2025 22:00","1748642407","0.025","0.265","0.445","0.68","0.7","0.41","0.2","0.495"
"05-30-2025 23:00","1748646008","0.021","0.25","0.415","0.64","0.74","0.44","0.22","0.495"
"05-31-2025 00:00","1748649607","0.021","0.245","0.415","0.65","0.74","0.445","0.22","0.04"
"05-31-2025 01:00","1748653209","0.0185","0.245","0.41","0.645","0.75","0.46","0.22","0.0195"
"05-31-2025 02:00","1748656807","0.0215","0.22","0.38","0.615","0.785","0.485","0.24","0.0195"
"05-31-2025 03:00","1748660407","0.0215","0.225","0.37","0.61","0.805","0.5","0.255","0.0195"
"05-31-2025 04:00","1748664008","0.0215","0.245","0.405","0.625","0.795","0.48","0.245","0.0195"
"05-31-2025 05:00","1748667608","0.0165","0.25","0.415","0.625","0.775","0.48","0.245","0.019"
"05-31-2025 06:00","1748671206","0.0145","0.25","0.41","0.62","0.78","0.5","0.275","0.0195"
"05-31-2025 07:00","1748674807","0.021","0.255","0.415","0.64","0.77","0.485","0.265","0.0195"
"05-31-2025 08:00","1748678407","0.012","0.255","0.415","0.64","0.775","0.49","0.265","0.0175"
"05-31-2025 09:00","1748682007","0.012","0.24","0.405","0.63","0.775","0.49","0.26","0.019"
"05-31-2025 10:00","1748685607","0.013","0.24","0.405","0.62","0.77","0.495","0.26","0.019"
"05-31-2025 11:00","1748689206","0.013","0.23","0.395","0.605","0.785","0.495","0.26","0.019"
"05-31-2025 12:00","1748692807","0.017","0.235","0.39","0.605","0.785","0.47","0.23","0.019"
"05-31-2025 13:00","1748696408","0.0205","0.255","0.41","0.63","0.755","0.41","0.215","0.0175"
"05-31-2025 14:00","1748700008","0.02","0.265","0.42","0.64","0.735","0.43","0.24","0.0175"
"05-31-2025 15:00","1748703607","0.0255","0.285","0.44","0.66","0.72","0.415","0.23","0.0145"
"05-31-2025 16:00","1748707207","0.0275","0.285","0.445","0.655","0.785","0.435","0.245","0.015"
"05-31-2025 17:00","1748710806","0.027","0.28","0.445","0.68","0.73","0.43","0.24","0.0145"
"05-31-2025 18:00","1748714407","0.026","0.285","0.45","0.68","0.745","0.455","0.245","0.015"
"05-31-2025 19:00","1748718007","0.0265","0.28","0.455","0.685","0.74","0.445","0.245","0.0155"
"05-31-2025 20:00","1748721607","0.026","0.285","0.465","0.7","0.725","0.44","0.245","0.015"
"05-31-2025 21:00","1748725206","0.025","0.285","0.47","0.7","0.72","0.435","0.245","0.0185"
"05-31-2025 22:00","1748728806","0.0255","0.285","0.485","0.705","0.72","0.435","0.245","0.0225"
"05-31-2025 23:00","1748732407","0.0255","0.285","0.485","0.705","0.725","0.445","0.255","0.0215"
"06-01-2025 00:00","1748736007","0.0235","0.285","0.48","0.7","0.725","0.445","0.25","0.0205"
"06-01-2025 01:00","1748739607","0.0235","0.29","0.46","0.68","0.74","0.445","0.255","0.0205"
"06-01-2025 02:00","1748743206","0.0235","0.275","0.445","0.67","0.745","0.455","0.255","0.0205"
"06-01-2025 03:00","1748746807","0.0235","0.275","0.45","0.675","0.755","0.45","0.255","0.0205"
"06-01-2025 04:00","1748750407","0.0235","0.28","0.46","0.67","0.745","0.44","0.245","0.0205"
"06-01-2025 05:00","1748754006","0.0175","0.265","0.455","0.675","0.72","0.435","0.245","0.0205"
"06-01-2025 06:00","1748757607","0.0175","0.265","0.445","0.665","0.725","0.44","0.24","0.02"
"06-01-2025 07:00","1748761207","0.02","0.265","0.445","0.665","0.75","0.45","0.245","0.02"
"06-01-2025 08:00","1748764807","0.019","0.24","0.435","0.67","0.75","0.455","0.245","0.02"
"06-01-2025 09:00","1748768407","0.019","0.255","0.425","0.665","0.75","0.45","0.24","0.017"
"06-01-2025 10:00","1748772006","0.0115","0.255","0.415","0.645","0.755","0.455","0.245","0.01"
"06-01-2025 11:00","1748775606","0.0135","0.25","0.42","0.645","0.755","0.455","0.245","0.0095"
"06-01-2025 12:00","1748779207","0.0145","0.25","0.425","0.655","0.755","0.455","0.25","0.0105"
"06-01-2025 13:00","1748782806","0.0145","0.245","0.415","0.655","0.76","0.455","0.255","0.0105"
"06-01-2025 14:00","1748786407","0.0145","0.255","0.435","0.655","0.745","0.45","0.245","0.011"
"06-01-2025 15:00","1748790007","0.0155","0.295","0.455","0.675","0.725","0.445","0.235","0.0105"
"06-01-2025 16:00","1748793607","0.0155","0.275","0.45","0.675","0.715","0.425","0.23","0.0105"
"06-01-2025 17:00","1748797207","0.0195","0.265","0.46","0.695","0.695","0.405","0.205","0.011"
"06-01-2025 18:00","1748800806","0.0175","0.275","0.46","0.685","0.695","0.405","0.21","0.0105"
"06-01-2025 19:00","1748804406","0.0175","0.26","0.445","0.67","0.71","0.405","0.22","0.0105"
"06-01-2025 20:00","1748808007","0.019","0.27","0.455","0.695","0.695","0.39","0.215","0.0105"
"06-01-2025 21:00","1748811607","0.018","0.275","0.45","0.695","0.7","0.395","0.215","0.0105"
"06-01-2025 22:00","1748815206","0.0185","0.27","0.465","0.705","0.675","0.395","0.225","0.01"
"06-01-2025 23:00","1748818806","0.018","0.26","0.47","0.72","0.67","0.39","0.22","0.01"
"06-02-2025 00:00","1748822406","0.019","0.265","0.475","0.725","0.665","0.39","0.21","0.01"
"06-02-2025 01:00","1748826007","0.0185","0.26","0.455","0.695","0.675","0.385","0.215","0.01"
"06-02-2025 02:00","1748829606","0.0185","0.255","0.445","0.7","0.68","0.39","0.215","0.01"
"06-02-2025 03:00","1748833206","0.017","0.24","0.435","0.685","0.695","0.405","0.215","0.01"
"06-02-2025 04:00","1748836806","0.018","0.24","0.42","0.66","0.71","0.41","0.215","0.0095"
"06-02-2025 05:00","1748840406","0.018","0.225","0.395","0.655","0.71","0.41","0.22","0.0095"
"06-02-2025 06:00","1748844006","0.018","0.22","0.395","0.665","0.71","0.41","0.22","0.0095"
"06-02-2025 07:00","1748847606","0.0175","0.23","0.405","0.685","0.695","0.395","0.21","0.0095"
"06-02-2025 08:00","1748851207","0.0175","0.23","0.4","0.69","0.67","0.4","0.2","0.0095"
"06-02-2025 09:00","1748854807","0.0165","0.245","0.415","0.705","0.675","0.4","0.205","0.0095"
"06-02-2025 10:00","1748858406","0.0135","0.23","0.395","0.65","0.725","0.445","0.23","0.0095"
"06-02-2025 11:00","1748862006","0.0115","0.225","0.39","0.64","0.73","0.445","0.23","0.0095"
"06-02-2025 12:00","1748865607","0.0115","0.195","0.375","0.62","0.745","0.455","0.235","0.0085"
"06-02-2025 13:00","1748869206","0.0115","0.185","0.375","0.625","0.735","0.455","0.235","0.0085"
"06-02-2025 14:00","1748872807","0.0115","0.205","0.365","0.615","0.755","0.465","0.245","0.0085"
"06-02-2025 15:00","1748876405","0.014","0.205","0.375","0.635","0.73","0.45","0.23","0.009"
"06-02-2025 16:00","1748880007","0.014","0.2","0.385","0.65","0.705","0.425","0.22","0.0085"
"06-02-2025 17:00","1748883606","0.014","0.2","0.38","0.64","0.715","0.43","0.23","0.008"
"06-02-2025 18:00","1748887207","0.0135","0.21","0.38","0.64","0.695","0.425","0.235","0.0065"
"06-02-2025 19:00","1748890807","0.015","0.215","0.375","0.635","0.7","0.43","0.23","0.0065"
"06-02-2025 20:00","1748894406","0.0135","0.215","0.385","0.64","0.705","0.425","0.22","0.0085"
"06-02-2025 21:00","1748898007","0.014","0.22","0.395","0.67","0.68","0.405","0.215","0.0085"
"06-02-2025 22:00","1748901607","0.0145","0.2","0.395","0.665","0.685","0.41","0.215","0.0085"
"06-02-2025 23:00","1748905207","0.0155","0.235","0.415","0.715","0.635","0.37","0.19","0.0085"
"06-03-2025 00:00","1748908807","0.0155","0.245","0.445","0.73","0.625","0.37","0.185","0.0085"
"06-03-2025 01:00","1748912406","0.015","0.265","0.47","0.755","0.585","0.34","0.175","0.0085"
"06-03-2025 02:00","1748916006","0.016","0.26","0.47","0.77","0.585","0.335","0.175","0.0085"
"06-03-2025 03:00","1748919607","0.016","0.245","0.45","0.71","0.615","0.365","0.19","0.0085"
"06-03-2025 04:00","1748923207","0.0145","0.245","0.425","0.71","0.62","0.375","0.195","0.0085"
"06-03-2025 05:00","1748926807","0.015","0.245","0.415","0.69","0.635","0.385","0.205","0.0085"
"06-03-2025 06:00","1748930407","0.014","0.245","0.43","0.7","0.63","0.38","0.195","0.008"
"06-03-2025 07:00","1748934006","0.014","0.245","0.43","0.7","0.63","0.38","0.19","0.008"
"06-03-2025 08:00","1748937605","0.014","0.245","0.425","0.695","0.635","0.38","0.2","0.008"
"06-03-2025 09:00","1748941206","0.014","0.24","0.415","0.685","0.645","0.395","0.21","0.0085"
"06-03-2025 10:00","1748944806","0.0135","0.235","0.41","0.685","0.63","0.385","0.195","0.0085"
"06-03-2025 11:00","1748948406","0.013","0.225","0.405","0.685","0.635","0.375","0.19","0.0085"
"06-03-2025 12:00","1748952006","0.0125","0.22","0.405","0.69","0.635","0.385","0.195","0.008"
"06-03-2025 13:00","1748955606","0.0125","0.225","0.405","0.685","0.63","0.38","0.195","0.0085"
"06-03-2025 14:00","1748959206","0.0125","0.23","0.415","0.695","0.62","0.365","0.19","0.008"
"06-03-2025 15:00","1748962806","0.0125","0.265","0.475","0.765","0.565","0.33","0.145","0.008"
"06-03-2025 16:00","1748966406","0.0135","0.26","0.475","0.75","0.58","0.33","0.155","0.0075"
"06-03-2025 17:00","1748970006","0.015","0.235","0.425","0.705","0.62","0.35","0.165","0.0075"
"06-03-2025 18:00","1748973606","0.015","0.235","0.435","0.71","0.615","0.345","0.165","0.0085"
"06-03-2025 19:00","1748977206","0.015","0.23","0.435","0.705","0.61","0.34","0.16","0.008"
"06-03-2025 20:00","1748980806","0.015","0.24","0.45","0.735","0.595","0.33","0.16","0.008"
"06-03-2025 21:00","1748984406","0.0145","0.23","0.42","0.695","0.62","0.35","0.17","0.008"
"06-03-2025 22:00","1748988006","0.014","0.225","0.415","0.665","0.64","0.37","0.185","0.008"
"06-03-2025 23:00","1748991605","0.0145","0.23","0.42","0.68","0.625","0.355","0.17","0.008"
"06-04-2025 00:00","1748995206","0.014","0.215","0.415","0.665","0.645","0.37","0.18","0.0085"
"06-04-2025 01:00","1748998806","0.014","0.215","0.41","0.665","0.645","0.37","0.18","0.0085"
"06-04-2025 02:00","1749002407","0.0145","0.215","0.405","0.68","0.63","0.36","0.175","0.0095"
"06-04-2025 03:00","1749006006","0.014","0.22","0.41","0.675","0.635","0.36","0.165","0.0095"
"06-04-2025 04:00","1749009606","0.014","0.21","0.41","0.685","0.63","0.36","0.165","0.0095"
"06-04-2025 05:00","1749013206","0.0135","0.21","0.41","0.675","0.64","0.36","0.175","0.0095"
"06-04-2025 06:00","1749016806","0.0135","0.215","0.41","0.675","0.645","0.36","0.175","0.01"
"06-04-2025 07:00","1749020405","0.0135","0.21","0.405","0.67","0.645","0.36","0.175","0.0095"
"06-04-2025 08:00","1749024006","0.014","0.205","0.405","0.67","0.64","0.355","0.175","0.008"
"06-04-2025 09:00","1749027606","0.0135","0.215","0.405","0.67","0.635","0.345","0.175","0.008"
"06-04-2025 10:00","1749031206","0.0135","0.225","0.425","0.695","0.615","0.335","0.165","0.008"
"06-04-2025 11:00","1749034806","0.015","0.225","0.425","0.705","0.625","0.335","0.165","0.008"
"06-04-2025 12:00","1749038406","0.0145","0.21","0.405","0.675","0.645","0.36","0.175","0.0085"
"06-04-2025 13:00","1749042006","0.0135","0.205","0.405","0.655","0.645","0.365","0.18","0.0085"
"06-04-2025 14:00","1749045606","0.0135","0.205","0.395","0.64","0.665","0.375","0.185","0.0075"
"06-04-2025 15:00","1749049205","0.0135","0.205","0.395","0.65","0.645","0.36","0.18","0.0075"
"06-04-2025 16:00","1749052806","0.0135","0.215","0.41","0.67","0.63","0.345","0.175","0.0075"
"06-04-2025 17:00","1749056405","0.0135","0.215","0.395","0.675","0.62","0.345","0.175","0.0075"
"06-04-2025 18:00","1749060006","0.0125","0.205","0.385","0.645","0.655","0.355","0.155","0.0075"
"06-04-2025 19:00","1749063606","0.0175","0.205","0.375","0.65","0.655","0.345","0.165","0.0075"
"06-04-2025 20:00","1749067206","0.0145","0.195","0.375","0.64","0.655","0.345","0.17","0.0075"
"06-04-2025 21:00","1749070806","0.0135","0.185","0.365","0.615","0.655","0.365","0.175","0.0075"
"06-04-2025 22:00","1749074406","0.0135","0.185","0.38","0.625","0.655","0.35","0.165","0.009"
"06-04-2025 23:00","1749078006","0.014","0.185","0.37","0.63","0.655","0.36","0.17","0.0085"
"06-05-2025 00:00","1749081606","0.014","0.185","0.36","0.625","0.65","0.355","0.17","0.0075"
"06-05-2025 01:00","1749085206","0.014","0.185","0.36","0.625","0.645","0.345","0.17","0.0075"
"06-05-2025 02:00","1749088806","0.014","0.19","0.35","0.63","0.66","0.365","0.17","0.008"
"06-05-2025 03:00","1749092406","0.0135","0.195","0.355","0.64","0.64","0.345","0.165","0.008"
"06-05-2025 04:00","1749096005","0.0135","0.185","0.37","0.645","0.64","0.35","0.165","0.008"
"06-05-2025 05:00","1749099606","0.0135","0.185","0.375","0.645","0.635","0.345","0.165","0.0075"
"06-05-2025 06:00","1749103206","0.0135","0.175","0.345","0.615","0.66","0.355","0.165","0.0075"
"06-05-2025 07:00","1749106806","0.0135","0.175","0.345","0.6","0.665","0.355","0.165","0.007"
"06-05-2025 08:00","1749110406","0.013","0.165","0.345","0.61","0.665","0.365","0.165","0.0075"
"06-05-2025 09:00","1749114006","0.0125","0.18","0.345","0.615","0.66","0.36","0.175","0.0075"
"06-05-2025 10:00","1749117606","0.0125","0.175","0.355","0.63","0.64","0.355","0.165","0.0075"
"06-05-2025 11:00","1749121206","0.013","0.185","0.345","0.61","0.655","0.36","0.165","0.0075"
"06-05-2025 12:00","1749124806","0.013","0.185","0.345","0.615","0.64","0.355","0.175","0.0075"
"06-05-2025 13:00","1749128405","0.0135","0.2","0.395","0.68","0.595","0.305","0.155","0.0085"
"06-05-2025 14:00","1749132006","0.013","0.175","0.355","0.605","0.665","0.355","0.175","0.008"
"06-05-2025 15:00","1749135606","0.012","0.175","0.35","0.605","0.65","0.35","0.165","0.0075"
"06-05-2025 16:00","1749139206","0.0125","0.175","0.345","0.605","0.65","0.345","0.165","0.007"
"06-05-2025 17:00","1749142806","0.012","0.165","0.305","0.525","0.695","0.395","0.195","0.0065"
"06-05-2025 18:00","1749146407","0.012","0.155","0.295","0.52","0.74","0.4","0.195","0.0075"
"06-05-2025 19:00","1749150006","0.0115","0.145","0.285","0.525","0.75","0.41","0.205","0.0075"
"06-05-2025 20:00","1749153606","0.0115","0.125","0.255","0.465","0.825","0.485","0.245","0.0075"
"06-05-2025 21:00","1749157207","0.0115","0.11","0.225","0.39","0.955","0.595","0.315","0.0075"
"06-05-2025 22:00","1749160807","0.0115","0.135","0.235","0.415","0.865","0.525","0.28","0.0075"
"06-05-2025 23:00","1749164406","0.0115","0.135","0.24","0.42","0.86","0.52","0.275","0.0075"
"06-06-2025 00:00","1749168006","0.0115","0.135","0.245","0.425","0.855","0.53","0.27","0.0075"
"06-06-2025 01:00","1749171607","0.0115","0.125","0.25","0.445","0.83","0.51","0.265","0.009"
"06-06-2025 02:00","1749175206","0.0125","0.125","0.255","0.43","0.85","0.51","0.24","0.0085"
"06-06-2025 03:00","1749178806","0.0125","0.13","0.255","0.435","0.82","0.49","0.24","0.0085"
"06-06-2025 04:00","1749182406","0.0125","0.145","0.26","0.45","0.805","0.46","0.225","0.0085"
"06-06-2025 05:00","1749186007","0.0115","0.15","0.275","0.485","0.775","0.45","0.215","0.0085"
"06-06-2025 06:00","1749189607","0.0115","0.15","0.27","0.485","0.765","0.445","0.215","0.007"
"06-06-2025 07:00","1749193205","0.0115","0.16","0.3","0.505","0.755","0.435","0.215","0.008"
"06-06-2025 08:00","1749196806","0.0115","0.165","0.3","0.505","0.75","0.435","0.205","0.0075"
"06-06-2025 09:00","1749200407","0.0115","0.16","0.315","0.525","0.725","0.415","0.185","0.0075"
"06-06-2025 10:00","1749204007","0.0115","0.16","0.32","0.535","0.73","0.4","0.175","0.0075"
"06-06-2025 11:00","1749207606","0.012","0.165","0.3","0.57","0.715","0.39","0.145","0.0075"
"06-06-2025 12:00","1749211206","0.0125","0.17","0.315","0.585","0.705","0.37","0.135","0.0075"
"06-06-2025 13:00","1749214806","0.012","0.17","0.32","0.58","0.71","0.37","0.145","0.007"
"06-06-2025 14:00","1749218406","0.012","0.175","0.335","0.59","0.69","0.36","0.135","0.0075"
"06-06-2025 15:00","1749222006","0.012","0.2","0.35","0.635","0.64","0.32","0.125","0.0075"
"06-06-2025 16:00","1749225607","0.012","0.205","0.355","0.645","0.625","0.315","0.125","0.0095"
"06-06-2025 17:00","1749229207","0.0125","0.2","0.36","0.63","0.655","0.335","0.125","0.0075"
"06-06-2025 18:00","1749232807","0.012","0.175","0.355","0.645","0.635","0.32","0.125","0.0075"
"06-06-2025 19:00","1749236407","0.0125","0.18","0.35","0.615","0.67","0.33","0.13","0.0075"
"06-06-2025 20:00","1749240007","0.0135","0.175","0.325","0.59","0.685","0.34","0.13","0.0075"
"06-06-2025 21:00","1749243607","0.0135","0.18","0.335","0.61","0.67","0.335","0.13","0.0075"
"06-06-2025 22:00","1749247207","0.0135","0.175","0.33","0.61","0.68","0.33","0.13","0.0075"
"06-06-2025 23:00","1749250806","0.0135","0.16","0.325","0.605","0.66","0.325","0.13","0.0075"
"06-07-2025 00:00","1749254407","0.0125","0.16","0.325","0.585","0.675","0.325","0.13","0.0075"
"06-07-2025 01:00","1749258005","0.013","0.16","0.325","0.6","0.655","0.325","0.13","0.0075"
"06-07-2025 02:00","1749261606","0.0125","0.155","0.325","0.605","0.66","0.32","0.125","0.0075"
"06-07-2025 03:00","1749265207","0.0125","0.165","0.345","0.595","0.645","0.325","0.13","0.0055"
"06-07-2025 04:00","1749268807","0.012","0.165","0.355","0.615","0.625","0.315","0.125","0.0055"
"06-07-2025 05:00","1749272406","0.012","0.165","0.35","0.615","0.63","0.31","0.135","0.0055"
"06-07-2025 06:00","1749276006","0.0125","0.175","0.355","0.62","0.62","0.305","0.13","0.0055"
"06-07-2025 07:00","1749279607","0.012","0.175","0.375","0.645","0.585","0.295","0.135","0.0055"
"06-07-2025 08:00","1749283207","0.0115","0.175","0.355","0.625","0.595","0.3","0.13","0.005"
"06-07-2025 09:00","1749286808","0.012","0.175","0.345","0.615","0.625","0.315","0.135","0.005"
"06-07-2025 10:00","1749290407","0.0115","0.175","0.35","0.615","0.615","0.315","0.13","0.0045"
"06-07-2025 11:00","1749294007","0.012","0.165","0.355","0.635","0.595","0.305","0.13","0.005"
"06-07-2025 12:00","1749297608","0.013","0.165","0.35","0.635","0.595","0.295","0.13","0.005"
"06-07-2025 13:00","1749301207","0.012","0.175","0.365","0.66","0.57","0.29","0.125","0.005"
"06-07-2025 14:00","1749304807","0.013","0.175","0.365","0.665","0.57","0.275","0.125","0.005"
"06-07-2025 15:00","1749308408","0.013","0.19","0.37","0.665","0.58","0.285","0.125","0.0055"
"06-07-2025 16:00","1749312006","0.0125","0.19","0.375","0.67","0.575","0.285","0.115","0.0055"
"06-07-2025 17:00","1749315607","0.0135","0.185","0.365","0.655","0.58","0.285","0.115","0.0055"
"06-07-2025 18:00","1749319207","0.0135","0.185","0.36","0.66","0.57","0.275","0.115","0.0055"
"06-07-2025 19:00","1749322807","0.0135","0.195","0.37","0.67","0.565","0.275","0.115","0.0055"
"06-07-2025 20:00","1749326408","0.0135","0.195","0.37","0.68","0.565","0.265","0.115","0.0055"
"06-07-2025 21:00","1749330008","0.0135","0.2","0.38","0.69","0.55","0.255","0.11","0.0055"
"06-07-2025 22:00","1749333607","0.0135","0.2","0.39","0.685","0.56","0.27","0.11","0.0055"
"06-07-2025 23:00","1749337207","0.0135","0.205","0.405","0.695","0.56","0.27","0.115","0.0055"
"06-08-2025 00:00","1749340807","0.0135","0.19","0.39","0.675","0.57","0.28","0.12","0.0055"
"06-08-2025 01:00","1749344407","0.0125","0.19","0.385","0.665","0.58","0.295","0.115","0.0055"
"06-08-2025 02:00","1749348007","0.012","0.19","0.39","0.68","0.565","0.275","0.115","0.0055"
"06-08-2025 03:00","1749351606","0.0125","0.185","0.385","0.665","0.58","0.295","0.115","0.0055"
"06-08-2025 04:00","1749355207","0.0135","0.185","0.385","0.665","0.585","0.285","0.115","0.0055"
"06-08-2025 05:00","1749358807","0.0135","0.185","0.385","0.68","0.575","0.285","0.115","0.0055"
"06-08-2025 06:00","1749362407","0.0135","0.185","0.385","0.665","0.58","0.285","0.115","0.0055"
"06-08-2025 07:00","1749366007","0.0135","0.185","0.385","0.67","0.575","0.285","0.115","0.0055"
"06-08-2025 08:00","1749369606","0.0135","0.185","0.38","0.665","0.575","0.285","0.115","0.0055"
"06-08-2025 09:00","1749373206","0.012","0.185","0.375","0.665","0.575","0.285","0.115","0.0045"
"06-08-2025 10:00","1749376807","0.0115","0.175","0.365","0.645","0.58","0.29","0.11","0.0045"
"06-08-2025 11:00","1749380407","0.0105","0.175","0.375","0.655","0.565","0.28","0.11","0.0045"
"06-08-2025 12:00","1749384007","0.012","0.18","0.385","0.675","0.555","0.275","0.105","0.0045"
"06-08-2025 13:00","1749387607","0.012","0.18","0.385","0.685","0.545","0.265","0.105","0.0045"
"06-08-2025 14:00","1749391207","0.013","0.175","0.375","0.68","0.555","0.27","0.095","0.0045"
"06-08-2025 15:00","1749394807","0.0125","0.175","0.385","0.695","0.545","0.27","0.095","0.007"
"06-08-2025 16:00","1749398406","0.0125","0.185","0.385","0.7","0.53","0.265","0.105","0.0065"
"06-08-2025 17:00","1749402007","0.013","0.195","0.395","0.715","0.51","0.255","0.095","0.0055"
"06-08-2025 18:00","1749405607","0.0125","0.195","0.4","0.705","0.52","0.255","0.095","0.0055"
"06-08-2025 19:00","1749409208","0.012","0.195","0.405","0.725","0.51","0.25","0.095","0.0055"
"06-08-2025 20:00","1749412806","0.012","0.195","0.41","0.72","0.51","0.25","0.095","0.0055"
"06-08-2025 21:00","1749416407","0.012","0.195","0.415","0.715","0.51","0.25","0.095","0.0055"
"06-08-2025 22:00","1749420006","0.012","0.205","0.415","0.725","0.5","0.245","0.095","0.0055"
"06-08-2025 23:00","1749423607","0.012","0.205","0.395","0.68","0.535","0.265","0.105","0.0055"
"06-09-2025 00:00","1749427207","0.012","0.19","0.4","0.68","0.54","0.26","0.105","0.0055"
"06-09-2025 01:00","1749430807","0.012","0.195","0.4","0.68","0.535","0.265","0.105","0.0055"
"06-09-2025 02:00","1749434406","0.012","0.185","0.385","0.67","0.545","0.275","0.105","0.0055"
"06-09-2025 03:00","1749438006","0.012","0.175","0.39","0.67","0.54","0.27","0.105","0.005"
"06-09-2025 04:00","1749441606","0.012","0.175","0.385","0.68","0.53","0.27","0.105","0.005"
"06-09-2025 05:00","1749445207","0.0115","0.175","0.385","0.66","0.525","0.27","0.105","0.005"
"06-09-2025 06:00","1749448807","0.011","0.165","0.375","0.65","0.53","0.27","0.105","0.0045"
"06-09-2025 07:00","1749452406","0.0115","0.17","0.375","0.665","0.515","0.265","0.105","0.0045"
"06-09-2025 08:00","1749456007","0.011","0.165","0.375","0.66","0.535","0.265","0.105","0.0045"
"06-09-2025 09:00","1749459607","0.012","0.165","0.385","0.68","0.495","0.25","0.105","0.0045"
"06-09-2025 10:00","1749463206","0.0105","0.19","0.42","0.73","0.455","0.215","0.095","0.0045"
"06-09-2025 11:00","1749466807","0.017","0.205","0.475","0.765","0.44","0.205","0.085","0.0045"
"06-09-2025 12:00","1749470407","0.0175","0.22","0.495","0.815","0.405","0.185","0.08","0.0045"
"06-09-2025 13:00","1749474007","0.0175","0.22","0.505","0.81","0.405","0.185","0.065","0.005"
"06-09-2025 14:00","1749477606","0.0165","0.21","0.445","0.75","0.445","0.21","0.075","0.005"
"06-09-2025 15:00","1749481207","0.0165","0.215","0.475","0.79","0.395","0.19","0.07","0.006"
"06-09-2025 16:00","1749484806","0.0165","0.215","0.475","0.795","0.395","0.19","0.075","0.005"
"06-09-2025 17:00","1749488407","0.0185","0.235","0.475","0.795","0.395","0.175","0.07","0.005"
"06-09-2025 18:00","1749492007","0.0185","0.245","0.495","0.85","0.345","0.155","0.065","0.0045"
"06-09-2025 19:00","1749495607","0.0185","0.255","0.51","0.86","0.355","0.155","0.065","0.0045"
"06-09-2025 20:00","1749499206","0.0175","0.255","0.515","0.87","0.345","0.155","0.065","0.0045"
"06-09-2025 21:00","1749502806","0.015","0.265","0.555","0.885","0.345","0.155","0.065","0.0045"
"06-09-2025 22:00","1749506406","0.022","0.315","0.62","0.9995","0.29","0.135","0.055","0.0045"
"06-09-2025 23:00","1749510007","0.0275","0.335","0.645","0.9995","0.295","0.13","0.055","0.0045"
"06-10-2025 00:00","1749513606","0.025","0.335","0.645","","0.29","0.13","0.055","0.0045"
"06-10-2025 01:00","1749517206","0.022","0.32","0.61","","0.295","0.135","0.055","0.0045"
"06-10-2025 02:00","1749520806","0.0205","0.31","0.61","","0.305","0.14","0.06","0.0045"
"06-10-2025 03:00","1749524407","0.02","0.325","0.6","","0.305","0.135","0.06","0.0045"
"06-10-2025 04:00","1749528006","0.02","0.335","0.6","","0.305","0.135","0.06","0.0045"
"06-10-2025 05:00","1749531607","0.021","0.325","0.61","","0.31","0.14","0.06","0.0045"
"06-10-2025 06:00","1749535207","0.0225","0.305","0.595","","0.315","0.14","0.06","0.0045"
"06-10-2025 07:00","1749538807","0.021","0.315","0.615","","0.31","0.15","0.06","0.0045"
"06-10-2025 08:00","1749542407","0.021","0.315","0.595","","0.325","0.15","0.06","0.0045"
"06-10-2025 09:00","1749546006","0.0205","0.295","0.575","","0.33","0.15","0.06","0.0045"
"06-10-2025 10:00","1749549607","0.0235","0.305","0.58","","0.305","0.14","0.06","0.0045"
"06-10-2025 11:00","1749553207","0.02","0.31","0.57","","0.315","0.14","0.065","0.0045"
"06-10-2025 12:00","1749556807","0.0195","0.315","0.605","","0.315","0.14","0.055","0.0045"
"06-10-2025 13:00","1749560407","0.019","0.315","0.625","","0.315","0.14","0.055","0.0045"
"06-10-2025 14:00","1749564007","0.0195","0.31","0.575","","0.325","0.145","0.055","0.0045"
"06-10-2025 15:00","1749567607","0.0195","0.275","0.54","","0.375","0.165","0.065","0.0045"
"06-10-2025 16:00","1749571207","0.0195","0.285","0.56","","0.35","0.15","0.075","0.0045"
"06-10-2025 17:00","1749574807","0.02","0.275","0.54","","0.37","0.155","0.075","0.0045"
"06-10-2025 18:00","1749578407","0.0205","0.27","0.54","","0.37","0.155","0.075","0.0045"
"06-10-2025 19:00","1749582007","0.02","0.305","0.605","","0.325","0.14","0.06","0.0055"
"06-10-2025 20:00","1749585607","0.0235","0.315","0.6","","0.325","0.135","0.055","0.0055"
"06-10-2025 21:00","1749589207","0.021","0.335","0.63","","0.3","0.125","0.055","0.0055"
"06-10-2025 22:00","1749592807","0.022","0.33","0.62","","0.315","0.135","0.055","0.0055"
"06-10-2025 23:00","1749596407","0.022","0.32","0.615","","0.32","0.13","0.055","0.0055"
"06-11-2025 00:00","1749600007","0.021","0.345","0.645","","0.295","0.125","0.055","0.0055"
"06-11-2025 01:00","1749603607","0.021","0.305","0.615","","0.305","0.135","0.055","0.0055"
"06-11-2025 02:00","1749607207","0.0185","0.31","0.595","","0.315","0.135","0.055","0.0055"
"06-11-2025 03:00","1749610806","0.0195","0.305","0.595","","0.31","0.135","0.055","0.0055"
"06-11-2025 04:00","1749614407","0.0195","0.29","0.605","","0.315","0.135","0.055","0.006"
"06-11-2025 05:00","1749618007","0.0195","0.295","0.605","","0.315","0.13","0.045","0.005"
"06-11-2025 06:00","1749621606","0.0195","0.285","0.605","","0.315","0.13","0.05","0.005"
"06-11-2025 07:00","1749625207","0.021","0.295","0.61","","0.32","0.13","0.045","0.005"
"06-11-2025 08:00","1749628807","0.021","0.285","0.605","","0.32","0.13","0.045","0.0045"
"06-11-2025 09:00","1749632407","0.021","0.29","0.6","","0.32","0.13","0.045","0.0045"
"06-11-2025 10:00","1749636007","0.0195","0.275","0.58","","0.335","0.13","0.05","0.0045"
"06-11-2025 11:00","1749639607","0.019","0.275","0.585","","0.315","0.13","0.05","0.0045"
"06-11-2025 12:00","1749643207","0.018","0.265","0.58","","0.33","0.135","0.055","0.0045"
"06-11-2025 13:00","1749646807","0.019","0.295","0.615","","0.305","0.14","0.055","0.005"
"06-11-2025 14:00","1749650408","0.0185","0.295","0.605","","0.31","0.13","0.055","0.0045"
"06-11-2025 15:00","1749654008","0.0205","0.31","0.62","","0.29","0.12","0.055","0.006"
"06-11-2025 16:00","1749657607","0.0185","0.305","0.61","","0.295","0.115","0.055","0.006"
"06-11-2025 17:00","1749661207","0.019","0.285","0.595","","0.315","0.135","0.055","0.006"
"06-11-2025 18:00","1749664807","0.019","0.255","0.575","","0.325","0.125","0.055","0.0055"
"06-11-2025 19:00","1749668407","0.019","0.25","0.555","","0.33","0.125","0.055","0.0055"
"06-11-2025 20:00","1749672008","0.0185","0.25","0.55","","0.33","0.145","0.045","0.0055"
"06-11-2025 21:00","1749675606","0.0185","0.255","0.56","","0.315","0.13","0.055","0.0055"
"06-11-2025 22:00","1749679208","0.0185","0.245","0.525","","0.34","0.145","0.055","0.0055"
"06-11-2025 23:00","1749682807","0.0185","0.235","0.515","","0.34","0.145","0.06","0.0055"
"06-12-2025 00:00","1749686407","0.0185","0.235","0.535","","0.32","0.135","0.065","0.006"
"06-12-2025 01:00","1749690007","0.0185","0.22","0.525","","0.315","0.13","0.055","0.006"
"06-12-2025 02:00","1749693606","0.018","0.215","0.51","","0.325","0.135","0.055","0.0065"
"06-12-2025 03:00","1749697207","0.0175","0.225","0.515","","0.33","0.135","0.055","0.0065"
"06-12-2025 04:00","1749700807","0.0145","0.205","0.475","","0.35","0.145","0.055","0.006"
"06-12-2025 05:00","1749704406","0.014","0.205","0.465","","0.345","0.155","0.065","0.006"
"06-12-2025 06:00","1749708007","0.013","0.195","0.465","","0.355","0.155","0.065","0.006"
"06-12-2025 07:00","1749711606","0.013","0.205","0.475","","0.35","0.145","0.065","0.0065"
"06-12-2025 08:00","1749715208","0.0135","0.2","0.46","","0.36","0.155","0.065","0.0065"
"06-12-2025 09:00","1749718808","0.0135","0.195","0.465","","0.355","0.15","0.055","0.006"
"06-12-2025 10:00","1749722407","0.015","0.195","0.455","","0.365","0.15","0.06","0.006"
"06-12-2025 11:00","1749726007","0.0145","0.185","0.425","","0.375","0.155","0.065","0.006"
"06-12-2025 12:00","1749729607","0.0085","0.185","0.395","","0.385","0.165","0.065","0.006"
"06-12-2025 13:00","1749733207","0.0095","0.165","0.405","","0.385","0.165","0.065","0.0055"
"06-12-2025 14:00","1749736807","0.009","0.175","0.405","","0.385","0.165","0.065","0.0055"
"06-12-2025 15:00","1749740407","0.0095","0.185","0.455","","0.355","0.145","0.055","0.0055"
"06-12-2025 16:00","1749744008","0.011","0.18","0.415","","0.385","0.155","0.065","0.0055"
"06-12-2025 17:00","1749747607","0.011","0.175","0.455","","0.36","0.145","0.065","0.0055"
"06-12-2025 18:00","1749751207","0.011","0.205","0.495","","0.32","0.135","0.055","0.0055"
"06-12-2025 19:00","1749754808","0.0105","0.165","0.445","","0.355","0.145","0.06","0.0055"
"06-12-2025 20:00","1749758407","0.0105","0.155","0.395","","0.385","0.16","0.065","0.0055"
"06-12-2025 21:00","1749762007","0.0105","0.125","0.34","","0.455","0.19","0.075","0.0045"
"06-12-2025 22:00","1749765607","0.0105","0.14","0.335","","0.455","0.185","0.075","0.0045"
"06-12-2025 23:00","1749769208","0.0105","0.135","0.34","","0.45","0.19","0.08","0.0045"
"06-13-2025 00:00","1749772807","0.011","0.125","0.315","","0.465","0.185","0.075","0.0045"
"06-13-2025 01:00","1749776407","0.0105","0.105","0.245","","0.625","0.295","0.12","0.0045"
"06-13-2025 02:00","1749780008","0.011","0.115","0.265","","0.635","0.345","0.15","0.0045"
"06-13-2025 03:00","1749783608","0.0105","0.105","0.24","","0.65","0.35","0.145","0.0045"
"06-13-2025 04:00","1749787207","0.0105","0.125","0.275","","0.595","0.295","0.12","0.005"
"06-13-2025 05:00","1749790807","0.0125","0.125","0.27","","0.59","0.285","0.115","0.005"
"06-13-2025 06:00","1749794407","0.0125","0.105","0.255","","0.605","0.295","0.12","0.0065"
"06-13-2025 08:00","1749801609","0.0105","0.125","0.29","","0.535","0.275","0.105","0.006"
"06-13-2025 09:00","1749805208","0.011","0.115","0.285","","0.55","0.275","0.105","0.006"
"06-13-2025 10:00","1749808807","0.0105","0.115","0.295","","0.545","0.285","0.105","0.006"
"06-13-2025 11:00","1749812408","0.0105","0.12","0.29","","0.545","0.27","0.11","0.0055"
"06-13-2025 12:00","1749816008","0.0105","0.13","0.29","","0.53","0.265","0.105","0.0055"
"06-13-2025 13:00","1749819609","0.011","0.12","0.275","","0.54","0.27","0.105","0.006"
"06-13-2025 14:00","1749823209","0.0115","0.115","0.27","","0.555","0.265","0.105","0.006"
"06-13-2025 15:00","1749826808","0.0105","0.105","0.285","","0.54","0.265","0.105","0.0065"
"06-13-2025 16:00","1749830408","0.01","0.125","0.305","","0.515","0.245","0.095","0.0065"
"06-13-2025 17:00","1749834008","0.011","0.125","0.315","","0.485","0.23","0.09","0.0065"
"06-13-2025 18:00","1749837607","0.011","0.115","0.305","","0.52","0.24","0.1","0.0065"
"06-13-2025 19:00","1749841207","0.0115","0.11","0.295","","0.535","0.265","0.105","0.0065"
"06-13-2025 20:00","1749844807","0.012","0.115","0.29","","0.545","0.25","0.11","0.006"
"06-13-2025 21:00","1749848407","0.0115","0.115","0.315","","0.525","0.24","0.1","0.006"
"06-13-2025 22:00","1749852008","0.0115","0.125","0.305","","0.51","0.24","0.1","0.006"
"06-13-2025 23:00","1749855608","0.0105","0.125","0.315","","0.485","0.225","0.095","0.006"
"06-14-2025 00:00","1749859208","0.0105","0.125","0.335","","0.455","0.22","0.09","0.006"
"06-14-2025 01:00","1749862808","0.014","0.12","0.315","","0.48","0.205","0.085","0.0045"
"06-14-2025 02:00","1749866407","0.0115","0.12","0.295","","0.515","0.22","0.085","0.0045"
"06-14-2025 03:00","1749870008","0.011","0.11","0.29","","0.525","0.225","0.095","0.0045"
"06-14-2025 04:00","1749873607","0.0105","0.11","0.285","","0.53","0.23","0.095","0.0045"
"06-14-2025 05:00","1749877207","0.01","0.11","0.29","","0.53","0.23","0.095","0.0045"
"06-14-2025 06:00","1749880807","0.0095","0.105","0.29","","0.525","0.23","0.095","0.0045"
"06-14-2025 07:00","1749884408","0.0095","0.095","0.275","","0.535","0.225","0.09","0.006"
"06-14-2025 08:00","1749888009","0.0095","0.095","0.265","","0.535","0.225","0.085","0.0055"
"06-14-2025 09:00","1749891608","0.0095","0.095","0.255","","0.54","0.225","0.085","0.0055"
"06-14-2025 10:00","1749895209","0.0095","0.095","0.25","","0.555","0.235","0.095","0.0055"
"06-14-2025 11:00","1749898807","0.0095","0.09","0.24","","0.53","0.235","0.085","0.0055"
"06-14-2025 12:00","1749902407","0.0095","0.09","0.245","","0.53","0.225","0.095","0.0055"
"06-14-2025 13:00","1749906008","0.0095","0.085","0.245","","0.535","0.23","0.085","0.0055"
"06-14-2025 14:00","1749909608","0.0085","0.095","0.245","","0.53","0.235","0.085","0.0055"
"06-14-2025 15:00","1749913207","0.0085","0.095","0.245","","0.545","0.235","0.085","0.0055"
"06-14-2025 16:00","1749916809","0.0075","0.09","0.235","","0.545","0.235","0.085","0.0055"
"06-14-2025 17:00","1749920408","0.0075","0.085","0.225","","0.575","0.245","0.095","0.0055"
"06-14-2025 18:00","1749924007","0.0075","0.085","0.225","","0.565","0.245","0.085","0.005"
"06-14-2025 19:00","1749927607","0.0075","0.085","0.235","","0.545","0.245","0.09","0.005"
"06-14-2025 20:00","1749931207","0.0075","0.095","0.235","","0.565","0.255","0.105","0.005"
"06-14-2025 21:00","1749934808","0.008","0.085","0.245","","0.54","0.26","0.105","0.005"
"06-14-2025 22:00","1749938408","0.0095","0.095","0.265","","0.515","0.235","0.1","0.005"
"06-14-2025 23:00","1749942007","0.008","0.095","0.255","","0.515","0.225","0.095","0.005"
"06-15-2025 00:00","1749945608","0.0075","0.105","0.26","","0.51","0.225","0.085","0.005"
"06-15-2025 01:00","1749949209","0.0085","0.105","0.265","","0.495","0.21","0.09","0.005"
"06-15-2025 02:00","1749952807","0.0085","0.105","0.265","","0.51","0.215","0.09","0.005"
"06-15-2025 03:00","1749956408","0.0085","0.105","0.265","","0.5","0.21","0.09","0.005"
"06-15-2025 04:00","1749960007","0.0085","0.105","0.265","","0.495","0.215","0.085","0.005"
"06-15-2025 05:00","1749963607","0.009","0.105","0.265","","0.495","0.21","0.085","0.005"
"06-15-2025 06:00","1749967209","0.0085","0.11","0.295","","0.455","0.19","0.085","0.005"
"06-15-2025 07:00","1749970807","0.009","0.105","0.265","","0.495","0.205","0.085","0.005"
"06-15-2025 08:00","1749974408","0.0085","0.105","0.265","","0.495","0.21","0.085","0.005"
"06-15-2025 09:00","1749978008","0.0075","0.105","0.265","","0.515","0.215","0.085","0.005"
"06-15-2025 10:00","1749981607","0.0075","0.09","0.235","","0.53","0.23","0.09","0.0045"
"06-15-2025 11:00","1749985207","0.0075","0.095","0.25","","0.52","0.225","0.09","0.0045"
"06-15-2025 12:00","1749988807","0.0065","0.095","0.25","","0.54","0.23","0.09","0.0045"
"06-15-2025 13:00","1749992407","0.0055","0.09","0.27","","0.515","0.225","0.085","0.0045"
"06-15-2025 14:00","1749996007","0.0055","0.095","0.27","","0.49","0.205","0.085","0.0045"
"06-15-2025 15:00","1749999607","0.0075","0.115","0.28","","0.48","0.205","0.085","0.0045"
"06-15-2025 16:00","1750003207","0.0065","0.115","0.285","","0.485","0.215","0.085","0.0045"
"06-15-2025 17:00","1750006807","0.0065","0.11","0.28","","0.49","0.21","0.08","0.0045"
"06-15-2025 18:00","1750010406","0.0065","0.11","0.29","","0.475","0.21","0.08","0.0045"
"06-15-2025 19:00","1750014007","0.0065","0.105","0.275","","0.515","0.23","0.085","0.0045"
"06-15-2025 20:00","1750017607","0.008","0.095","0.275","","0.545","0.25","0.095","0.0055"
"06-15-2025 21:00","1750021207","0.0075","0.095","0.245","","0.585","0.27","0.11","0.0065"
"06-15-2025 22:00","1750024808","0.007","0.095","0.245","","0.57","0.265","0.115","0.0065"
"06-15-2025 23:00","1750028407","0.007","0.105","0.27","","0.535","0.24","0.1","0.006"
"06-16-2025 00:00","1750032007","0.007","0.105","0.285","","0.5","0.225","0.095","0.006"
"06-16-2025 01:00","1750035606","0.007","0.105","0.275","","0.52","0.23","0.115","0.006"
"06-16-2025 02:00","1750039206","0.0065","0.105","0.295","","0.485","0.205","0.095","0.006"
"06-16-2025 03:00","1750042807","0.0075","0.105","0.295","","0.48","0.195","0.095","0.006"
"06-16-2025 04:00","1750046407","0.0065","0.105","0.295","","0.47","0.195","0.085","0.006"
"06-16-2025 05:00","1750050007","0.0065","0.125","0.31","","0.445","0.19","0.075","0.0055"
"06-16-2025 06:00","1750053607","0.006","0.125","0.325","","0.44","0.18","0.065","0.0055"
"06-16-2025 07:00","1750057207","0.007","0.125","0.315","","0.43","0.18","0.065","0.0055"
"06-16-2025 08:00","1750060808","0.008","0.125","0.345","","0.37","0.155","0.065","0.0055"
"06-16-2025 09:00","1750064407","0.0085","0.135","0.335","","0.345","0.16","0.065","0.0055"
"06-16-2025 10:00","1750068007","0.0085","0.135","0.325","","0.355","0.165","0.065","0.005"
"06-16-2025 11:00","1750071607","0.0085","0.125","0.325","","0.365","0.155","0.065","0.0045"
"06-16-2025 12:00","1750075208","0.0085","0.115","0.315","","0.36","0.155","0.065","0.0045"
"06-16-2025 13:00","1750078806","0.007","0.125","0.315","","0.36","0.155","0.065","0.0045"
"06-16-2025 14:00","1750082407","0.007","0.125","0.335","","0.335","0.165","0.07","0.0045"
"06-16-2025 15:00","1750086007","0.007","0.145","0.365","","0.315","0.135","0.055","0.0045"
"06-16-2025 16:00","1750089608","0.008","0.135","0.345","","0.31","0.14","0.055","0.006"
"06-16-2025 17:00","1750093207","0.008","0.135","0.365","","0.29","0.13","0.055","0.0055"
"06-16-2025 18:00","1750096808","0.008","0.135","0.355","","0.295","0.125","0.055","0.0055"
"06-16-2025 19:00","1750100408","0.008","0.135","0.385","","0.265","0.115","0.05","0.0055"
"06-16-2025 20:00","1750104008","0.008","0.165","0.415","","0.24","0.095","0.05","0.0045"
"06-16-2025 21:00","1750107608","0.0075","0.155","0.425","","0.235","0.09","0.05","0.0045"
"06-16-2025 22:00","1750111208","0.0075","0.155","0.405","","0.235","0.1","0.05","0.0045"
"06-16-2025 23:00","1750114807","0.007","0.125","0.34","","0.29","0.12","0.05","0.0045"
"06-17-2025 00:00","1750118408","0.007","0.115","0.31","","0.34","0.14","0.07","0.0045"
"06-17-2025 01:00","1750122008","0.007","0.12","0.33","","0.315","0.135","0.055","0.005"
"06-17-2025 02:00","1750125607","0.007","0.115","0.32","","0.31","0.13","0.06","0.005"
"06-17-2025 03:00","1750129207","0.007","0.125","0.335","","0.29","0.135","0.055","0.005"
"06-17-2025 04:00","1750132808","0.007","0.13","0.34","","0.285","0.135","0.055","0.0045"
"06-17-2025 05:00","1750136408","0.0075","0.125","0.33","","0.31","0.14","0.055","0.005"
"06-17-2025 06:00","1750140007","0.0075","0.12","0.315","","0.32","0.145","0.055","0.006"
"06-17-2025 07:00","1750143608","0.007","0.11","0.29","","0.315","0.135","0.065","0.0045"
"06-17-2025 08:00","1750147207","0.0065","0.095","0.29","","0.33","0.14","0.065","0.0045"
"06-17-2025 09:00","1750150807","0.0065","0.095","0.27","","0.345","0.14","0.055","0.0045"
"06-17-2025 10:00","1750154407","0.0065","0.095","0.25","","0.38","0.16","0.065","0.0045"
"06-17-2025 11:00","1750158007","0.007","0.085","0.24","","0.395","0.17","0.065","0.0045"
"06-17-2025 12:00","1750161606","0.0075","0.085","0.23","","0.405","0.175","0.07","0.0045"
"06-17-2025 13:00","1750165207","0.0075","0.075","0.225","","0.425","0.175","0.075","0.0045"
"06-17-2025 14:00","1750168808","0.0075","0.075","0.2","","0.42","0.185","0.065","0.0045"
"06-17-2025 15:00","1750172407","0.0075","0.075","0.185","","0.46","0.195","0.08","0.0045"
"06-17-2025 16:00","1750176008","0.0065","0.065","0.165","","0.52","0.235","0.095","0.0045"
"06-17-2025 17:00","1750179607","0.0065","0.055","0.145","","0.58","0.285","0.115","0.0045"
"06-17-2025 18:00","1750183207","0.0075","0.065","0.165","","0.56","0.255","0.105","0.0045"
"06-17-2025 19:00","1750186808","0.0075","0.07","0.19","","0.51","0.23","0.095","0.0045"
"06-17-2025 20:00","1750190408","0.007","0.085","0.195","","0.455","0.2","0.075","0.0045"
"06-17-2025 21:00","1750194008","0.0065","0.075","0.175","","0.5","0.21","0.09","0.0045"
"06-17-2025 22:00","1750197608","0.0065","0.065","0.18","","0.47","0.21","0.09","0.0045"
"06-17-2025 23:00","1750201207","0.0045","0.07","0.17","","0.5","0.22","0.095","0.006"
"06-18-2025 00:00","1750204808","0.0055","0.065","0.175","","0.47","0.21","0.085","0.006"
"06-18-2025 01:00","1750208408","0.0065","0.065","0.175","","0.45","0.195","0.085","0.007"
"06-18-2025 02:00","1750212008","0.0065","0.075","0.18","","0.455","0.195","0.08","0.007"
"06-18-2025 03:00","1750215608","0.0065","0.075","0.18","","0.445","0.19","0.08","0.007"
"06-18-2025 04:00","1750219207","0.0045","0.085","0.185","","0.405","0.17","0.075","0.006"
"06-18-2025 05:00","1750222808","0.0045","0.085","0.175","","0.385","0.165","0.065","0.0055"
"06-18-2025 06:00","1750226408","0.005","0.075","0.185","","0.39","0.165","0.065","0.0055"
"06-18-2025 07:00","1750230008","0.0045","0.065","0.165","","0.425","0.185","0.065","0.0055"
"06-18-2025 08:00","1750233608","0.0045","0.065","0.155","","0.425","0.185","0.065","0.005"
"06-18-2025 09:00","1750237208","0.006","0.065","0.165","","0.415","0.165","0.065","0.0055"
"06-18-2025 10:00","1750240807","0.0045","0.065","0.155","","0.44","0.175","0.075","0.0065"
"06-18-2025 11:00","1750244408","0.005","0.065","0.145","","0.48","0.2","0.085","0.0065"
"06-18-2025 12:00","1750248007","0.0055","0.065","0.155","","0.43","0.195","0.08","0.0065"
"06-18-2025 13:00","1750251607","0.005","0.065","0.145","","0.46","0.195","0.085","0.006"
"06-18-2025 14:00","1750255208","0.005","0.055","0.145","","0.485","0.21","0.09","0.0055"
"06-18-2025 15:00","1750258807","0.005","0.055","0.14","","0.46","0.195","0.075","0.0055"
"06-18-2025 16:00","1750262408","0.0045","0.065","0.15","","0.42","0.165","0.075","0.0055"
"06-18-2025 17:00","1750266008","0.0045","0.055","0.14","","0.45","0.185","0.075","0.0055"
"06-18-2025 18:00","1750269607","0.0045","0.055","0.125","","0.46","0.185","0.075","0.0055"
"06-18-2025 19:00","1750273207","0.0045","0.055","0.105","","0.525","0.205","0.08","0.0045"
"06-18-2025 20:00","1750276808","0.0045","0.065","0.1","","0.5","0.195","0.075","0.0045"
"06-18-2025 21:00","1750280408","0.0045","0.065","0.135","","0.405","0.155","0.065","0.0045"
"06-18-2025 22:00","1750284007","0.0045","0.065","0.145","","0.385","0.155","0.065","0.0045"
"06-18-2025 23:00","1750287607","0.0045","0.065","0.14","","0.4","0.15","0.065","0.0045"
"06-19-2025 00:00","1750291207","0.0045","0.065","0.14","","0.405","0.155","0.065","0.0045"
"06-19-2025 01:00","1750294807","0.0045","0.065","0.145","","0.4","0.145","0.06","0.0045"
"06-19-2025 02:00","1750298408","0.0045","0.055","0.135","","0.45","0.165","0.075","0.0045"
"06-19-2025 03:00","1750302007","0.0045","0.055","0.135","","0.425","0.165","0.065","0.0045"
"06-19-2025 04:00","1750305608","0.0045","0.055","0.145","","0.39","0.15","0.065","0.0055"
"06-19-2025 05:00","1750309208","0.0045","0.055","0.135","","0.39","0.155","0.065","0.0045"
"06-19-2025 06:00","1750312808","0.0045","0.055","0.145","","0.41","0.155","0.065","0.0045"
"06-19-2025 07:00","1750316408","0.0045","0.045","0.145","","0.425","0.165","0.065","0.0045"
"06-19-2025 08:00","1750320007","0.0045","0.045","0.145","","0.455","0.165","0.055","0.0045"
"06-19-2025 09:00","1750323607","0.004","0.045","0.145","","0.435","0.155","0.065","0.0045"
"06-19-2025 10:00","1750327208","0.004","0.045","0.145","","0.425","0.155","0.065","0.0045"
"06-19-2025 11:00","1750330807","0.0045","0.045","0.145","","0.435","0.155","0.065","0.0045"
"06-19-2025 12:00","1750334407","0.0045","0.045","0.145","","0.45","0.155","0.065","0.0045"
"06-19-2025 13:00","1750338007","0.0045","0.045","0.145","","0.455","0.155","0.065","0.0045"
"06-19-2025 14:00","1750341608","0.0045","0.045","0.145","","0.475","0.175","0.055","0.0045"
"06-19-2025 15:00","1750345207","0.0045","0.045","0.125","","0.485","0.175","0.075","0.0045"
"06-19-2025 16:00","1750348808","0.004","0.045","0.12","","0.485","0.175","0.075","0.0045"
"06-19-2025 17:00","1750352408","0.004","0.045","0.125","","0.495","0.185","0.075","0.0045"
"06-19-2025 18:00","1750356007","0.0045","0.045","0.135","","0.47","0.16","0.065","0.0045"
"06-19-2025 19:00","1750359608","0.0045","0.0355","0.135","","0.475","0.17","0.065","0.0045"
"06-19-2025 20:00","1750363208","0.0045","0.046","0.125","","0.48","0.165","0.065","0.0045"
"06-19-2025 21:00","1750366807","0.0045","0.043","0.135","","0.48","0.175","0.06","0.0045"
"06-19-2025 22:00","1750370408","0.0035","0.044","0.135","","0.465","0.175","0.065","0.0045"
"06-19-2025 23:00","1750374007","0.0045","0.0455","0.14","","0.425","0.16","0.065","0.0055"
"06-20-2025 00:00","1750377608","0.0045","0.0455","0.145","","0.42","0.16","0.065","0.0055"
"06-20-2025 01:00","1750381208","0.0045","0.044","0.135","","0.42","0.145","0.065","0.0055"
"06-20-2025 02:00","1750384807","0.0035","0.0455","0.14","","0.405","0.145","0.065","0.0055"
"06-20-2025 03:00","1750388407","0.0035","0.0425","0.135","","0.42","0.145","0.055","0.0055"
"06-20-2025 04:00","1750392008","0.0035","0.0395","0.125","","0.425","0.135","0.055","0.0055"
"06-20-2025 05:00","1750395607","0.0025","0.033","0.125","","0.445","0.145","0.055","0.0055"
"06-20-2025 06:00","1750399207","0.0025","0.037","0.125","","0.42","0.145","0.055","0.0055"
"06-20-2025 07:00","1750402806","0.0025","0.0385","0.13","","0.415","0.135","0.055","0.0055"
"06-20-2025 08:00","1750406408","0.0035","0.0495","0.175","","0.335","0.1","0.055","0.0055"
"06-20-2025 09:00","1750410006","0.0035","0.0575","0.185","","0.31","0.095","0.045","0.0055"
"06-20-2025 10:00","1750413607","0.0035","0.05","0.17","","0.3","0.095","0.0355","0.0055"
"06-20-2025 11:00","1750417207","0.0035","0.048","0.165","","0.295","0.095","0.0335","0.0055"
"06-20-2025 12:00","1750420808","0.0035","0.062","0.165","","0.285","0.085","0.032","0.0055"
"06-20-2025 13:00","1750424407","0.0035","0.0515","0.17","","0.285","0.095","0.0295","0.0055"
"06-20-2025 14:00","1750428007","0.0035","0.0505","0.145","","0.315","0.095","0.0335","0.0055"
"06-20-2025 15:00","1750431608","0.0035","0.0315","0.085","","0.465","0.145","0.0525","0.0055"
"06-20-2025 16:00","1750435208","0.0035","0.0355","0.1","","0.43","0.145","0.051","0.0055"
"06-20-2025 17:00","1750438808","0.0035","0.031","0.095","","0.495","0.17","0.057","0.0055"
"06-20-2025 18:00","1750442407","0.0035","0.021","0.1","","0.54","0.195","0.0675","0.005"
"06-20-2025 19:00","1750446007","0.0035","0.0185","0.085","","0.53","0.19","0.0585","0.005"
"06-20-2025 20:00","1750449608","0.0035","0.019","0.095","","0.515","0.175","0.0595","0.0045"
"06-20-2025 21:00","1750453208","0.0035","0.03","0.105","","0.475","0.16","0.051","0.0045"
"06-20-2025 22:00","1750456808","0.0035","0.029","0.09","","0.515","0.155","0.062","0.0045"
"06-20-2025 23:00","1750460407","0.0035","0.026","0.085","","0.555","0.185","0.071","0.0045"
"06-21-2025 00:00","1750464008","0.0035","0.0295","0.09","","0.53","0.18","0.0695","0.0045"
"06-21-2025 01:00","1750467607","0.0035","0.02","0.085","","0.545","0.185","0.071","0.0055"
"06-21-2025 02:00","1750471209","0.0035","0.02","0.09","","0.5","0.165","0.066","0.0055"
"06-21-2025 03:00","1750474807","0.0035","0.0265","0.09","","0.505","0.17","0.064","0.005"
"06-21-2025 04:00","1750478408","0.0035","0.0265","0.085","","0.505","0.165","0.058","0.0045"
"06-21-2025 05:00","1750482007","0.0025","0.0265","0.085","","0.505","0.165","0.0575","0.0045"
"06-21-2025 06:00","1750485607","0.0025","0.0215","0.08","","0.505","0.165","0.059","0.0045"
"06-21-2025 07:00","1750489207","0.0035","0.0205","0.085","","0.49","0.165","0.0535","0.0045"
"06-21-2025 08:00","1750492807","0.0035","0.021","0.075","","0.5","0.165","0.051","0.0045"
"06-21-2025 09:00","1750496408","0.0035","0.025","0.085","","0.455","0.145","0.051","0.0045"
"06-21-2025 10:00","1750500008","0.0035","0.0275","0.085","","0.455","0.135","0.051","0.0045"
"06-21-2025 11:00","1750503608","0.0035","0.025","0.085","","0.465","0.14","0.0515","0.0045"
"06-21-2025 12:00","1750507208","0.0035","0.0245","0.085","","0.445","0.145","0.0525","0.0045"
"06-21-2025 13:00","1750510808","0.0035","0.0265","0.085","","0.455","0.135","0.0525","0.0045"
"06-21-2025 14:00","1750514407","0.0035","0.0195","0.08","","0.49","0.135","0.0535","0.0045"
"06-21-2025 15:00","1750518007","0.0035","0.0195","0.075","","0.495","0.135","0.0535","0.0045"
"06-21-2025 16:00","1750521608","0.0035","0.021","0.065","","0.475","0.155","0.0535","0.0045"
"06-21-2025 17:00","1750525208","0.0035","0.021","0.065","","0.49","0.155","0.0535","0.0045"
"06-21-2025 18:00","1750528808","0.0035","0.0215","0.065","","0.525","0.165","0.058","0.0045"
"06-21-2025 19:00","1750532408","0.0035","0.015","0.055","","0.575","0.185","0.064","0.0045"
"06-21-2025 20:00","1750536008","0.0035","0.014","0.05","","0.65","0.235","0.0685","0.0045"
"06-21-2025 21:00","1750539608","0.0035","0.014","0.065","","0.57","0.205","0.067","0.0045"
"06-21-2025 22:00","1750543208","0.0035","0.0215","0.0505","","0.76","0.275","0.102","0.0045"
"06-21-2025 23:00","1750546807","0.0035","0.015","0.0435","","0.72","0.25","0.0995","0.005"
"06-22-2025 00:00","1750550406","0.0035","0.03","0.071","","0.68","0.24","0.0925","0.005"
"06-22-2025 01:00","1750554007","0.0035","0.0385","0.0865","","0.565","0.205","0.0625","0.005"
"06-22-2025 02:00","1750557607","0.0035","0.033","0.074","","0.63","0.22","0.072","0.005"
"06-22-2025 03:00","1750561206","0.0035","0.0325","0.0665","","0.635","0.225","0.0695","0.005"
"06-22-2025 04:00","1750564807","0.0035","0.0315","0.066","","0.63","0.23","0.073","0.0045"
"06-22-2025 05:00","1750568406","0.0035","0.031","0.0725","","0.61","0.205","0.0755","0.0045"
"06-22-2025 06:00","1750572007","0.0035","0.0275","0.072","","0.585","0.205","0.068","0.0045"
"06-22-2025 07:00","1750575607","0.0035","0.0255","0.0715","","0.585","0.21","0.0725","0.0045"
"06-22-2025 08:00","1750579207","0.0025","0.023","0.061","","0.62","0.22","0.076","0.0045"
"06-22-2025 09:00","1750582807","0.0025","0.0225","0.066","","0.59","0.195","0.0725","0.0045"
"06-22-2025 10:00","1750586407","0.0025","0.021","0.0535","","0.66","0.235","0.0735","0.0045"
"06-22-2025 11:00","1750590006","0.0025","0.0205","0.0545","","0.63","0.235","0.0685","0.0045"
"06-22-2025 12:00","1750593607","0.0025","0.0215","0.0565","","0.605","0.23","0.068","0.0055"
"06-22-2025 13:00","1750597207","0.0025","0.021","0.0575","","0.605","0.225","0.067","0.0055"
"06-22-2025 14:00","1750600807","0.0025","0.0115","0.044","","0.84","0.375","0.1535","0.005"
"06-22-2025 15:00","1750604407","0.0025","0.016","0.0385","","0.9995","0.475","0.1965","0.0055"
"06-22-2025 16:00","1750608007","0.0025","0.014","0.0375","","0.9995","0.535","0.232","0.006"
"06-22-2025 17:00","1750611607","0.0025","0.0175","0.034","","","0.485","0.2175","0.0075"
"06-22-2025 18:00","1750615207","0.0025","0.018","0.042","","","0.48","0.206","0.0075"
"06-22-2025 19:00","1750618807","0.0025","0.016","0.038","","","0.49","0.2055","0.008"
"06-22-2025 20:00","1750622407","0.0025","0.014","0.0375","","","0.555","0.2575","0.025"
"06-22-2025 21:00","1750626007","0.0025","0.0155","0.046","","","0.485","0.2205","0.0075"
"06-22-2025 22:00","1750629607","0.0025","0.016","0.0445","","","0.51","0.2385","0.0075"
"06-22-2025 23:00","1750633207","0.0025","0.0175","0.056","","","0.36","0.156","0.0075"
"06-23-2025 00:00","1750636807","0.0025","0.0175","0.054","","","0.335","0.154","0.008"
"06-23-2025 01:00","1750640407","0.0025","0.018","0.0535","","","0.335","0.1245","0.0075"
"06-23-2025 02:00","1750644007","0.0025","0.017","0.0565","","","0.32","0.1105","0.0065"
"06-23-2025 03:00","1750647606","0.0025","0.0155","0.051","","","0.295","0.103","0.009"
"06-23-2025 04:00","1750651207","0.0025","0.0155","0.047","","","0.305","0.1015","0.008"
"06-23-2025 05:00","1750654807","0.0025","0.0155","0.036","","","0.285","0.094","0.0075"
"06-23-2025 06:00","1750658407","0.0025","0.0135","0.044","","","0.265","0.1355","0.0075"
"06-23-2025 07:00","1750662006","0.0025","0.016","0.0335","","","0.255","0.1255","0.007"
"06-23-2025 08:00","1750665606","0.0025","0.0135","0.0375","","","0.265","0.1035","0.0065"
"06-23-2025 09:00","1750669205","0.0025","0.017","0.0355","","","0.235","0.1045","0.007"
"06-23-2025 10:00","1750672807","0.0025","0.016","0.0355","","","0.265","0.107","0.007"
"06-23-2025 11:00","1750676406","0.0025","0.0165","0.036","","","0.27","0.1125","0.007"
"06-23-2025 12:00","1750680007","0.0025","0.0165","0.0315","","","0.275","0.1075","0.007"
"06-23-2025 13:00","1750683606","0.0025","0.0165","0.029","","","0.26","0.0935","0.0065"
"06-23-2025 14:00","1750687206","0.0025","0.0165","0.0385","","","0.205","0.082","0.006"
"06-23-2025 15:00","1750690807","0.0025","0.0115","0.048","","","0.255","0.083","0.0065"
"06-23-2025 16:00","1750694407","0.0025","0.0135","0.042","","","0.265","0.083","0.007"
"06-23-2025 17:00","1750698006","0.0025","0.013","0.023","","","0.345","0.113","0.0085"
"06-23-2025 18:00","1750701606","0.0025","0.0175","0.052","","","0.205","0.076","0.007"
"06-23-2025 19:00","1750705206","0.0025","0.031","0.063","","","0.175","0.0545","0.0075"
"06-23-2025 20:00","1750708806","0.0025","0.027","0.072","","","0.175","0.057","0.006"
"06-23-2025 21:00","1750712406","0.003","0.027","0.077","","","0.16","0.053","0.006"
"06-23-2025 22:00","1750716007","0.003","0.032","0.077","","","0.135","0.047","0.0025"
"06-23-2025 23:00","1750719606","0.0035","0.049","0.1515","","","0.095","0.045","0.0025"
"06-24-2025 00:00","1750723207","0.003","0.0405","0.142","","","0.09","0.036","0.004"
"06-24-2025 01:00","1750726806","0.0025","0.0405","0.1215","","","0.09","0.035","0.003"
"06-24-2025 02:00","1750730407","0.0025","0.0405","0.1225","","","0.085","0.036","0.0025"
"06-24-2025 03:00","1750734007","0.0025","0.022","0.0965","","","0.11","0.039","0.003"
"06-24-2025 04:00","1750737607","0.0025","0.025","0.097","","","0.105","0.039","0.0035"
"06-24-2025 05:00","1750741206","0.0025","0.024","0.0905","","","0.105","0.0355","0.0035"
"06-24-2025 06:00","1750744806","0.002","0.025","0.115","","","0.09","0.0285","0.003"
"06-24-2025 07:00","1750748407","0.0025","0.023","0.1225","","","0.085","0.0285","0.0025"
"06-24-2025 08:00","1750752007","0.0025","0.026","0.0955","","","0.095","0.0275","0.0025"
"06-24-2025 09:00","1750755607","0.0025","0.021","0.1","","","0.105","0.0455","0.003"
"06-24-2025 10:00","1750759206","0.0025","0.0345","0.1085","","","0.1","0.0395","0.0025"
"06-24-2025 11:00","1750762807","0.0035","0.0335","0.099","","","0.095","0.0395","0.0025"
"06-24-2025 12:00","1750766406","0.0035","0.0325","0.097","","","0.09","0.031","0.0035"
"06-24-2025 13:00","1750770007","0.0025","0.032","0.088","","","0.1","0.028","0.0035"
"06-24-2025 14:00","1750773607","0.004","0.0245","0.082","","","0.095","0.0275","0.0035"
"06-24-2025 15:00","1750777207","0.0025","0.023","0.0915","","","0.075","0.027","0.0035"
"06-24-2025 16:00","1750780806","0.003","0.02","0.0845","","","0.085","0.033","0.0035"
"06-24-2025 17:00","1750784406","0.0025","0.0335","0.1105","","","0.065","0.0275","0.0035"
"06-24-2025 18:00","1750788007","0.0025","0.0355","0.103","","","0.075","0.027","0.0035"
"06-24-2025 19:00","1750791606","0.0025","0.0315","0.094","","","0.075","0.015","0.0035"
"06-24-2025 20:00","1750795206","0.0035","0.02","0.085","","","0.065","0.017","0.004"
"06-24-2025 21:00","1750798807","0.0035","0.021","0.099","","","0.055","0.019","0.004"
"06-24-2025 22:00","1750802407","0.004","0.021","0.097","","","0.055","0.0195","0.004"
"06-24-2025 23:00","1750806007","0.0035","0.0275","0.097","","","0.055","0.0235","0.004"
"06-25-2025 00:00","1750809607","0.004","0.03","0.091","","","0.055","0.018","0.004"
"06-25-2025 01:00","1750813208","0.004","0.0245","0.0965","","","0.045","0.019","0.004"
"06-25-2025 02:00","1750816808","0.004","0.0235","0.095","","","0.045","0.0195","0.004"
"06-25-2025 03:00","1750820407","0.004","0.0275","0.097","","","0.045","0.0195","0.004"
"06-25-2025 04:00","1750824007","0.0035","0.0275","0.0805","","","0.045","0.021","0.0035"
"06-25-2025 05:00","1750827607","0.0035","0.024","0.0765","","","0.045","0.0085","0.0025"
"06-25-2025 06:00","1750831207","0.0035","0.0245","0.073","","","0.045","0.0085","0.0025"
"06-25-2025 07:00","1750834807","0.0035","0.022","0.0725","","","0.045","0.007","0.0025"
"06-25-2025 08:00","1750838408","0.0035","0.0235","0.0795","","","0.04","0.0065","0.0025"
"06-25-2025 09:00","1750842008","0.0035","0.0225","0.0685","","","0.04","0.0065","0.0025"
"06-25-2025 10:00","1750845608","0.0035","0.024","0.079","","","0.036","0.0065","0.0025"
"06-25-2025 11:00","1750849208","0.0035","0.04","0.0915","","","0.0345","0.0065","0.0025"
"06-25-2025 12:00","1750852808","0.0035","0.0325","0.0975","","","0.0235","0.004","0.0025"
"06-25-2025 13:00","1750856408","0.0045","0.0295","0.0895","","","0.0265","0.0035","0.0025"
"06-25-2025 14:00","1750860008","0.004","0.0365","0.162","","","0.025","0.0035","0.0025"
"06-25-2025 15:00","1750863608","0.0045","0.035","0.1255","","","0.025","0.0035","0.0025"
"06-25-2025 16:00","1750867207","0.0045","0.0265","0.0835","","","0.0345","0.007","0.0035"
"06-25-2025 17:00","1750870807","0.004","0.023","0.087","","","0.029","0.007","0.0035"
"06-25-2025 18:00","1750874407","0.004","0.024","0.095","","","0.029","0.01","0.0035"
"06-25-2025 19:00","1750878007","0.0045","0.0245","0.098","","","0.023","0.015","0.004"
"06-25-2025 20:00","1750881608","0.004","0.032","0.111","","","0.028","0.0115","0.0035"
"06-25-2025 21:00","1750885207","0.004","0.026","0.112","","","0.025","0.0095","0.0035"
"06-25-2025 22:00","1750888808","0.004","0.024","0.097","","","0.028","0.0125","0.0035"
"06-25-2025 23:00","1750892408","0.004","0.025","0.0925","","","0.0265","0.0125","0.0035"
"06-26-2025 00:00","1750896008","0.0035","0.021","0.0855","","","0.028","0.0105","0.0035"
"06-26-2025 01:00","1750899607","0.0025","0.0205","0.0835","","","0.0255","0.008","0.0035"
"06-26-2025 02:00","1750903207","0.0025","0.033","0.0985","","","0.027","0.008","0.0035"
"06-26-2025 03:00","1750906807","0.0025","0.0285","0.102","","","0.024","0.008","0.004"
"06-26-2025 04:00","1750910408","0.0025","0.0325","0.0845","","","0.0195","0.008","0.0035"
"06-26-2025 05:00","1750914007","0.0025","0.0225","0.093","","","0.021","0.008","0.0035"
"06-26-2025 06:00","1750917607","0.0035","0.0185","0.0745","","","0.0215","0.008","0.003"
"06-26-2025 07:00","1750921207","0.0025","0.024","0.092","","","0.0195","0.008","0.0025"
"06-26-2025 08:00","1750924807","0.0035","0.0255","0.0955","","","0.015","0.0055","0.0025"
"06-26-2025 09:00","1750928407","0.002","0.018","0.0955","","","0.0155","0.0055","0.0025"
"06-26-2025 10:00","1750932007","0.0025","0.019","0.0655","","","0.0155","0.0055","0.0025"
"06-26-2025 11:00","1750935607","0.0025","0.019","0.075","","","0.0185","0.006","0.0025"
"06-26-2025 12:00","1750939207","0.0025","0.018","0.0705","","","0.018","0.0055","0.0025"
"06-26-2025 13:00","1750942808","0.0025","0.018","0.0575","","","0.0165","0.0075","0.0025"
"06-26-2025 14:00","1750946407","0.0025","0.0155","0.047","","","0.017","0.0075","0.0025"
"06-26-2025 15:00","1750950007","0.0025","0.0145","0.0635","","","0.0185","0.0065","0.003"
"06-26-2025 16:00","1750953608","0.0025","0.0125","0.047","","","0.0165","0.0055","0.0035"
"06-26-2025 17:00","1750957207","0.0025","0.009","0.0485","","","0.0195","0.006","0.0045"
"06-26-2025 18:00","1750960807","0.003","0.009","0.0445","","","0.025","0.006","0.0035"
"06-26-2025 19:00","1750964406","0.003","0.013","0.052","","","0.022","0.0065","0.0035"
"06-26-2025 20:00","1750968008","0.002","0.0135","0.0515","","","0.0225","0.008","0.0035"
"06-26-2025 21:00","1750971608","0.002","0.012","0.059","","","0.0205","0.008","0.0035"
"06-26-2025 22:00","1750975208","0.002","0.012","0.047","","","0.02","0.0095","0.0035"
"06-26-2025 23:00","1750978807","0.0015","0.0115","0.0505","","","0.0155","0.009","0.0035"
"06-27-2025 00:00","1750982407","0.0015","0.011","0.0335","","","0.0175","0.008","0.0035"
"06-27-2025 01:00","1750986007","0.0015","0.0115","0.0265","","","0.017","0.0085","0.0035"
"06-27-2025 02:00","1750989608","0.0015","0.0115","0.043","","","0.017","0.0075","0.003"
"06-27-2025 03:00","1750993208","0.0015","0.0105","0.0435","","","0.0155","0.0075","0.003"
"06-27-2025 04:00","1750996807","0.0015","0.0095","0.0425","","","0.015","0.005","0.0025"
"06-27-2025 05:00","1751000407","0.0015","0.0095","0.0445","","","0.0115","0.0055","0.0025"
"06-27-2025 06:00","1751004007","0.0015","0.0095","0.0395","","","0.011","0.0055","0.0025"
"06-27-2025 07:00","1751007608","0.0015","0.0085","0.0375","","","0.013","0.0065","0.0025"
"06-27-2025 08:00","1751011207","0.0015","0.008","0.0345","","","0.013","0.0045","0.0025"
"06-27-2025 09:00","1751014807","0.0015","0.008","0.03","","","0.0125","0.0045","0.0025"
"06-27-2025 10:00","1751018407","0.0015","0.008","0.0285","","","0.011","0.005","0.0025"
"06-27-2025 11:00","1751022008","0.0015","0.0075","0.034","","","0.015","0.005","0.0025"
"06-27-2025 12:00","1751025608","0.0005","0.007","0.0335","","","0.0175","0.0035","0.0025"
"06-27-2025 13:00","1751029207","0.0005","0.007","0.0275","","","0.0155","0.0035","0.0025"
"06-27-2025 14:00","1751032808","0.001","0.0075","0.0175","","","0.013","0.0055","0.0025"
"06-27-2025 15:00","1751036408","0.001","0.0055","0.0195","","","0.0135","0.0055","0.0025"
"06-27-2025 16:00","1751040008","0.001","0.004","0.0205","","","0.012","0.0055","0.003"
"06-27-2025 17:00","1751043608","0.001","0.0025","0.0305","","","0.0105","0.005","0.003"
"06-27-2025 18:00","1751047208","0.0015","0.0055","0.0165","","","0.0125","0.0045","0.003"
"06-27-2025 19:00","1751050808","0.001","0.004","0.02","","","0.014","0.004","0.003"
"06-27-2025 20:00","1751054408","0.0015","0.004","0.0145","","","0.0085","0.003","0.0015"
"06-27-2025 21:00","1751058009","0.002","0.0035","0.0145","","","0.009","0.0025","0.0015"
"06-27-2025 22:00","1751061607","0.0025","0.0035","0.011","","","0.009","0.0035","0.0015"
"06-27-2025 23:00","1751065208","0.0025","0.0025","0.0125","","","0.014","0.0035","0.0015"
"06-28-2025 00:00","1751068807","0.0025","0.0025","0.0125","","","0.014","0.003","0.0015"
"06-28-2025 01:00","1751072407","0.0015","0.0025","0.0125","","","0.0155","0.003","0.0015"
"06-28-2025 02:00","1751076008","0.0015","0.0035","0.0085","","","0.012","0.003","0.0015"
"06-28-2025 03:00","1751079607","0.0005","0.0025","0.0105","","","0.01","0.0025","0.0015"
"06-28-2025 04:00","1751083208","0.0005","0.0015","0.013","","","0.0075","0.0025","0.0015"
"06-28-2025 05:00","1751086807","0.0005","0.0015","0.0125","","","0.008","0.0025","0.0005"
"06-28-2025 06:00","1751090407","0.0005","0.002","0.0105","","","0.0085","0.002","0.0005"
"06-28-2025 07:00","1751094008","0.0005","0.002","0.0115","","","0.0085","0.0025","0.0005"
"06-28-2025 08:00","1751097607","0.0005","0.0025","0.0105","","","0.0085","0.0025","0.0005"
"06-28-2025 09:00","1751101207","0.0005","0.0025","0.0085","","","0.0065","0.002","0.0005"
"06-28-2025 10:00","1751104807","0.0005","0.002","0.0095","","","0.007","0.002","0.0005"
"06-28-2025 11:00","1751108407","0.0005","0.002","0.0095","","","0.006","0.0025","0.0005"
"06-28-2025 12:00","1751112007","0.0005","0.0015","0.0095","","","0.006","0.0025","0.0005"
"06-28-2025 13:00","1751115608","0.0005","0.0015","0.0085","","","0.0045","0.0025","0.0005"
"06-28-2025 14:00","1751119207","0.0005","0.002","0.01","","","0.0045","0.0025","0.0005"
"06-28-2025 15:00","1751122808","0.0005","0.002","0.01","","","0.0045","0.0015","0.0005"
"06-28-2025 16:00","1751126408","0.0005","0.0035","0.0095","","","0.0045","0.0015","0.0005"
"06-28-2025 17:00","1751130008","0.0005","0.004","0.0085","","","0.004","0.0015","0.0005"
"06-28-2025 18:00","1751133608","0.0005","0.0035","0.007","","","0.0035","0.0015","0.0005"
"06-28-2025 19:00","1751137208","0.0005","0.0045","0.0085","","","0.0045","0.0015","0.0005"
"06-28-2025 20:00","1751140807","0.0005","0.0045","0.006","","","0.0055","0.0025","0.0005"
"06-28-2025 21:00","1751144407","0.0005","0.0045","0.006","","","0.005","0.0025","0.0005"
"06-28-2025 22:00","1751148008","0.0005","0.003","0.0045","","","0.0025","0.0015","0.0005"
"06-28-2025 23:00","1751151608","0.0005","0.003","0.0045","","","0.006","0.0015","0.0005"
"06-29-2025 00:00","1751155208","0.0005","0.0035","0.0045","","","0.006","0.0015","0.0005"
"06-29-2025 01:00","1751158807","0.0005","0.0045","0.014","","","0.0045","0.0015","0.0005"
"06-29-2025 02:00","1751162407","0.0005","0.003","0.012","","","0.0045","0.0015","0.0005"
"06-29-2025 03:00","1751166007","0.0005","0.0025","0.009","","","0.004","0.0015","0.0005"
"06-29-2025 04:00","1751169608","0.0005","0.0035","0.0105","","","0.004","0.0015","0.0005"
"06-29-2025 05:00","1751173208","0.0005","0.0035","0.0085","","","0.004","0.0015","0.0005"
"06-29-2025 06:00","1751176807","0.001","0.003","0.0055","","","0.0035","0.0015","0.0005"
"06-29-2025 07:00","1751180407","0.0015","0.003","0.0045","","","0.0025","0.0015","0.0005"
"06-29-2025 08:00","1751184007","0.0015","0.0025","0.0035","","","0.0015","0.0015","0.0005"
"06-29-2025 09:00","1751187607","0.0015","0.0025","0.0085","","","0.0015","0.0015","0.0005"
"06-29-2025 10:00","1751191206","0.0015","0.0025","0.009","","","0.0015","0.0015","0.001"
"06-29-2025 11:00","1751194807","0.0005","0.0025","0.012","","","0.0015","0.0015","0.0005"
"06-29-2025 12:00","1751198407","0.0005","0.0025","0.0125","","","0.0015","0.0015","0.0005"
"06-29-2025 13:00","1751202007","0.0005","0.0035","0.0125","","","0.0015","0.0015","0.0005"
"06-29-2025 14:00","1751205607","0.0015","0.0035","0.0085","","","0.0015","0.0015","0.0005"
"06-29-2025 15:00","1751209207","0.0005","0.0035","0.007","","","0.0015","0.0015","0.001"
"06-29-2025 16:00","1751212807","0.0005","0.0025","0.0085","","","0.0015","0.0015","0.001"
"06-29-2025 17:00","1751216407","0.0005","0.0025","0.007","","","0.0015","0.0015","0.001"
"06-29-2025 18:00","1751220007","0.0005","0.0035","0.0045","","","0.002","0.0015","0.001"
"06-29-2025 19:00","1751223607","0.0005","0.002","0.0055","","","0.002","0.0015","0.001"
"06-29-2025 20:00","1751227207","0.0005","0.002","0.003","","","0.0025","0.0015","0.001"
"06-29-2025 21:00","1751230807","0.0005","0.002","0.0035","","","0.002","0.0015","0.001"
"06-29-2025 22:00","1751234407","0.0005","0.002","0.0035","","","0.002","0.0015","0.0005"
"06-29-2025 23:00","1751238007","0.0005","0.004","0.0055","","","0.002","0.0015","0.0005"
"06-30-2025 00:00","1751241607","0.0005","0.003","0.0055","","","0.0015","0.0015","0.0015"
"06-30-2025 01:00","1751245207","0.0005","0.0035","0.0095","","","0.0015","0.0015","0.0005"
"06-30-2025 02:00","1751248807","0.0005","0.0035","0.012","","","0.002","0.0015","0.0005"
"06-30-2025 03:00","1751252406","0.0005","0.0025","0.0075","","","0.0015","0.0015","0.0005"
"06-30-2025 04:00","1751256007","0.0005","0.003","0.0025","","","0.0015","0.0015","0.0005"
"06-30-2025 05:00","1751259607","0.0005","0.0015","0.0035","","","0.0015","0.0015","0.0005"
"06-30-2025 06:00","1751263207","0.0005","0.0015","0.0035","","","0.0015","0.0015","0.0005"
"06-30-2025 07:00","1751266806","0.0005","0.002","0.0035","","","0.003","0.0015","0.0005"
"06-30-2025 08:00","1751270407","0.0005","0.0015","0.003","","","0.002","0.0015","0.0005"
"06-30-2025 09:00","1751274008","0.0005","0.0015","0.002","","","0.0015","0.0015","0.0005"
"06-30-2025 10:00","1751277607","0.0015","0.0015","0.0015","","","0.002","0.0015","0.0005"
"06-30-2025 11:00","1751281208","0.0005","0.0015","0.0025","","","0.002","0.001","0.0005"
"06-30-2025 12:00","1751284807","0.0005","0.0015","0.0025","","","0.002","0.001","0.0005"
"06-30-2025 13:00","1751288406","0.0005","0.0015","0.002","","","0.002","0.001","0.0005"
"06-30-2025 14:00","1751292007","0.0005","0.0015","0.0025","","","0.002","0.001","0.0005"
"06-30-2025 15:00","1751295606","0.0005","0.0015","0.0015","","","0.002","0.001","0.0005"
"06-30-2025 16:00","1751299207","0.0005","0.001","0.0015","","","0.0025","0.0005","0.0005"
"06-30-2025 17:00","1751302807","0.0005","0.001","0.0015","","","0.0005","0.0005","0.0005"
"06-30-2025 18:00","1751306407","0.0005","0.0015","0.0015","","","0.0005","0.0005","0.0005"
"06-30-2025 19:00","1751310007","0.0005","0.0015","0.0015","","","0.0005","0.001","0.0005"
"06-30-2025 20:00","1751313607","0.0005","0.001","0.0015","","","0.0005","0.001","0.0005"
"06-30-2025 21:00","1751317207","0.0005","0.001","0.001","","","0.0005","0.001","0.0005"
"06-30-2025 22:00","1751320807","0.0005","0.0005","0.0005","","","0.0005","0.0005","0.0005"
"06-30-2025 23:00","1751324407","0.0005","0.0015","0.0015","","","0.0005","0.0005","0.0005"
"07-01-2025 00:00","1751328008","0.0005","0.0015","0.0015","","","0.0005","0.0015","0.0005"
"07-01-2025 01:00","1751331607","0.0005","0.0015","0.0015","","","0.0005","0.0015","0.0005"
"07-01-2025 02:00","1751335207","0.0005","0.0005","0.0005","","","0.0005","0.0005","0.0005"
"07-01-2025 03:00","1751338808","0.0005","0.0005","0.0005","","","0.0005","0.0005","0.0005"
"07-01-2025 04:00","1751342407","0.0005","0.0005","0.0005","","","0.0005","0.0005","0.0005"
"07-01-2025 05:00","1751346007","0.0005","0.0005","0.0005","","","0.0005","0.0005","0.0005"
"07-01-2025 06:00","1751349607","0.0005","0.0005","0.0005","","","0.0005","0.0005","0.0005"
"07-01-2025 07:00","1751353207","0.0005","0.0005","0.0005","","","0.0005","0.0005","0.0005"
"07-01-2025 08:00","1751356807","0.0005","0.0005","","","","0.0005","0.0005",""
"07-01-2025 09:00","1751360406","0.0005","","","","","","",""
"07-01-2025 10:00","1751364007","0.0005","","","","","","",""
"07-01-2025 11:00","1751367607","0.0005","","","","","","",""
"07-01-2025 12:00","1751371207","0.0005","","","","","","",""
"07-01-2025 13:00","1751374806","0.0005","","","","","","",""
"07-01-2025 14:00","1751378407","0.0005","","","","","","",""
"07-01-2025 15:00","1751382007","0.0005","","","","","","",""
"07-01-2025 16:00","1751385606","0.0005","","","","","","",""
"07-01-2025 17:00","1751389207","0.0005","","","","","","",""
"07-01-2025 18:00","1751392807","0.0005","","","","","","",""
"07-01-2025 19:00","1751396407","0.0005","","","","","","",""
"07-01-2025 20:00","1751400008","0.0005","","","","","","",""
"07-01-2025 21:00","1751403608","0.0005","","","","","","",""
"07-01-2025 22:00","1751407208","0.0005","","","","","","",""
"07-01-2025 23:00","1751410808","0.0005","","","","","","",""
"07-02-2025 00:00","1751414407","0.0005","","","","","","",""