"Date (UTC)","Timestamp (UTC)","↑ 200k","↑ 150k","↑ 140k","↑ 130k","↑ 125k","↑ 115k","↑ 120k","↑ 110k","↓ 105k","↓ 100k","↓ 95k","↓ 90k","↓ 60k"
"06-30-2025 18:00","1751306407","","0.021","","","","0.49","0.245","0.84","","0.505","0.205","0.095","0.03"
"06-30-2025 19:00","1751310007","","0.021","","","","0.48","0.255","0.815","","0.5","0.25","0.12","0.0215"
"06-30-2025 20:00","1751313607","","0.019","","","","0.525","0.27","0.83","","0.47","0.24","0.135","0.0215"
"06-30-2025 21:00","1751317207","","0.022","","","","0.51","0.265","0.83","","0.475","0.255","0.14","0.0165"
"06-30-2025 22:00","1751320807","","0.0205","","","","0.47","0.26","0.81","","0.495","0.265","0.165","0.0165"
"06-30-2025 23:00","1751324407","","0.0285","","","","0.465","0.27","0.81","","0.515","0.265","0.155","0.021"
"07-01-2025 00:00","1751328008","","0.025","","","","0.465","0.27","0.805","","0.505","0.265","0.155","0.021"
"07-01-2025 01:00","1751331607","","0.0235","","","","0.475","0.28","0.815","","0.5","0.26","0.15","0.016"
"07-01-2025 02:00","1751335207","","0.019","","","","0.475","0.245","0.815","","0.495","0.26","0.155","0.016"
"07-01-2025 03:00","1751338808","","0.0175","","","","0.465","0.245","0.815","","0.525","0.26","0.145","0.016"
"07-01-2025 04:00","1751342407","","0.0185","","","","0.46","0.25","0.81","","0.525","0.235","0.145","0.0095"
"07-01-2025 05:00","1751346007","","0.0175","","","","0.46","0.245","0.775","","0.52","0.235","0.12","0.0085"
"07-01-2025 06:00","1751349607","","0.0185","","","","0.46","0.235","0.775","","0.52","0.245","0.12","0.0075"
"07-01-2025 07:00","1751353207","","0.022","","","","0.455","0.225","0.775","","0.515","0.245","0.12","0.0095"
"07-01-2025 08:00","1751356807","","0.018","","","","0.465","0.22","0.77","","0.515","0.235","0.115","0.0055"
"07-01-2025 09:00","1751360406","","0.0205","","","","0.455","0.215","0.76","","0.545","0.255","0.115","0.0055"
"07-01-2025 10:00","1751364007","","0.0175","","","","0.455","0.215","0.75","","0.555","0.27","0.11","0.0145"
"07-01-2025 11:00","1751367607","","0.0155","","","","0.45","0.195","0.735","","0.575","0.27","0.115","0.0075"
"07-01-2025 12:00","1751371207","","0.0155","","","","0.46","0.205","0.75","","0.56","0.27","0.12","0.008"
"07-01-2025 13:00","1751374806","","0.0155","","","","0.44","0.205","0.735","","0.565","0.275","0.115","0.0085"
"07-01-2025 14:00","1751378407","","0.0075","","","","0.455","0.205","0.75","","0.56","0.245","0.115","0.0075"
"07-01-2025 15:00","1751382007","0.015","0.0105","","0.03","","0.41","0.205","0.705","","0.6","0.255","0.125","0.0075"
"07-01-2025 16:00","1751385606","0.0095","0.011","","0.0385","","0.415","0.205","0.72","","0.6","0.255","0.12","0.0075"
"07-01-2025 17:00","1751389207","0.0075","0.012","","0.0555","","0.43","0.22","0.73","","0.56","0.27","0.115","0.0075"
"07-01-2025 18:00","1751392807","0.005","0.011","","0.061","","0.45","0.225","0.745","","0.555","0.245","0.135","0.0075"
"07-01-2025 19:00","1751396407","0.0045","0.0135","","0.0425","","0.43","0.215","0.725","","0.575","0.265","0.13","0.0075"
"07-01-2025 20:00","1751400008","0.0045","0.0135","","0.046","","0.41","0.205","0.7","","0.605","0.275","0.14","0.0075"
"07-01-2025 21:00","1751403608","0.0045","0.014","","0.047","","0.43","0.21","0.73","","0.57","0.265","0.135","0.0075"
"07-01-2025 22:00","1751407208","0.004","0.0135","","0.045","","0.425","0.205","0.73","","0.58","0.265","0.135","0.0075"
"07-01-2025 23:00","1751410808","0.004","0.0135","","0.0385","","0.405","0.195","0.72","","0.59","0.29","0.13","0.0075"
"07-02-2025 00:00","1751414407","0.0035","0.0145","","0.0395","","0.41","0.2","0.715","","0.58","0.295","0.135","0.0075"
"07-02-2025 01:00","1751418008","0.004","0.014","","0.0375","","0.395","0.205","0.69","","0.6","0.29","0.14","0.008"
"07-02-2025 02:00","1751421607","0.004","0.014","","0.0385","","0.405","0.2","0.71","","0.575","0.285","0.13","0.008"
"07-02-2025 03:00","1751425207","0.004","0.0165","","0.038","","0.41","0.21","0.725","","0.56","0.275","0.13","0.008"
"07-02-2025 04:00","1751428808","0.004","0.0165","","0.038","","0.425","0.215","0.74","","0.545","0.27","0.125","0.008"
"07-02-2025 05:00","1751432408","0.0035","0.0165","","0.038","","0.44","0.215","0.76","","0.53","0.27","0.12","0.008"
"07-02-2025 06:00","1751436007","0.0035","0.0155","","0.0385","","0.455","0.23","0.775","","0.525","0.25","0.115","0.0075"
"07-02-2025 07:00","1751439607","0.0025","0.015","","0.0375","","0.465","0.235","0.795","","0.505","0.245","0.11","0.0075"
"07-02-2025 08:00","1751443207","0.0025","0.014","","0.0385","","0.47","0.235","0.795","","0.485","0.24","0.1","0.0075"
"07-02-2025 09:00","1751446807","0.0025","0.0135","","0.039","","0.505","0.245","0.83","","0.465","0.225","0.095","0.0075"
"07-02-2025 10:00","1751450408","0.0025","0.016","","0.0395","","0.495","0.255","0.82","","0.47","0.225","0.095","0.0075"
"07-02-2025 11:00","1751454007","0.0025","0.0145","","0.0355","","0.5","0.255","0.825","","0.465","0.22","0.095","0.0075"
"07-02-2025 12:00","1751457607","0.0025","0.014","","0.0395","","0.49","0.255","0.815","","0.47","0.23","0.095","0.0075"
"07-02-2025 13:00","1751461207","0.0025","0.014","","0.0345","","0.485","0.25","0.8","","0.475","0.24","0.095","0.0075"
"07-02-2025 14:00","1751464807","0.0025","0.0155","","0.0395","","0.5","0.255","0.82","","0.47","0.22","0.095","0.008"
"07-02-2025 15:00","1751468407","0.0025","0.0155","","0.0465","","0.515","0.275","0.85","","0.45","0.215","0.095","0.0085"
"07-02-2025 16:00","1751472008","0.0025","0.015","","0.0765","","0.575","0.315","0.895","","0.425","0.2","0.095","0.0085"
"07-02-2025 17:00","1751475608","0.0035","0.0255","","0.09","","0.61","0.35","0.945","","0.4","0.195","0.09","0.008"
"07-02-2025 18:00","1751479207","0.0035","0.0205","","0.076","","0.605","0.335","0.925","","0.415","0.195","0.095","0.008"
"07-02-2025 19:00","1751482808","0.0035","0.023","","0.076","","0.61","0.345","0.9445","","0.385","0.195","0.085","0.008"
"07-02-2025 20:00","1751486408","0.0035","0.023","","0.0795","","0.62","0.345","0.962","","0.385","0.185","0.085","0.008"
"07-02-2025 21:00","1751490008","0.0035","0.023","","0.0655","","0.595","0.325","0.93","","0.41","0.195","0.09","0.0085"
"07-02-2025 22:00","1751493607","0.0035","0.0235","","0.0655","","0.6","0.335","0.943","","0.395","0.19","0.09","0.0085"
"07-02-2025 23:00","1751497208","0.0035","0.0235","","0.077","","0.595","0.335","0.929","","0.4","0.19","0.09","0.0085"
"07-03-2025 00:00","1751500808","0.0035","0.0225","","0.0735","","0.565","0.315","0.8965","","0.415","0.195","0.09","0.0085"
"07-03-2025 01:00","1751504408","0.0035","0.0225","","0.084","","0.57","0.32","0.8975","","0.41","0.19","0.09","0.0085"
"07-03-2025 02:00","1751508007","0.0035","0.019","","0.0885","","0.58","0.325","0.902","","0.41","0.195","0.09","0.0085"
"07-03-2025 03:00","1751511607","0.0035","0.0185","","0.084","","0.56","0.3","0.8765","","0.425","0.195","0.095","0.0075"
"07-03-2025 04:00","1751515208","0.0035","0.0185","","0.0845","","0.56","0.3","0.875","","0.43","0.195","0.095","0.0075"
"07-03-2025 05:00","1751518807","0.0035","0.019","","0.085","","0.56","0.31","0.883","","0.42","0.2","0.09","0.0075"
"07-03-2025 06:00","1751522408","0.0035","0.019","","0.0865","","0.6","0.325","0.9225","","0.4","0.195","0.09","0.007"
"07-03-2025 07:00","1751526008","0.0035","0.0175","","0.0825","","0.6","0.34","0.9435","","0.39","0.185","0.085","0.007"
"07-03-2025 08:00","1751529608","0.003","0.0165","","0.083","","0.595","0.33","0.937","","0.395","0.19","0.085","0.007"
"07-03-2025 09:00","1751533207","0.003","0.0175","","0.0815","","0.595","0.335","0.941","","0.385","0.19","0.09","0.0075"
"07-03-2025 10:00","1751536808","0.0035","0.0175","","0.087","","0.64","0.37","0.9995","","0.37","0.18","0.08","0.0075"
"07-03-2025 11:00","1751540408","0.0035","0.018","","0.09","","0.625","0.36","0.9995","","0.38","0.18","0.08","0.0075"
"07-03-2025 12:00","1751544008","0.0035","0.0175","","0.0865","","0.615","0.35","","","0.385","0.185","0.08","0.007"
"07-03-2025 13:00","1751547607","0.0035","0.0175","","0.0865","","0.57","0.32","","","0.4","0.2","0.09","0.007"
"07-03-2025 14:00","1751551207","0.0045","0.023","","0.0925","","0.635","0.37","","","0.34","0.175","0.075","0.0075"
"07-03-2025 15:00","1751554808","0.0045","0.0205","","0.079","","0.605","0.33","","","0.37","0.185","0.075","0.007"
"07-03-2025 16:00","1751558407","0.006","0.0185","","0.074","","0.59","0.305","","","0.375","0.195","0.085","0.0075"
"07-03-2025 17:00","1751562008","0.0055","0.019","","0.076","","0.585","0.305","","","0.37","0.19","0.085","0.0075"
"07-03-2025 18:00","1751565608","0.006","0.019","","0.0765","","0.595","0.31","","","0.35","0.18","0.08","0.007"
"07-03-2025 19:00","1751569207","0.0055","0.019","","0.0725","","0.6","0.31","","","0.345","0.18","0.075","0.007"
"07-03-2025 20:00","1751572809","0.006","0.0195","","0.078","","0.615","0.325","","","0.335","0.17","0.075","0.0075"
"07-03-2025 21:00","1751576408","0.006","0.02","","0.081","","0.615","0.315","","","0.335","0.165","0.075","0.008"
"07-03-2025 22:00","1751580008","0.006","0.02","","0.0845","","0.615","0.315","","","0.34","0.165","0.075","0.008"
"07-03-2025 23:00","1751583607","0.006","0.0195","","0.0845","","0.615","0.31","","","0.34","0.175","0.075","0.008"
"07-04-2025 00:00","1751587208","0.006","0.0195","","0.084","","0.615","0.305","","","0.34","0.17","0.075","0.008"
"07-04-2025 01:00","1751590808","0.0055","0.019","","0.0825","","0.615","0.295","","","0.34","0.165","0.075","0.008"
"07-04-2025 02:00","1751594407","0.0055","0.019","","0.082","","0.615","0.295","","","0.34","0.165","0.075","0.008"
"07-04-2025 03:00","1751598008","0.005","0.0185","","0.0795","","0.59","0.29","","","0.355","0.17","0.075","0.0075"
"07-04-2025 04:00","1751601608","0.005","0.0175","","0.0795","","0.59","0.315","","","0.355","0.16","0.075","0.0075"
"07-04-2025 05:00","1751605207","0.0045","0.0175","","0.08","","0.58","0.295","","","0.365","0.165","0.075","0.0075"
"07-04-2025 06:00","1751608807","0.0045","0.0175","","0.0795","","0.58","0.3","","","0.365","0.165","0.075","0.0075"
"07-04-2025 07:00","1751612407","0.0045","0.0175","","0.0705","","0.58","0.305","","","0.365","0.165","0.075","0.0075"
"07-04-2025 08:00","1751616007","0.0045","0.0175","","0.0675","","0.565","0.29","","","0.38","0.175","0.075","0.0075"
"07-04-2025 09:00","1751619607","0.0045","0.018","","0.0665","","0.57","0.285","","","0.37","0.175","0.075","0.0075"
"07-04-2025 10:00","1751623207","0.0045","0.0175","","0.0665","","0.58","0.295","","","0.345","0.17","0.07","0.0075"
"07-04-2025 11:00","1751626807","0.0045","0.0175","","0.066","","0.57","0.285","","","0.345","0.17","0.075","0.0075"
"07-04-2025 12:00","1751630407","0.0045","0.0175","","0.068","","0.565","0.285","","","0.345","0.165","0.07","0.0085"
"07-04-2025 13:00","1751634008","0.0035","0.0175","","0.0665","","0.555","0.275","","","0.355","0.17","0.07","0.0085"
"07-04-2025 14:00","1751637608","0.0035","0.0175","","0.064","","0.5","0.25","","","0.4","0.185","0.075","0.0085"
"07-04-2025 15:00","1751641208","0.0035","0.0165","","0.0665","","0.49","0.255","","","0.425","0.2","0.085","0.0085"
"07-04-2025 16:00","1751644807","0.0035","0.0155","","0.0605","","0.48","0.235","","","0.435","0.205","0.09","0.0095"
"07-04-2025 17:00","1751648409","0.0035","0.016","","0.062","","0.48","0.245","","","0.445","0.205","0.095","0.0095"
"07-04-2025 18:00","1751652008","0.0035","0.0165","","0.063","","0.5","0.25","","","0.43","0.22","0.1","0.0095"
"07-04-2025 19:00","1751655608","0.0035","0.016","","0.0625","","0.475","0.245","","","0.45","0.23","0.1","0.009"
"07-04-2025 20:00","1751659208","0.0035","0.016","","0.0625","","0.475","0.235","","","0.465","0.235","0.11","0.009"
"07-04-2025 21:00","1751662807","0.0035","0.016","","0.0665","","0.5","0.26","","","0.45","0.235","0.11","0.009"
"07-04-2025 22:00","1751666408","0.004","0.0165","","0.0665","","0.51","0.265","","","0.435","0.235","0.11","0.009"
"07-04-2025 23:00","1751670008","0.004","0.016","","0.0655","","0.525","0.265","","","0.43","0.21","0.1","0.0085"
"07-05-2025 00:00","1751673608","0.004","0.016","","0.0665","","0.525","0.26","","","0.43","0.215","0.1","0.0085"
"07-05-2025 01:00","1751677208","0.0035","0.0155","","0.0675","","0.53","0.26","","","0.43","0.21","0.09","0.008"
"07-05-2025 02:00","1751680808","0.0035","0.015","","0.0665","","0.51","0.26","","","0.435","0.21","0.09","0.008"
"07-05-2025 03:00","1751684407","0.0035","0.015","","0.0665","","0.515","0.26","","","0.43","0.215","0.095","0.008"
"07-05-2025 04:00","1751688008","0.0035","0.015","","0.067","","0.52","0.26","","","0.42","0.195","0.095","0.008"
"07-05-2025 05:00","1751691608","0.004","0.0155","","0.067","","0.52","0.265","","","0.415","0.2","0.095","0.009"
"07-05-2025 06:00","1751695208","0.0035","0.015","","0.0655","","0.52","0.255","","","0.42","0.2","0.095","0.009"
"07-05-2025 07:00","1751698808","0.0035","0.0145","","0.065","","0.535","0.26","","","0.41","0.2","0.09","0.009"
"07-05-2025 08:00","1751702408","0.0035","0.0155","","0.0665","","0.52","0.255","","","0.42","0.195","0.085","0.009"
"07-05-2025 09:00","1751706007","0.0035","0.0155","","0.0655","","0.515","0.245","","","0.42","0.2","0.09","0.0085"
"07-05-2025 10:00","1751709608","0.0035","0.0155","","0.066","","0.51","0.25","","","0.42","0.2","0.09","0.0085"
"07-05-2025 11:00","1751713207","0.0035","0.016","","0.064","","0.515","0.255","","","0.415","0.195","0.09","0.0085"
"07-05-2025 12:00","1751716808","0.0035","0.016","","0.056","","0.515","0.255","","","0.415","0.19","0.09","0.0085"
"07-05-2025 13:00","1751720408","0.0035","0.0145","","0.0535","","0.51","0.25","","","0.42","0.195","0.09","0.008"
"07-05-2025 14:00","1751724008","0.0035","0.015","","0.054","","0.525","0.265","","","0.41","0.19","0.09","0.008"
"07-05-2025 15:00","1751727607","0.0035","0.015","","0.0545","","0.53","0.26","","","0.415","0.19","0.09","0.008"
"07-05-2025 16:00","1751731207","0.0035","0.0145","","0.0545","","0.52","0.255","","","0.415","0.185","0.085","0.008"
"07-05-2025 17:00","1751734807","0.0035","0.0145","","0.0545","","0.52","0.25","","","0.415","0.19","0.085","0.008"
"07-05-2025 18:00","1751738407","0.0035","0.0145","","0.052","","0.52","0.245","","","0.415","0.19","0.085","0.008"
"07-05-2025 19:00","1751742007","0.0035","0.0145","","0.052","","0.52","0.25","","","0.415","0.2","0.085","0.008"
"07-05-2025 20:00","1751745608","0.0035","0.0145","","0.053","","0.52","0.25","","","0.41","0.19","0.085","0.008"
"07-05-2025 21:00","1751749207","0.0035","0.0145","","0.053","","0.52","0.255","","","0.42","0.195","0.085","0.008"
"07-05-2025 22:00","1751752808","0.0035","0.013","","0.052","","0.51","0.245","","","0.425","0.195","0.085","0.008"
"07-05-2025 23:00","1751756408","0.004","0.0135","","0.0515","","0.515","0.25","","","0.415","0.19","0.085","0.008"
"07-06-2025 00:00","1751760007","0.004","0.0135","","0.0515","","0.51","0.245","","","0.405","0.19","0.085","0.008"
"07-06-2025 01:00","1751763607","0.004","0.0125","","0.0515","","0.51","0.25","","","0.405","0.19","0.085","0.008"
"07-06-2025 02:00","1751767208","0.004","0.0125","","0.0515","","0.51","0.245","","","0.41","0.185","0.085","0.008"
"07-06-2025 03:00","1751770808","0.0035","0.012","","0.0515","","0.505","0.245","","","0.415","0.195","0.09","0.008"
"07-06-2025 04:00","1751774407","0.0035","0.0125","","0.053","","0.5","0.245","","","0.415","0.195","0.085","0.008"
"07-06-2025 05:00","1751778007","0.0035","0.0125","","0.053","","0.49","0.245","","","0.415","0.19","0.085","0.008"
"07-06-2025 06:00","1751781607","0.0035","0.0115","","0.052","","0.49","0.24","","","0.415","0.19","0.085","0.0075"
"07-06-2025 07:00","1751785206","0.0035","0.0115","","0.0515","","0.5","0.24","","","0.41","0.19","0.09","0.0075"
"07-06-2025 08:00","1751788807","0.0035","0.0115","","0.0515","","0.5","0.24","","","0.42","0.19","0.085","0.0085"
"07-06-2025 09:00","1751792408","0.0045","0.011","","0.0505","","0.495","0.24","","","0.42","0.19","0.085","0.008"
"07-06-2025 10:00","1751796007","0.005","0.0115","","0.053","","0.49","0.225","","","0.425","0.195","0.085","0.008"
"07-06-2025 11:00","1751799608","0.0045","0.012","","0.0535","","0.505","0.235","","","0.415","0.195","0.085","0.008"
"07-06-2025 12:00","1751803207","0.0045","0.0115","","0.0535","","0.505","0.23","","","0.415","0.205","0.1","0.0075"
"07-06-2025 13:00","1751806807","0.0045","0.0125","","0.0535","","0.5","0.24","","","0.41","0.19","0.09","0.0085"
"07-06-2025 14:00","1751810408","0.0045","0.0185","","0.072","","0.54","0.26","","","0.38","0.175","0.085","0.0085"
"07-06-2025 15:00","1751814006","0.0045","0.0165","","0.073","","0.545","0.265","","","0.37","0.175","0.085","0.0085"
"07-06-2025 16:00","1751817607","0.0045","0.015","","0.068","","0.545","0.27","","","0.375","0.175","0.09","0.0075"
"07-06-2025 17:00","1751821207","0.0045","0.0145","","0.067","","0.54","0.27","","","0.37","0.155","0.08","0.0075"
"07-06-2025 18:00","1751824808","0.0045","0.0145","","0.0655","","0.55","0.275","","","0.375","0.15","0.08","0.0075"
"07-06-2025 19:00","1751828407","0.0045","0.0145","","0.0595","","0.525","0.26","","","0.39","0.155","0.085","0.0075"
"07-06-2025 20:00","1751832008","0.0045","0.0145","","0.067","","0.53","0.255","","","0.38","0.155","0.075","0.0075"
"07-06-2025 21:00","1751835608","0.0045","0.0145","","0.064","","0.545","0.255","","","0.37","0.155","0.075","0.0075"
"07-06-2025 22:00","1751839208","0.0045","0.0155","","0.0775","","0.565","0.275","","","0.345","0.15","0.07","0.0075"
"07-06-2025 23:00","1751842807","0.005","0.0175","","0.079","","0.575","0.285","","","0.345","0.15","0.07","0.0075"
"07-07-2025 00:00","1751846407","0.005","0.0175","","0.0645","","0.57","0.28","","","0.35","0.16","0.07","0.0075"
"07-07-2025 01:00","1751850007","0.006","0.0175","","0.067","","0.545","0.265","","","0.37","0.175","0.075","0.0075"
"07-07-2025 02:00","1751853606","0.0055","0.0185","","0.064","","0.555","0.285","","","0.355","0.175","0.075","0.0075"
"07-07-2025 03:00","1751857207","0.005","0.019","","0.0665","","0.58","0.295","","","0.345","0.165","0.075","0.0075"
"07-07-2025 04:00","1751860807","0.005","0.0185","","0.071","","0.59","0.285","","","0.34","0.16","0.065","0.008"
"07-07-2025 05:00","1751864406","0.005","0.0185","","0.071","","0.57","0.275","","","0.355","0.165","0.065","0.0075"
"07-07-2025 06:00","1751868006","0.0045","0.0155","","0.071","","0.565","0.275","","","0.36","0.165","0.07","0.0075"
"07-07-2025 07:00","1751871607","0.0045","0.014","","0.0705","","0.545","0.265","","","0.375","0.165","0.075","0.0075"
"07-07-2025 08:00","1751875206","0.0045","0.01","","0.0635","","0.57","0.265","","","0.365","0.16","0.075","0.0075"
"07-07-2025 09:00","1751878806","0.0035","0.009","","0.057","","0.57","0.26","","","0.365","0.165","0.075","0.0075"
"07-07-2025 10:00","1751882407","0.0045","0.01","","0.0565","","0.565","0.27","","","0.375","0.165","0.075","0.0075"
"07-07-2025 11:00","1751886006","0.0045","0.012","","0.06","","0.55","0.245","","","0.375","0.165","0.065","0.0075"
"07-07-2025 12:00","1751889607","0.0045","0.0125","","0.063","","0.54","0.25","","","0.375","0.165","0.07","0.0075"
"07-07-2025 13:00","1751893207","0.0045","0.013","","0.0565","","0.53","0.23","","","0.395","0.17","0.07","0.0075"
"07-07-2025 14:00","1751896807","0.0035","0.013","","0.0515","","0.525","0.235","","","0.38","0.175","0.07","0.0075"
"07-07-2025 15:00","1751900407","0.0035","0.013","","0.065","","0.5","0.235","","","0.39","0.175","0.075","0.0075"
"07-07-2025 16:00","1751904007","0.0035","0.013","","0.063","","0.495","0.245","","","0.385","0.18","0.08","0.008"
"07-07-2025 17:00","1751907607","0.0035","0.0165","","0.0625","","0.48","0.22","","","0.39","0.18","0.08","0.0095"
"07-07-2025 18:00","1751911207","0.0035","0.017","","0.0595","","0.47","0.22","","","0.385","0.18","0.08","0.009"
"07-07-2025 19:00","1751914807","0.004","0.016","","0.0615","","0.475","0.215","","","0.39","0.18","0.085","0.008"
"07-07-2025 20:00","1751918407","0.0045","0.018","","0.058","","0.485","0.23","","","0.385","0.18","0.08","0.008"
"07-07-2025 21:00","1751922007","0.004","0.0145","","0.055","","0.47","0.215","","","0.39","0.18","0.08","0.008"
"07-07-2025 22:00","1751925608","0.0035","0.0155","","0.0565","","0.485","0.225","","","0.385","0.175","0.08","0.008"
"07-07-2025 23:00","1751929206","0.0035","0.015","","0.0535","","0.48","0.225","","","0.39","0.18","0.075","0.0085"
"07-08-2025 00:00","1751932808","0.0035","0.027","","0.078","","0.48","0.22","","","0.37","0.17","0.08","0.0085"
"07-08-2025 01:00","1751936407","0.0035","0.019","","0.0755","","0.49","0.23","","","0.37","0.17","0.08","0.008"
"07-08-2025 02:00","1751940007","0.0035","0.015","","0.067","","0.46","0.225","","","0.395","0.175","0.075","0.008"
"07-08-2025 03:00","1751943607","0.0035","0.015","","0.0655","","0.45","0.225","","","0.39","0.18","0.08","0.0085"
"07-08-2025 04:00","1751947208","0.0035","0.0155","","0.066","","0.47","0.23","","","0.38","0.185","0.08","0.0085"
"07-08-2025 05:00","1751950808","0.0035","0.0155","","0.056","","0.475","0.23","","","0.38","0.185","0.085","0.0075"
"07-08-2025 06:00","1751954408","0.0035","0.013","","0.0585","","0.48","0.225","","","0.37","0.185","0.085","0.0075"
"07-08-2025 07:00","1751958007","0.0035","0.0115","","0.0585","","0.485","0.235","","","0.36","0.175","0.08","0.0075"
"07-08-2025 08:00","1751961607","0.0035","0.0125","","0.0525","","0.495","0.24","","","0.35","0.165","0.075","0.0075"
"07-08-2025 09:00","1751965207","0.0035","0.0125","","0.0545","","0.485","0.225","","","0.355","0.165","0.075","0.0075"
"07-08-2025 10:00","1751968807","0.004","0.0145","","0.064","","0.49","0.22","","","0.34","0.145","0.07","0.008"
"07-08-2025 11:00","1751972407","0.004","0.0165","","0.065","","0.515","0.24","","","0.315","0.14","0.075","0.008"
"07-08-2025 12:00","1751976007","0.0035","0.0165","","0.0655","","0.525","0.235","","","0.315","0.14","0.065","0.0075"
"07-08-2025 13:00","1751979607","0.0035","0.016","","0.0635","","0.52","0.235","","","0.315","0.135","0.065","0.0075"
"07-08-2025 14:00","1751983208","0.004","0.0165","","0.0605","","0.525","0.255","","","0.31","0.135","0.06","0.0085"
"07-08-2025 15:00","1751986807","0.004","0.0165","","0.055","","0.495","0.22","","","0.335","0.145","0.06","0.008"
"07-08-2025 16:00","1751990407","0.0035","0.0165","","0.0585","","0.475","0.215","","","0.335","0.145","0.06","0.008"
"07-08-2025 17:00","1751994008","0.004","0.0165","","0.057","","0.48","0.205","","","0.33","0.145","0.065","0.008"
"07-08-2025 18:00","1751997607","0.004","0.0165","","0.06","","0.505","0.235","","","0.31","0.14","0.065","0.008"
"07-08-2025 19:00","1752001208","0.004","0.0165","","0.063","","0.52","0.23","","","0.305","0.135","0.065","0.008"
"07-08-2025 20:00","1752004807","0.004","0.0165","","0.0615","","0.5","0.22","","","0.31","0.135","0.055","0.0085"
"07-08-2025 21:00","1752008407","0.0035","0.02","","0.0665","","0.505","0.22","","","0.315","0.135","0.055","0.0085"
"07-08-2025 22:00","1752012007","0.0035","0.0205","","0.0645","","0.525","0.22","","","0.31","0.125","0.055","0.0095"
"07-08-2025 23:00","1752015607","0.004","0.0195","","0.0645","","0.525","0.22","","","0.31","0.125","0.055","0.009"
"07-09-2025 00:00","1752019207","0.004","0.018","","0.071","","0.525","0.225","","","0.305","0.125","0.06","0.0095"
"07-09-2025 01:00","1752022808","0.004","0.0175","","0.063","","0.525","0.225","","","0.305","0.125","0.06","0.0105"
"07-09-2025 02:00","1752026407","0.0035","0.015","","0.06","","0.51","0.225","","","0.305","0.12","0.05","0.0105"
"07-09-2025 03:00","1752030007","0.0035","0.0135","","0.061","","0.505","0.215","","","0.305","0.125","0.055","0.0085"
"07-09-2025 04:00","1752033608","0.0035","0.013","","0.06","","0.475","0.21","","","0.32","0.115","0.055","0.009"
"07-09-2025 05:00","1752037208","0.0035","0.0135","","0.0595","","0.49","0.205","","","0.325","0.115","0.055","0.0075"
"07-09-2025 06:00","1752040808","0.0035","0.013","","0.057","","0.505","0.215","","","0.31","0.115","0.05","0.0075"
"07-09-2025 07:00","1752044408","0.0035","0.0125","","0.054","","0.505","0.215","","","0.31","0.115","0.045","0.0075"
"07-09-2025 08:00","1752048008","0.0035","0.0125","","0.0515","","0.485","0.21","","","0.31","0.115","0.045","0.007"
"07-09-2025 09:00","1752051607","0.0035","0.013","","0.048","","0.48","0.215","","","0.315","0.095","0.045","0.0075"
"07-09-2025 10:00","1752055207","0.0035","0.0115","","0.0475","","0.475","0.21","","","0.31","0.105","0.045","0.007"
"07-09-2025 11:00","1752058808","0.0035","0.0115","","0.046","","0.495","0.215","","","0.31","0.105","0.045","0.008"
"07-09-2025 12:00","1752062408","0.0035","0.0115","","0.052","","0.515","0.22","","","0.3","0.105","0.045","0.007"
"07-09-2025 13:00","1752066008","0.0035","0.0115","","0.054","","0.525","0.255","","","0.29","0.105","0.045","0.0075"
"07-09-2025 14:00","1752069607","0.0035","0.0135","","0.0585","","0.51","0.255","","","0.295","0.095","0.045","0.0075"
"07-09-2025 15:00","1752073208","0.0035","0.0135","","0.05","","0.495","0.235","","","0.305","0.105","0.045","0.0075"
"07-09-2025 16:00","1752076809","0.0035","0.0115","","0.05","","0.5","0.235","","","0.295","0.105","0.045","0.0075"
"07-09-2025 17:00","1752080408","0.0035","0.0115","","0.0565","","0.54","0.255","","","0.27","0.095","0.04","0.0075"
"07-09-2025 18:00","1752084007","0.0035","0.011","","0.056","","0.52","0.235","","","0.28","0.09","0.035","0.007"
"07-09-2025 19:00","1752087608","0.0035","0.0155","","0.06","","0.545","0.255","","","0.255","0.085","0.044","0.007"
"07-09-2025 20:00","1752091207","0.0035","0.0175","","0.0975","","0.69","0.37","","","0.195","0.075","0.0335","0.007"
"07-09-2025 21:00","1752094808","0.0035","0.017","","0.075","","0.61","0.3","","","0.235","0.085","0.035","0.007"
"07-09-2025 22:00","1752098408","0.0035","0.0175","","0.071","","0.62","0.335","","","0.21","0.085","0.0345","0.007"
"07-09-2025 23:00","1752102008","0.0035","0.0165","","0.078","","0.655","0.36","","","0.205","0.085","0.035","0.0075"
"07-10-2025 00:00","1752105608","0.0035","0.0135","","0.078","","0.645","0.35","","","0.21","0.075","0.032","0.007"
"07-10-2025 01:00","1752109208","0.0035","0.0135","","0.0755","","0.635","0.32","","","0.22","0.07","0.029","0.007"
"07-10-2025 02:00","1752112808","0.0035","0.0155","","0.069","","0.67","0.365","","","0.205","0.075","0.03","0.007"
"07-10-2025 03:00","1752116408","0.0035","0.0135","","0.0685","","0.685","0.35","","","0.205","0.075","0.03","0.0065"
"07-10-2025 04:00","1752120009","0.004","0.0135","","0.075","","0.685","0.34","","","0.205","0.07","0.029","0.0065"
"07-10-2025 05:00","1752123608","0.0035","0.012","","0.076","","0.675","0.33","","","0.215","0.075","0.0355","0.0065"
"07-10-2025 06:00","1752127208","0.0035","0.011","","0.0745","","0.665","0.33","","","0.205","0.075","0.0325","0.0065"
"07-10-2025 07:00","1752130808","0.0035","0.0115","","0.0725","","0.69","0.355","","","0.205","0.075","0.032","0.007"
"07-10-2025 08:00","1752134407","0.0035","0.0125","","0.073","","0.665","0.355","","","0.21","0.075","0.0325","0.0065"
"07-10-2025 09:00","1752138007","0.0035","0.013","","0.0625","","0.66","0.34","","","0.195","0.07","0.0325","0.0065"
"07-10-2025 10:00","1752141608","0.0035","0.0115","","0.0625","","0.65","0.325","","","0.2","0.075","0.0325","0.0065"
"07-10-2025 11:00","1752145208","0.0035","0.0205","","0.078","","0.645","0.32","","","0.195","0.075","0.0325","0.0065"
"07-10-2025 12:00","1752148808","0.0035","0.017","","0.075","","0.63","0.33","","","0.195","0.075","0.0325","0.0065"
"07-10-2025 13:00","1752152407","0.0035","0.02","","0.062","","0.6","0.325","","","0.21","0.075","0.0325","0.0065"
"07-10-2025 14:00","1752156008","0.0035","0.016","","0.066","","0.6","0.31","","","0.215","0.075","0.035","0.0065"
"07-10-2025 15:00","1752159607","0.004","0.0145","","0.0695","","0.645","0.335","","","0.205","0.075","0.0365","0.0065"
"07-10-2025 16:00","1752163207","0.004","0.0155","","0.0695","","0.66","0.355","","","0.205","0.075","0.035","0.0065"
"07-10-2025 17:00","1752166808","0.004","0.017","","0.0905","","0.76","0.425","","","0.17","0.075","0.0325","0.0065"
"07-10-2025 18:00","1752170408","0.004","0.018","","0.1115","","0.85","0.485","","","0.155","0.065","0.031","0.0065"
"07-10-2025 19:00","1752174008","0.004","0.0175","","0.1015","","0.82","0.445","","","0.165","0.065","0.034","0.0065"
"07-10-2025 20:00","1752177609","0.004","0.017","","0.104","","0.82","0.455","","","0.16","0.065","0.033","0.0065"
"07-10-2025 21:00","1752181208","0.004","0.018","","0.103","","0.825","0.46","","","0.15","0.065","0.0315","0.0105"
"07-10-2025 22:00","1752184807","0.0045","0.023","","0.1905","","0.9995","0.675","","","0.105","0.045","0.0285","0.008"
"07-10-2025 23:00","1752188408","0.0045","0.0235","","0.158","","0.9995","0.64","","","0.11","0.05","0.0175","0.0075"
"07-11-2025 00:00","1752192008","0.0045","0.0295","","0.146","","","0.625","","","0.11","0.04","0.0155","0.0075"
"07-11-2025 01:00","1752195608","0.005","0.025","","0.132","","","0.61","","","0.12","0.045","0.0175","0.0075"
"07-11-2025 02:00","1752199208","0.005","0.0285","","0.155","","","0.645","","","0.115","0.045","0.0195","0.0075"
"07-11-2025 03:00","1752202808","0.005","0.031","","0.184","","","0.715","","","0.105","0.04","0.0165","0.0065"
"07-11-2025 04:00","1752206408","0.0035","0.0285","","0.1665","","","0.725","","","0.105","0.035","0.0155","0.0055"
"07-11-2025 05:00","1752210008","0.0045","0.0315","","0.178","","","0.73","","","0.105","0.039","0.0165","0.0055"
"07-11-2025 06:00","1752213608","0.0065","0.033","","0.2215","","","0.805","","","0.09","0.036","0.026","0.0055"
"07-11-2025 07:00","1752217207","0.004","0.0295","","0.2295","","","0.79","","","0.095","0.039","0.025","0.0055"
"07-11-2025 08:00","1752220808","0.005","0.032","","0.2475","","","0.79","","","0.1","0.0365","0.0275","0.0055"
"07-11-2025 09:00","1752224409","0.0045","0.036","","0.2655","","","0.805","","","0.105","0.039","0.0255","0.0055"
"07-11-2025 10:00","1752228008","0.006","0.044","","0.272","","","0.845","","","0.09","0.034","0.026","0.0055"
"07-11-2025 11:00","1752231609","0.0065","0.037","","0.2515","","","0.82","","","0.085","0.034","0.0275","0.0055"
"07-11-2025 12:00","1752235209","0.0045","0.0385","","0.221","","","0.8","","","0.095","0.0345","0.027","0.0055"
"07-11-2025 13:00","1752238809","0.0055","0.0365","","0.2295","","","0.805","","","0.095","0.034","0.0265","0.0055"
"07-11-2025 14:00","1752242408","0.0045","0.039","","0.219","","","0.805","","","0.095","0.038","0.0255","0.0055"
"07-11-2025 15:00","1752246009","0.0045","0.041","","0.2175","","","0.785","","","0.095","0.0425","0.0215","0.0055"
"07-11-2025 16:00","1752249608","0.0045","0.034","0.08","0.194","0.44","","0.725","","","0.105","0.0405","0.0245","0.006"
"07-11-2025 17:00","1752253209","0.0045","0.0345","0.065","0.201","0.455","","0.76","","","0.09","0.053","0.025","0.0055"
"07-11-2025 18:00","1752256808","0.0045","0.0275","0.065","0.215","0.465","","0.775","","","0.09","0.0525","0.025","0.0055"
"07-11-2025 19:00","1752260408","0.006","0.03","0.05","0.214","0.465","","0.795","","","0.09","0.053","0.025","0.0055"
"07-11-2025 20:00","1752264009","0.005","0.031","0.055","0.2265","0.475","","0.82","","","0.085","0.0525","0.0235","0.0055"
"07-11-2025 21:00","1752267608","0.005","0.031","0.05","0.225","0.48","","0.78","","","0.085","0.053","0.023","0.006"
"07-11-2025 22:00","1752271208","0.0085","0.0335","0.045","0.21","0.48","","0.78","","","0.09","0.053","0.0235","0.006"
"07-11-2025 23:00","1752274808","0.0085","0.0325","0.06","0.208","0.47","","0.775","","","0.085","0.0525","0.0225","0.006"
"07-12-2025 00:00","1752278409","0.008","0.0285","0.06","0.209","0.47","","0.775","","","0.09","0.0525","0.0235","0.006"
"07-12-2025 01:00","1752282008","0.0075","0.0285","0.055","0.2045","0.45","","0.76","","","0.09","0.0525","0.0215","0.006"
"07-12-2025 02:00","1752285608","0.007","0.028","0.055","0.199","0.46","","0.775","","","0.075","0.044","0.021","0.0055"
"07-12-2025 03:00","1752289208","0.006","0.0275","0.06","0.1955","0.445","","0.77","","","0.095","0.0415","0.021","0.0055"
"07-12-2025 04:00","1752292809","0.0045","0.0285","0.065","0.204","0.45","","0.78","","","0.09","0.0425","0.0205","0.006"
"07-12-2025 05:00","1752296408","0.0045","0.0285","0.065","0.205","0.45","","0.785","","","0.08","0.042","0.0205","0.0055"
"07-12-2025 06:00","1752300008","0.0045","0.0315","0.08","0.1985","0.445","","0.775","","","0.075","0.0475","0.021","0.0055"
"07-12-2025 07:00","1752303609","0.0045","0.029","0.07","0.2105","0.455","","0.805","","","0.075","0.0465","0.0215","0.0055"
"07-12-2025 08:00","1752307208","0.0055","0.028","0.07","0.1955","0.44","","0.785","","","0.075","0.046","0.022","0.0055"
"07-12-2025 09:00","1752310809","0.006","0.03","0.065","0.1955","0.445","","0.8","","","0.075","0.0465","0.022","0.006"
"07-12-2025 10:00","1752314408","0.0065","0.0305","0.065","0.204","0.455","","0.825","","","0.075","0.0465","0.022","0.0055"
"07-12-2025 11:00","1752318007","0.0065","0.032","0.065","0.1985","0.455","","0.815","","","0.075","0.046","0.022","0.0055"
"07-12-2025 12:00","1752321608","0.006","0.031","0.065","0.1975","0.445","","0.79","","","0.075","0.0435","0.022","0.006"
"07-12-2025 13:00","1752325208","0.0075","0.0295","0.065","0.198","0.43","","0.765","","","0.075","0.0475","0.022","0.0055"
"07-12-2025 14:00","1752328809","0.0065","0.031","0.065","0.1925","0.425","","0.755","","","0.075","0.045","0.022","0.0055"
"07-12-2025 15:00","1752332407","0.0055","0.0295","0.065","0.204","0.425","","0.755","","","0.07","0.0435","0.022","0.0055"
"07-12-2025 16:00","1752336009","0.0055","0.026","0.06","0.1875","0.395","","0.73","","","0.075","0.044","0.022","0.0065"
"07-12-2025 17:00","1752339608","0.006","0.0225","0.055","0.1905","0.415","","0.745","","","0.07","0.0425","0.022","0.006"
"07-12-2025 18:00","1752343208","0.006","0.023","0.055","0.188","0.415","","0.765","","","0.075","0.0455","0.025","0.0065"
"07-12-2025 19:00","1752346808","0.006","0.022","0.055","0.188","0.42","","0.76","","","0.075","0.048","0.0265","0.0065"
"07-12-2025 20:00","1752350407","0.006","0.024","0.055","0.1885","0.425","","0.78","","","0.075","0.047","0.0265","0.0065"
"07-12-2025 21:00","1752354008","0.006","0.024","0.05","0.188","0.395","","0.745","","","0.075","0.048","0.0265","0.006"
"07-12-2025 22:00","1752357608","0.0065","0.024","0.055","0.1905","0.42","","0.77","","","0.07","0.038","0.0235","0.006"
"07-12-2025 23:00","1752361208","0.0065","0.0235","0.055","0.188","0.42","","0.77","","","0.07","0.038","0.0245","0.006"
"07-13-2025 00:00","1752364808","0.0065","0.0235","0.05","0.188","0.415","","0.77","","","0.075","0.038","0.028","0.006"
"07-13-2025 01:00","1752368408","0.0065","0.0265","0.05","0.1905","0.42","","0.76","","","0.075","0.038","0.0285","0.006"
"07-13-2025 02:00","1752372008","0.007","0.028","0.05","0.1905","0.43","","0.78","","","0.075","0.0345","0.0255","0.0065"
"07-13-2025 03:00","1752375608","0.0055","0.028","0.045","0.196","0.435","","0.79","","","0.075","0.035","0.021","0.0065"
"07-13-2025 04:00","1752379208","0.0055","0.0275","0.045","0.1995","0.445","","0.79","","","0.075","0.034","0.02","0.0065"
"07-13-2025 05:00","1752382808","0.0055","0.023","0.055","0.2025","0.45","","0.795","","","0.075","0.034","0.019","0.0055"
"07-13-2025 06:00","1752386407","0.0055","0.023","0.055","0.208","0.46","","0.795","","","0.075","0.034","0.019","0.0055"
"07-13-2025 07:00","1752390008","0.0055","0.0185","0.055","0.215","0.455","","0.805","","","0.075","0.021","0.0185","0.0065"
"07-13-2025 08:00","1752393608","0.0055","0.022","0.06","0.2125","0.47","","0.82","","","0.075","0.0165","0.018","0.0055"
"07-13-2025 09:00","1752397208","0.0055","0.0185","0.045","0.2125","0.47","","0.82","","","0.075","0.023","0.018","0.0055"
"07-13-2025 10:00","1752400808","0.006","0.0155","0.055","0.209","0.45","","0.8","","","0.075","0.0225","0.018","0.0055"
"07-13-2025 11:00","1752404408","0.0065","0.0155","0.05","0.1975","0.435","","0.8","","","0.075","0.022","0.018","0.0055"
"07-13-2025 12:00","1752408007","0.007","0.0175","0.055","0.211","0.455","","0.82","","","0.07","0.022","0.0175","0.006"
"07-13-2025 13:00","1752411608","0.006","0.0215","0.055","0.2465","0.485","","0.855","","","0.065","0.021","0.017","0.006"
"07-13-2025 14:00","1752415207","0.0055","0.0225","0.06","0.246","0.52","","0.85","","","0.07","0.03","0.0165","0.0055"
"07-13-2025 15:00","1752418808","0.0055","0.0225","0.06","0.2495","0.525","","0.875","","","0.065","0.027","0.0165","0.0055"
"07-13-2025 16:00","1752422408","0.0055","0.0225","0.055","0.254","0.525","","0.87","","","0.075","0.03","0.017","0.0055"
"07-13-2025 17:00","1752426008","0.0055","0.028","0.065","0.253","0.505","","0.865","","","0.075","0.031","0.017","0.0055"
"07-13-2025 18:00","1752429608","0.0045","0.0235","0.07","0.2565","0.5","","0.87","","","0.08","0.0295","0.017","0.0055"
"07-13-2025 19:00","1752433208","0.0045","0.0245","0.07","0.2635","0.53","","0.89","","","0.075","0.031","0.0175","0.006"
"07-13-2025 20:00","1752436808","0.0045","0.0325","0.075","0.2725","0.545","","0.895","","","0.075","0.031","0.019","0.006"
"07-13-2025 21:00","1752440408","0.0045","0.029","0.075","0.255","0.54","","0.9","","","0.075","0.0305","0.019","0.006"
"07-13-2025 22:00","1752444006","0.0045","0.023","0.075","0.243","0.49","","0.855","","","0.075","0.0275","0.0215","0.0055"
"07-13-2025 23:00","1752447606","0.0045","0.0215","0.075","0.2245","0.5","","0.855","","","0.075","0.0275","0.0215","0.0055"
"07-14-2025 00:00","1752451207","0.0045","0.0215","0.065","0.2415","0.535","","0.895","","","0.075","0.0275","0.0205","0.0055"
"07-14-2025 01:00","1752454807","0.0055","0.0325","0.065","0.242","0.535","","0.9","","","0.075","0.0285","0.0205","0.0055"
"07-14-2025 02:00","1752458407","0.0055","0.026","0.065","0.242","0.535","","0.91","","","0.075","0.027","0.0205","0.0055"
"07-14-2025 03:00","1752462007","0.0055","0.025","0.06","0.264","0.57","","0.9615","","","0.07","0.029","0.0205","0.0055"
"07-14-2025 04:00","1752465608","0.0055","0.0225","0.07","0.3275","0.655","","0.9995","","","0.06","0.0235","0.021","0.0055"
"07-14-2025 05:00","1752469207","0.0055","0.027","0.085","0.381","0.715","","0.9995","","","0.06","0.021","0.016","0.0055"
"07-14-2025 06:00","1752472807","0.0055","0.032","0.125","0.464","0.785","","","","","0.055","0.019","0.016","0.0055"
"07-14-2025 07:00","1752476406","0.0055","0.0315","0.11","0.433","0.785","","","","","0.055","0.019","0.0165","0.0055"
"07-14-2025 08:00","1752480007","0.0065","0.0385","0.11","0.4765","0.83","","","","","0.055","0.0195","0.016","0.0055"
"07-14-2025 09:00","1752483607","0.0055","0.042","0.115","0.4425","0.805","","","","","0.05","0.024","0.016","0.0055"
"07-14-2025 10:00","1752487207","0.0055","0.0355","0.095","0.4135","0.78","","","","","0.055","0.024","0.0165","0.0055"
"07-14-2025 11:00","1752490807","0.0055","0.034","0.095","0.399","0.765","","","","","0.055","0.024","0.0165","0.0055"
"07-14-2025 12:00","1752494407","0.0055","0.0335","0.09","0.3695","0.715","","","","","0.055","0.0235","0.016","0.0055"
"07-14-2025 13:00","1752498007","0.0065","0.036","0.105","0.4155","0.74","","","","","0.05","0.024","0.0155","0.0055"
"07-14-2025 14:00","1752501608","0.0065","0.0355","0.115","0.389","0.725","","","","","0.05","0.025","0.0165","0.0055"
"07-14-2025 15:00","1752505207","0.007","0.033","0.095","0.3665","0.7","","","","","0.065","0.025","0.015","0.0055"
"07-14-2025 16:00","1752508807","0.0065","0.0295","0.095","0.287","0.59","","","","","0.065","0.0335","0.018","0.0055"
"07-14-2025 17:00","1752512407","0.0065","0.028","0.095","0.3225","0.655","","","","","0.055","0.031","0.0175","0.006"
"07-14-2025 18:00","1752516007","0.0065","0.028","0.08","0.2895","0.615","","","","","0.06","0.031","0.0175","0.006"
"07-14-2025 19:00","1752519607","0.0065","0.028","0.08","0.2745","0.6","","","","","0.065","0.033","0.0155","0.006"
"07-14-2025 20:00","1752523207","0.0065","0.027","0.075","0.289","0.61","","","","","0.06","0.0325","0.017","0.006"
"07-14-2025 21:00","1752526807","0.0065","0.0265","0.085","0.297","0.64","","","","","0.065","0.032","0.019","0.006"
"07-14-2025 22:00","1752530407","0.0065","0.023","0.075","0.298","0.65","","","","","0.065","0.03","0.02","0.006"
"07-14-2025 23:00","1752534007","0.0065","0.024","0.08","0.303","0.645","","","","","0.065","0.035","0.02","0.006"
"07-15-2025 00:00","1752537608","0.0065","0.0255","0.085","0.2825","0.645","","","","","0.06","0.033","0.019","0.0055"
"07-15-2025 01:00","1752541207","0.0065","0.026","0.065","0.279","0.615","","","","","0.065","0.0335","0.0195","0.006"
"07-15-2025 02:00","1752544807","0.0065","0.026","0.065","0.2435","0.565","","","","","0.065","0.037","0.0195","0.006"
"07-15-2025 03:00","1752548407","0.0065","0.0225","0.055","0.2435","0.505","","","","","0.08","0.0375","0.018","0.006"
"07-15-2025 04:00","1752552007","0.0065","0.021","0.055","0.2035","0.46","","","","","0.085","0.0465","0.023","0.0055"
"07-15-2025 05:00","1752555608","0.0055","0.019","0.055","0.2005","0.485","","","","","0.085","0.0465","0.025","0.0055"
"07-15-2025 06:00","1752559208","0.0055","0.017","0.05","0.2025","0.465","","","","","0.085","0.046","0.025","0.0065"
"07-15-2025 07:00","1752562808","0.0065","0.019","0.04","0.19","0.445","","","","","0.085","0.0465","0.024","0.0065"
"07-15-2025 08:00","1752566407","0.0055","0.0145","0.0345","0.1805","0.405","","","","","0.095","0.046","0.0235","0.0065"
"07-15-2025 09:00","1752570007","0.0055","0.0145","0.0355","0.1755","0.415","","","","","0.095","0.046","0.023","0.0065"
"07-15-2025 10:00","1752573606","0.0045","0.0155","0.0365","0.1805","0.42","","","","","0.095","0.0415","0.0225","0.0065"
"07-15-2025 11:00","1752577208","0.0045","0.015","0.032","0.176","0.415","","","","","0.085","0.041","0.022","0.006"
"07-15-2025 12:00","1752580808","0.0045","0.0165","0.0315","0.184","0.425","","","","","0.08","0.047","0.022","0.006"
"07-15-2025 13:00","1752584407","0.0045","0.015","0.037","0.1855","0.44","","","","","0.07","0.0465","0.0205","0.0055"
"07-15-2025 14:00","1752588008","0.0045","0.0155","0.042","0.233","0.505","","","","","0.07","0.039","0.0175","0.0065"
"07-15-2025 15:00","1752591607","0.0045","0.014","0.039","0.171","0.39","","","","","0.085","0.0445","0.0185","0.0065"
"07-15-2025 16:00","1752595207","0.0045","0.014","0.0445","0.178","0.415","","","","","0.075","0.038","0.018","0.0065"
"07-15-2025 17:00","1752598808","0.0045","0.0145","0.0385","0.1935","0.445","","","","","0.055","0.0335","0.018","0.0065"
"07-15-2025 18:00","1752602408","0.0045","0.015","0.035","0.201","0.465","","","","","0.055","0.03","0.0155","0.0065"
"07-15-2025 19:00","1752606007","0.0045","0.0185","0.0475","0.1755","0.425","","","","","0.065","0.0305","0.015","0.0065"
"07-15-2025 20:00","1752609608","0.0045","0.0175","0.0475","0.173","0.405","","","","","0.065","0.029","0.0145","0.0065"
"07-15-2025 21:00","1752613208","0.0045","0.0165","0.044","0.1755","0.4","","","","","0.065","0.0295","0.0145","0.0065"
"07-15-2025 22:00","1752616808","0.0045","0.016","0.044","0.2015","0.445","","","","","0.06","0.0295","0.0145","0.0065"
"07-15-2025 23:00","1752620408","0.0045","0.017","0.054","0.204","0.465","","","","","0.055","0.028","0.0145","0.0065"
"07-16-2025 00:00","1752624008","0.005","0.016","0.0475","0.199","0.455","","","","","0.055","0.0295","0.016","0.0065"
"07-16-2025 01:00","1752627608","0.005","0.0135","0.0505","0.207","0.485","","","","","0.055","0.0315","0.017","0.0065"
"07-16-2025 02:00","1752631208","0.005","0.0145","0.049","0.2005","0.465","","","","","0.055","0.032","0.017","0.0065"
"07-16-2025 03:00","1752634808","0.0045","0.0145","0.0465","0.181","0.415","","","","","0.055","0.032","0.016","0.0065"
"07-16-2025 04:00","1752638408","0.0045","0.0145","0.0475","0.1845","0.415","","","","","0.05","0.032","0.0155","0.0065"
"07-16-2025 05:00","1752642008","0.0045","0.0155","0.05","0.186","0.425","","","","","0.055","0.032","0.0135","0.0065"
"07-16-2025 06:00","1752645607","0.0045","0.016","0.052","0.193","0.445","","","","","0.05","0.0255","0.0135","0.0065"
"07-16-2025 07:00","1752649208","0.0045","0.0155","0.0515","0.2045","0.475","","","","","0.05","0.028","0.015","0.0065"
"07-16-2025 08:00","1752652808","0.0055","0.0155","0.049","0.188","0.475","","","","","0.045","0.0285","0.016","0.0065"
"07-16-2025 09:00","1752656408","0.0055","0.016","0.053","0.224","0.495","","","","","0.045","0.027","0.016","0.0055"
"07-16-2025 10:00","1752660008","0.0055","0.016","0.0555","0.237","0.525","","","","","0.055","0.027","0.015","0.0055"
"07-16-2025 11:00","1752663607","0.0055","0.016","0.051","0.224","0.515","","","","","0.055","0.0275","0.015","0.0055"
"07-16-2025 12:00","1752667208","0.0055","0.016","0.057","0.224","0.51","","","","","0.055","0.024","0.0135","0.0055"
"07-16-2025 13:00","1752670809","0.0055","0.017","0.0625","0.2255","0.51","","","","","0.055","0.023","0.013","0.0055"
"07-16-2025 14:00","1752674407","0.0055","0.018","0.0565","0.218","0.505","","","","","0.055","0.0225","0.013","0.0055"
"07-16-2025 15:00","1752678007","0.0055","0.019","0.063","0.2345","0.535","","","","","0.055","0.0225","0.0125","0.0055"
"07-16-2025 16:00","1752681608","0.0055","0.0235","0.065","0.2665","0.55","","","","","0.045","0.0225","0.0125","0.0055"
"07-16-2025 17:00","1752685208","0.0055","0.023","0.048","0.256","0.555","","","","","0.045","0.022","0.0125","0.0055"
"07-16-2025 18:00","1752688807","0.0055","0.023","0.051","0.2495","0.545","","","","","0.045","0.022","0.0135","0.0055"
"07-16-2025 19:00","1752692408","0.0055","0.0225","0.0525","0.265","0.56","","","","","0.045","0.0215","0.0125","0.0055"
"07-16-2025 20:00","1752696008","0.0055","0.0235","0.0525","0.245","0.525","","","","","0.045","0.022","0.0145","0.0055"
"07-16-2025 21:00","1752699608","0.0055","0.025","0.0565","0.265","0.565","","","","","0.04","0.021","0.0135","0.0055"
"07-16-2025 22:00","1752703208","0.0055","0.0265","0.0575","0.2435","0.555","","","","","0.0335","0.021","0.013","0.005"
"07-16-2025 23:00","1752706807","0.0055","0.0245","0.0545","0.2165","0.495","","","","","0.0515","0.0215","0.013","0.005"
"07-17-2025 00:00","1752710408","0.0055","0.024","0.0455","0.2225","0.5","","","","","0.054","0.0215","0.013","0.005"
"07-17-2025 01:00","1752714008","0.0055","0.0225","0.049","0.2255","0.525","","","","","0.051","0.0215","0.013","0.005"
"07-17-2025 02:00","1752717608","0.0055","0.0225","0.0475","0.187","0.46","","","","","0.052","0.0215","0.013","0.0045"
"07-17-2025 03:00","1752721208","0.0055","0.021","0.049","0.1995","0.48","","","","","0.0525","0.024","0.013","0.0045"
"07-17-2025 04:00","1752724808","0.0055","0.0185","0.043","0.1815","0.47","","","","","0.0515","0.025","0.019","0.0045"
"07-17-2025 05:00","1752728408","0.0055","0.0185","0.0435","0.192","0.495","","","","","0.0495","0.0275","0.019","0.0045"
"07-17-2025 06:00","1752732008","0.0055","0.017","0.0345","0.192","0.485","","","","","0.045","0.0275","0.019","0.0045"
"07-17-2025 07:00","1752735608","0.0055","0.0145","0.046","0.1885","0.495","","","","","0.0435","0.028","0.019","0.0045"
"07-17-2025 08:00","1752739208","0.0055","0.0145","0.041","0.2005","0.485","","","","","0.042","0.0285","0.019","0.0045"
"07-17-2025 09:00","1752742808","0.0055","0.016","0.0385","0.1955","0.485","","","","","0.042","0.0265","0.019","0.0045"
"07-17-2025 10:00","1752746408","0.0055","0.0145","0.039","0.2165","0.515","","","","","0.0425","0.0255","0.0165","0.0045"
"07-17-2025 11:00","1752750008","0.0055","0.014","0.039","0.2035","0.485","","","","","0.038","0.0245","0.018","0.0045"
"07-17-2025 12:00","1752753607","0.0055","0.0155","0.038","0.183","0.465","","","","","0.0425","0.025","0.0185","0.0045"
"07-17-2025 13:00","1752757208","0.0055","0.0165","0.0335","0.1855","0.46","","","","","0.048","0.0245","0.018","0.0045"
"07-17-2025 14:00","1752760807","0.0055","0.0165","0.034","0.189","0.495","","","","","0.052","0.024","0.015","0.0045"
"07-17-2025 15:00","1752764409","0.0055","0.017","0.0375","0.193","0.52","","","","","0.049","0.0215","0.0145","0.0045"
"07-17-2025 16:00","1752768008","0.0055","0.02","0.0365","0.185","0.525","","","","","0.048","0.021","0.014","0.0045"
"07-17-2025 17:00","1752771608","0.0055","0.019","0.036","0.165","0.48","","","","","0.0475","0.021","0.0145","0.0045"
"07-17-2025 18:00","1752775208","0.0055","0.0195","0.0365","0.199","0.525","","","","","0.0495","0.0205","0.014","0.0045"
"07-17-2025 19:00","1752778808","0.0055","0.02","0.0425","0.215","0.545","","","","","0.0435","0.0235","0.0125","0.0045"
"07-17-2025 20:00","1752782408","0.0055","0.0205","0.0445","0.2065","0.495","","","","","0.043","0.0255","0.0135","0.0045"
"07-17-2025 21:00","1752786007","0.0055","0.0195","0.0565","0.2225","0.515","","","","","0.0375","0.0265","0.0115","0.0045"
"07-17-2025 22:00","1752789608","0.0055","0.0225","0.0745","0.295","0.625","","","","","0.034","0.022","0.0125","0.0045"
"07-17-2025 23:00","1752793209","0.0055","0.017","0.0695","0.2755","0.57","","","","","0.04","0.022","0.0125","0.0045"
"07-18-2025 00:00","1752796808","0.0055","0.017","0.062","0.2385","0.525","","","","","0.0445","0.0235","0.013","0.0045"
"07-18-2025 01:00","1752800408","0.0055","0.021","0.0555","0.259","0.57","","","","","0.0415","0.0235","0.013","0.0045"
"07-18-2025 02:00","1752804008","0.0055","0.0245","0.0705","0.2995","0.615","","","","","0.043","0.019","0.0125","0.0045"
"07-18-2025 03:00","1752807608","0.0055","0.022","0.0715","0.2915","0.62","","","","","0.0445","0.0205","0.0145","0.0045"
"07-18-2025 04:00","1752811207","0.0055","0.018","0.0695","0.293","0.615","","","","","0.04","0.0205","0.013","0.004"
"07-18-2025 05:00","1752814808","0.0055","0.0205","0.073","0.2955","0.63","","","","","0.0345","0.0205","0.013","0.0035"
"07-18-2025 06:00","1752818407","0.0055","0.023","0.072","0.299","0.635","","","","","0.0365","0.02","0.0135","0.0035"
"07-18-2025 07:00","1752822007","0.0055","0.022","0.0685","0.2765","0.615","","","","","0.038","0.02","0.013","0.0035"
"07-18-2025 08:00","1752825607","0.0055","0.021","0.0665","0.234","0.53","","","","","0.0385","0.019","0.013","0.0035"
"07-18-2025 09:00","1752829209","0.0055","0.0205","0.0515","0.206","0.48","","","","","0.0385","0.0195","0.013","0.0035"
"07-18-2025 10:00","1752832808","0.0055","0.02","0.0445","0.2035","0.49","","","","","0.041","0.019","0.013","0.0035"
"07-18-2025 11:00","1752836408","0.0055","0.0195","0.043","0.2105","0.505","","","","","0.044","0.019","0.013","0.0035"
"07-18-2025 12:00","1752840008","0.0055","0.0195","0.043","0.2065","0.52","","","","","0.0445","0.019","0.013","0.0035"
"07-18-2025 13:00","1752843608","0.0045","0.0195","0.0435","0.2205","0.53","","","","","0.0435","0.019","0.014","0.0025"
"07-18-2025 14:00","1752847208","0.0055","0.013","0.035","0.213","0.485","","","","","0.044","0.019","0.0145","0.0025"
"07-18-2025 15:00","1752850808","0.0055","0.014","0.029","0.1885","0.445","","","","","0.05","0.0195","0.014","0.0025"
"07-18-2025 16:00","1752854408","0.0045","0.0135","0.0345","0.1835","0.415","","","","","0.052","0.0195","0.014","0.0025"
"07-18-2025 17:00","1752858009","0.0045","0.0155","0.035","0.176","0.39","","","","","0.0525","0.021","0.015","0.0025"
"07-18-2025 18:00","1752861608","0.0045","0.017","0.0345","0.17","0.375","","","","","0.048","0.0205","0.0155","0.0025"
"07-18-2025 19:00","1752865208","0.0045","0.015","0.026","0.1615","0.365","","","","","0.052","0.024","0.0155","0.0025"
"07-18-2025 20:00","1752868808","0.004","0.0155","0.024","0.165","0.375","","","","","0.0505","0.023","0.0155","0.0025"
"07-18-2025 21:00","1752872409","0.004","0.015","0.022","0.165","0.38","","","","","0.052","0.023","0.0155","0.0025"
"07-18-2025 22:00","1752876009","0.004","0.017","0.0275","0.1445","0.395","","","","","0.048","0.022","0.0135","0.0025"
"07-18-2025 23:00","1752879609","0.004","0.018","0.0315","0.147","0.395","","","","","0.0415","0.0225","0.015","0.0025"
"07-19-2025 00:00","1752883209","0.004","0.0155","0.032","0.157","0.415","","","","","0.0435","0.0225","0.013","0.0025"
"07-19-2025 01:00","1752886807","0.004","0.0155","0.032","0.148","0.4","","","","","0.0435","0.0235","0.0135","0.0025"
"07-19-2025 02:00","1752890408","0.004","0.0195","0.0315","0.1645","0.4","","","","","0.0435","0.021","0.013","0.0025"
"07-19-2025 03:00","1752894008","0.004","0.0195","0.0335","0.1615","0.42","","","","","0.0435","0.0205","0.014","0.0025"
"07-19-2025 04:00","1752897607","0.0035","0.016","0.035","0.1665","0.425","","","","","0.0375","0.023","0.0135","0.0015"
"07-19-2025 05:00","1752901208","0.004","0.0165","0.0325","0.162","0.425","","","","","0.038","0.022","0.014","0.0015"
"07-19-2025 06:00","1752904808","0.004","0.016","0.032","0.159","0.42","","","","","0.035","0.022","0.014","0.0015"
"07-19-2025 07:00","1752908407","0.004","0.0145","0.032","0.158","0.415","","","","","0.036","0.0225","0.0135","0.0015"
"07-19-2025 08:00","1752912008","0.004","0.0155","0.0315","0.155","0.415","","","","","0.0405","0.0225","0.0135","0.0015"
"07-19-2025 09:00","1752915609","0.0035","0.016","0.0325","0.1455","0.415","","","","","0.043","0.022","0.013","0.002"
"07-19-2025 10:00","1752919208","0.003","0.015","0.0325","0.1455","0.415","","","","","0.0425","0.022","0.013","0.003"
"07-19-2025 11:00","1752922808","0.003","0.0145","0.034","0.1525","0.415","","","","","0.0425","0.0225","0.0135","0.003"
"07-19-2025 12:00","1752926408","0.003","0.018","0.0375","0.1525","0.4","","","","","0.043","0.023","0.0135","0.0025"
"07-19-2025 13:00","1752930009","0.003","0.018","0.033","0.149","0.385","","","","","0.042","0.023","0.013","0.0025"
"07-19-2025 14:00","1752933608","0.0035","0.018","0.034","0.1455","0.385","","","","","0.0395","0.023","0.013","0.0035"
"07-19-2025 15:00","1752937208","0.0035","0.0175","0.034","0.1385","0.345","","","","","0.0415","0.023","0.013","0.0035"
"07-19-2025 16:00","1752940808","0.003","0.015","0.035","0.145","0.39","","","","","0.0425","0.023","0.013","0.003"
"07-19-2025 17:00","1752944408","0.0025","0.0155","0.034","0.1355","0.37","","","","","0.0435","0.023","0.013","0.003"
"07-19-2025 18:00","1752948007","0.0025","0.0155","0.0345","0.1285","0.355","","","","","0.0425","0.023","0.0125","0.003"
"07-19-2025 19:00","1752951608","0.0025","0.016","0.0345","0.116","0.365","","","","","0.0415","0.0225","0.0115","0.003"
"07-19-2025 20:00","1752955209","0.0025","0.015","0.0345","0.1305","0.365","","","","","0.0405","0.0225","0.0115","0.0025"
"07-19-2025 21:00","1752958808","0.0025","0.0155","0.0345","0.135","0.355","","","","","0.0405","0.0225","0.0115","0.004"
"07-19-2025 22:00","1752962408","0.0025","0.015","0.0345","0.128","0.35","","","","","0.0515","0.0225","0.011","0.004"
"07-19-2025 23:00","1752966008","0.0025","0.015","0.0345","0.1295","0.365","","","","","0.0505","0.0225","0.011","0.004"
"07-20-2025 00:00","1752969608","0.0025","0.015","0.0345","0.128","0.365","","","","","0.0505","0.022","0.011","0.004"
"07-20-2025 01:00","1752973208","0.0025","0.0145","0.0345","0.136","0.36","","","","","0.0465","0.022","0.011","0.004"
"07-20-2025 02:00","1752976808","0.0025","0.0145","0.032","0.119","0.36","","","","","0.0465","0.022","0.012","0.004"
"07-20-2025 03:00","1752980409","0.0025","0.015","0.0335","0.11","0.355","","","","","0.0415","0.022","0.012","0.0035"
"07-20-2025 04:00","1752984008","0.0025","0.0155","0.0335","0.117","0.355","","","","","0.049","0.0205","0.0105","0.0035"
"07-20-2025 05:00","1752987608","0.0025","0.0155","0.038","0.1175","0.365","","","","","0.05","0.0205","0.0095","0.0035"
"07-20-2025 06:00","1752991208","0.0025","0.0155","0.038","0.1105","0.355","","","","","0.0415","0.0205","0.0095","0.0035"
"07-20-2025 07:00","1752994807","0.0025","0.016","0.0395","0.1095","0.375","","","","","0.0355","0.021","0.011","0.0035"
"07-20-2025 08:00","1752998408","0.0015","0.015","0.0395","0.116","0.36","","","","","0.034","0.022","0.009","0.0025"
"07-20-2025 09:00","1753002008","0.0025","0.0155","0.0375","0.1205","0.395","","","","","0.035","0.0185","0.0095","0.0025"
"07-20-2025 10:00","1753005607","0.0025","0.0155","0.0385","0.109","0.385","","","","","0.037","0.022","0.009","0.0025"
"07-20-2025 11:00","1753009207","0.0025","0.0145","0.037","0.115","0.37","","","","","0.0365","0.021","0.0095","0.0025"
"07-20-2025 12:00","1753012808","0.0025","0.0165","0.036","0.108","0.365","","","","","0.0355","0.021","0.009","0.0025"
"07-20-2025 13:00","1753016408","0.0025","0.015","0.0325","0.1195","0.385","","","","","0.0345","0.021","0.0095","0.0025"
"07-20-2025 14:00","1753020007","0.0025","0.015","0.035","0.123","0.395","","","","","0.035","0.019","0.0095","0.003"
"07-20-2025 15:00","1753023608","0.0025","0.0155","0.037","0.138","0.425","","","","","0.032","0.018","0.0095","0.0025"
"07-20-2025 16:00","1753027207","0.0025","0.015","0.034","0.144","0.425","","","","","0.029","0.0185","0.0085","0.0025"
"07-20-2025 17:00","1753030807","0.0025","0.0155","0.0395","0.133","0.42","","","","","0.0285","0.0185","0.0085","0.0025"
"07-20-2025 18:00","1753034408","0.0025","0.0165","0.039","0.128","0.375","","","","","0.0315","0.018","0.0085","0.0025"
"07-20-2025 19:00","1753038008","0.0025","0.0165","0.0355","0.149","0.395","","","","","0.0315","0.018","0.0085","0.0025"
"07-20-2025 20:00","1753041607","0.0025","0.0155","0.034","0.139","0.395","","","","","0.0325","0.0175","0.0085","0.003"
"07-20-2025 21:00","1753045207","0.0025","0.0155","0.033","0.1265","0.385","","","","","0.032","0.0175","0.0085","0.003"
"07-20-2025 22:00","1753048807","0.0025","0.0155","0.0325","0.1175","0.365","","","","","0.0305","0.0175","0.0085","0.0025"
"07-20-2025 23:00","1753052407","0.0025","0.0155","0.0365","0.1195","0.365","","","","","0.036","0.0195","0.0095","0.003"
"07-21-2025 00:00","1753056007","0.0025","0.0155","0.031","0.1105","0.34","","","","","0.0345","0.018","0.0095","0.003"
"07-21-2025 01:00","1753059607","0.002","0.0155","0.0345","0.1125","0.35","","","","","0.036","0.018","0.0085","0.003"
"07-21-2025 02:00","1753063208","0.0015","0.0155","0.0345","0.1015","0.33","","","","","0.038","0.017","0.0095","0.0035"
"07-21-2025 03:00","1753066807","0.002","0.0155","0.0375","0.1155","0.385","","","","","0.0325","0.017","0.0085","0.003"
"07-21-2025 04:00","1753070408","0.0015","0.014","0.0375","0.1275","0.4","","","","","0.036","0.016","0.009","0.0035"
"07-21-2025 05:00","1753074007","0.0025","0.014","0.0375","0.1275","0.405","","","","","0.0365","0.014","0.009","0.0035"
"07-21-2025 06:00","1753077608","0.0015","0.0135","0.0375","0.122","0.395","","","","","0.0365","0.0145","0.009","0.003"
"07-21-2025 07:00","1753081207","0.0015","0.0145","0.0375","0.1495","0.45","","","","","0.0315","0.0135","0.009","0.0025"
"07-21-2025 08:00","1753084807","0.0015","0.0145","0.0375","0.157","0.485","","","","","0.0305","0.014","0.0095","0.0025"
"07-21-2025 09:00","1753088408","0.0015","0.015","0.0335","0.148","0.455","","","","","0.0285","0.0135","0.0105","0.005"
"07-21-2025 10:00","1753092007","0.0015","0.0145","0.0355","0.1355","0.435","","","","","0.0285","0.015","0.011","0.005"
"07-21-2025 11:00","1753095608","0.0015","0.0155","0.031","0.129","0.425","","","","","0.0275","0.015","0.011","0.005"
"07-21-2025 12:00","1753099207","0.0015","0.015","0.0335","0.1255","0.405","","","","","0.0285","0.014","0.0115","0.0045"
"07-21-2025 13:00","1753102809","0.0015","0.0145","0.0325","0.1195","0.385","","","","","0.0285","0.014","0.011","0.0045"
"07-21-2025 14:00","1753106408","0.0015","0.015","0.0295","0.13","0.435","","","","","0.026","0.0135","0.011","0.004"
"07-21-2025 15:00","1753110007","0.0015","0.0145","0.0355","0.1435","0.445","","","","","0.0235","0.0125","0.0105","0.0035"
"07-21-2025 16:00","1753113608","0.0015","0.0145","0.0325","0.1115","0.395","","","","","0.0285","0.013","0.012","0.0025"
"07-21-2025 17:00","1753117208","0.0015","0.014","0.029","0.1015","0.33","","","","","0.034","0.015","0.011","0.005"
"07-21-2025 18:00","1753120808","0.0015","0.013","0.029","0.097","0.325","","","","","0.034","0.015","0.011","0.0035"
"07-21-2025 19:00","1753124408","0.0015","0.0125","0.026","0.0995","0.305","","","","","0.032","0.015","0.0115","0.004"
"07-21-2025 20:00","1753128008","0.0015","0.0125","0.0285","0.0925","0.275","","","","","0.0365","0.018","0.0115","0.0025"
"07-21-2025 21:00","1753131608","0.0015","0.0125","0.023","0.0875","0.295","","","","","0.0365","0.0185","0.0115","0.0025"
"07-21-2025 22:00","1753135209","0.0015","0.013","0.024","0.092","0.305","","","","","0.0355","0.017","0.011","0.0025"
"07-21-2025 23:00","1753138808","0.0015","0.013","0.0245","0.0975","0.31","","","","","0.035","0.018","0.011","0.0025"
"07-22-2025 00:00","1753142409","0.0015","0.0115","0.0285","0.0925","0.29","","","","","0.0345","0.0185","0.011","0.0025"
"07-22-2025 01:00","1753146009","0.0015","0.011","0.0265","0.0915","0.275","","","","","0.0345","0.018","0.011","0.0025"
"07-22-2025 02:00","1753149609","0.0015","0.011","0.026","0.1005","0.32","","","","","0.0335","0.018","0.011","0.0025"
"07-22-2025 03:00","1753153208","0.0015","0.0095","0.0255","0.0855","0.29","","","","","0.0345","0.0185","0.011","0.0025"
"07-22-2025 04:00","1753156809","0.0015","0.0115","0.0295","0.081","0.285","","","","","0.033","0.0185","0.0105","0.0025"
"07-22-2025 05:00","1753160408","0.0015","0.01","0.028","0.0705","0.275","","","","","0.0335","0.0195","0.0115","0.0025"
"07-22-2025 06:00","1753164008","0.0025","0.0105","0.028","0.0815","0.295","","","","","0.0345","0.019","0.011","0.0025"
"07-22-2025 07:00","1753167609","0.002","0.0105","0.03","0.089","0.305","","","","","0.032","0.018","0.0095","0.0025"
"07-22-2025 08:00","1753171208","0.0015","0.012","0.033","0.0995","0.325","","","","","0.028","0.0165","0.008","0.0025"
"07-22-2025 09:00","1753174808","0.0015","0.012","0.0295","0.105","0.345","","","","","0.026","0.0165","0.0075","0.0025"
"07-22-2025 10:00","1753178408","0.0025","0.013","0.0335","0.1075","0.355","","","","","0.027","0.0165","0.0075","0.0025"
"07-22-2025 11:00","1753182009","0.0025","0.0145","0.035","0.1165","0.375","","","","","0.0245","0.0165","0.0075","0.003"
"07-22-2025 12:00","1753185609","0.0025","0.0145","0.0385","0.136","0.395","","","","","0.0225","0.0165","0.0075","0.0035"
"07-22-2025 13:00","1753189210","0.0025","0.0145","0.032","0.1215","0.395","","","","","0.0175","0.0135","0.0075","0.0025"
"07-22-2025 14:00","1753192810","0.0025","0.014","0.0285","0.0945","0.315","","","","","0.0175","0.012","0.0075","0.0025"
"07-22-2025 15:00","1753196408","0.0025","0.0145","0.029","0.1145","0.37","","","","","0.0195","0.011","0.0075","0.0025"
"07-22-2025 16:00","1753200008","0.0015","0.0135","0.0235","0.1015","0.335","","","","","0.019","0.012","0.0075","0.0025"
"07-22-2025 17:00","1753203610","0.0015","0.007","0.013","0.1095","0.34","","","","","0.0205","0.0125","0.0075","0.0025"
"07-22-2025 18:00","1753207209","0.0015","0.014","0.0225","0.1205","0.365","","","","","0.021","0.0125","0.009","0.0025"
"07-22-2025 19:00","1753210809","0.0015","0.0115","0.024","0.1445","0.415","","","","","0.014","0.012","0.009","0.0025"
"07-22-2025 20:00","1753214409","0.0015","0.011","0.0255","0.1305","0.395","","","","","0.017","0.012","0.009","0.0025"
"07-22-2025 21:00","1753218009","0.0015","0.011","0.0265","0.132","0.42","","","","","0.0155","0.0125","0.009","0.0025"
"07-22-2025 22:00","1753221609","0.0015","0.009","0.026","0.1335","0.4","","","","","0.015","0.012","0.01","0.0025"
"07-22-2025 23:00","1753225209","0.0015","0.01","0.03","0.1465","0.43","","","","","0.015","0.011","0.01","0.0025"
"07-23-2025 00:00","1753228809","0.0015","0.01","0.0305","0.151","0.445","","","","","0.015","0.011","0.0105","0.0025"
"07-23-2025 01:00","1753232409","0.0015","0.01","0.0285","0.144","0.42","","","","","0.0145","0.0105","0.0085","0.0025"
"07-23-2025 02:00","1753236009","0.0015","0.01","0.0265","0.1225","0.41","","","","","0.013","0.0085","0.0085","0.0025"
"07-23-2025 03:00","1753239608","0.0015","0.0095","0.0245","0.116","0.365","","","","","0.013","0.008","0.0085","0.0025"
"07-23-2025 04:00","1753243209","0.0015","0.0085","0.0225","0.1095","0.33","","","","","0.015","0.008","0.011","0.0025"
"07-23-2025 05:00","1753246803","0.0015","0.009","0.0225","0.1065","0.35","","","","","0.015","0.0085","0.011","0.0025"
"07-23-2025 05:00","1753246824","0.0015","0.009","0.0225","0.1065","0.345","","","","","0.015","0.0085","0.011","0.0025"
"07-23-2025 06:00","1753250408","0.0015","0.01","0.02","0.1015","0.325","","","","","0.0155","0.0085","0.009","0.0025"
"07-23-2025 07:00","1753254008","0.0015","0.01","0.018","0.0855","0.31","","","","","0.015","0.009","0.0095","0.0025"
"07-23-2025 08:00","1753257609","0.0015","0.0105","0.0165","0.0785","0.305","","","","","0.0165","0.0115","0.008","0.0025"
"07-23-2025 09:00","1753261209","0.0015","0.01","0.015","0.0805","0.3","","","","","0.016","0.011","0.008","0.0025"
"07-23-2025 10:00","1753264809","0.0015","0.0115","0.0145","0.075","0.275","","","","","0.017","0.011","0.0085","0.0025"
"07-23-2025 11:00","1753268408","0.0015","0.0115","0.0165","0.063","0.285","","","","","0.0175","0.0115","0.008","0.0025"
"07-23-2025 12:00","1753272009","0.0005","0.009","0.0155","0.0695","0.3","","","","","0.019","0.0115","0.008","0.0025"
"07-23-2025 13:00","1753275608","0.0005","0.0105","0.0165","0.066","0.27","","","","","0.0225","0.014","0.0085","0.0025"
"07-23-2025 14:00","1753279209","0.0005","0.0125","0.0165","0.054","0.235","","","","","0.0285","0.015","0.0085","0.0025"
"07-23-2025 15:00","1753282809","0.0005","0.0095","0.0135","0.055","0.26","","","","","0.0235","0.0155","0.0085","0.0025"
"07-23-2025 16:00","1753286410","0.0005","0.009","0.0205","0.064","0.315","","","","","0.0235","0.0155","0.008","0.0025"
"07-23-2025 17:00","1753290009","0.0005","0.0095","0.0155","0.0635","0.25","","","","","0.0235","0.015","0.008","0.0015"
"07-23-2025 18:00","1753293609","0.0005","0.0085","0.013","0.0625","0.265","","","","","0.021","0.0135","0.0075","0.0015"
"07-23-2025 19:00","1753297208","0.0005","0.009","0.0125","0.068","0.285","","","","","0.023","0.0135","0.007","0.0015"
"07-23-2025 20:00","1753300809","0.0005","0.009","0.0135","0.0675","0.29","","","","","0.0225","0.0135","0.007","0.0015"
"07-23-2025 21:00","1753304409","0.0005","0.009","0.0135","0.064","0.255","","","","","0.0265","0.0145","0.007","0.0015"
"07-23-2025 22:00","1753308009","0.0005","0.0075","0.013","0.0675","0.27","","","","","0.025","0.014","0.007","0.0015"
"07-23-2025 23:00","1753311609","0.0015","0.006","0.012","0.0685","0.295","","","","","0.0215","0.0125","0.007","0.0015"
"07-24-2025 00:00","1753315209","0.0015","0.006","0.013","0.066","0.305","","","","","0.0205","0.012","0.007","0.0015"
"07-24-2025 01:00","1753318808","0.0015","0.006","0.013","0.078","0.32","","","","","0.0195","0.012","0.0065","0.0015"
"07-24-2025 02:00","1753322409","0.0015","0.006","0.0145","0.078","0.33","","","","","0.019","0.011","0.0065","0.0015"
"07-24-2025 03:00","1753326009","0.0005","0.006","0.015","0.0855","0.32","","","","","0.018","0.0105","0.006","0.0015"
"07-24-2025 04:00","1753329609","0.0005","0.006","0.015","0.083","0.3","","","","","0.02","0.0095","0.0055","0.0015"
"07-24-2025 05:00","1753333209","0.0005","0.006","0.0145","0.054","0.255","","","","","0.0245","0.0125","0.0055","0.0015"
"07-24-2025 06:00","1753336809","0.0005","0.006","0.015","0.043","0.225","","","","","0.0245","0.014","0.007","0.0015"
"07-24-2025 07:00","1753340409","0.0005","0.005","0.015","0.041","0.215","","","","","0.0265","0.0155","0.007","0.0015"
"07-24-2025 08:00","1753344009","0.0005","0.0055","0.015","0.0555","0.275","","","","","0.024","0.015","0.007","0.0015"
"07-24-2025 09:00","1753347610","0.0005","0.0055","0.014","0.061","0.28","","","","","0.02","0.0135","0.008","0.0015"
"07-24-2025 10:00","1753351210","0.0005","0.0065","0.014","0.0555","0.26","","","","","0.019","0.0135","0.008","0.0015"
"07-24-2025 11:00","1753354810","0.0005","0.0055","0.0165","0.051","0.245","","","","0.5","0.017","0.0125","0.008","0.0015"
"07-24-2025 12:00","1753358409","0.0005","0.0075","0.014","0.055","0.255","","","","0.085","0.017","0.012","0.0085","0.0015"
"07-24-2025 13:00","1753362008","0.0005","0.006","0.0145","0.0605","0.245","","","","0.07","0.018","0.0115","0.008","0.0015"
"07-24-2025 14:00","1753365608","0.0005","0.006","0.014","0.0505","0.235","","","","0.05","0.0185","0.0115","0.0075","0.0015"
"07-24-2025 15:00","1753369209","0.0005","0.006","0.014","0.0635","0.285","","","","0.09","0.0205","0.0115","0.007","0.0015"
"07-24-2025 16:00","1753372809","0.0005","0.0085","0.014","0.0635","0.295","","","","0.045","0.0175","0.012","0.0065","0.0005"
"07-24-2025 17:00","1753376409","0.0005","0.011","0.0185","0.061","0.265","","","","0.065","0.0185","0.012","0.0065","0.0005"
"07-24-2025 18:00","1753380010","0.0005","0.011","0.019","0.062","0.3","","","","0.05","0.0185","0.011","0.006","0.0005"
"07-24-2025 19:00","1753383609","0.0005","0.011","0.019","0.0615","0.285","","","","0.05","0.019","0.011","0.0055","0.0005"
"07-24-2025 20:00","1753387209","0.0005","0.011","0.019","0.067","0.28","","","","0.05","0.019","0.0105","0.0055","0.0005"
"07-24-2025 21:00","1753390808","0.0005","0.011","0.0185","0.0615","0.255","","","","0.05","0.02","0.0105","0.005","0.0005"
"07-24-2025 22:00","1753394409","0.0005","0.01","0.015","0.05","0.255","","","","0.045","0.019","0.0105","0.0045","0.0005"
"07-24-2025 23:00","1753398009","0.0005","0.01","0.0145","0.0475","0.235","","","","0.05","0.019","0.01","0.0045","0.0005"
"07-25-2025 00:00","1753401609","0.0005","0.0105","0.0145","0.0505","0.235","","","","0.05","0.0195","0.0105","0.0045","0.0005"
"07-25-2025 01:00","1753405209","0.0005","0.008","0.0145","0.0435","0.215","","","","0.065","0.0215","0.01","0.004","0.0005"
"07-25-2025 02:00","1753408809","0.0005","0.007","0.0145","0.0455","0.19","","","","0.065","0.0215","0.01","0.0045","0.0005"
"07-25-2025 03:00","1753412409","0.001","0.0075","0.0135","0.0355","0.16","","","","0.075","0.023","0.0105","0.0045","0.0005"
"07-25-2025 04:00","1753416009","0.0015","0.008","0.011","0.0245","0.135","","","","0.115","0.036","0.013","0.005","0.0005"
"07-25-2025 05:00","1753419609","0.0015","0.0075","0.0095","0.0355","0.15","","","","0.1","0.0345","0.0135","0.0055","0.0005"
"07-25-2025 06:00","1753423209","0.0015","0.0065","0.0085","0.031","0.145","","","","0.095","0.036","0.013","0.0055","0.0005"
"07-25-2025 07:00","1753426808","0.0015","0.007","0.0085","0.028","0.13","","","","0.085","0.036","0.013","0.0055","0.0005"
"07-25-2025 08:00","1753430408","0.001","0.0065","0.009","0.0305","0.115","","","","0.1","0.0405","0.015","0.0045","0.0005"
"07-25-2025 09:00","1753434009","0.0015","0.0065","0.0085","0.028","0.11","","","","0.095","0.036","0.0145","0.003","0.0005"
"07-25-2025 10:00","1753437608","0.001","0.0065","0.0085","0.022","0.14","","","","0.07","0.028","0.0145","0.003","0.0015"
"07-25-2025 11:00","1753441209","0.001","0.007","0.0085","0.0305","0.14","","","","0.07","0.025","0.0145","0.0035","0.0015"
"07-25-2025 12:00","1753444809","0.001","0.0075","0.008","0.036","0.14","","","","0.065","0.024","0.0145","0.0035","0.0015"
"07-25-2025 13:00","1753448409","0.001","0.008","0.0105","0.0365","0.135","","","","0.07","0.0245","0.0145","0.003","0.0015"
"07-25-2025 14:00","1753452010","0.001","0.0075","0.009","0.026","0.135","","","","0.055","0.025","0.014","0.0055","0.0015"
"07-25-2025 15:00","1753455609","0.0005","0.0075","0.0095","0.0275","0.11","","","","0.055","0.0285","0.015","0.006","0.0015"
"07-25-2025 16:00","1753459210","0.0005","0.007","0.011","0.0325","0.125","","","","0.055","0.028","0.0115","0.0055","0.0015"
"07-25-2025 17:00","1753462809","0.001","0.007","0.011","0.0385","0.15","","","","0.055","0.031","0.009","0.0055","0.0015"
"07-25-2025 18:00","1753466410","0.001","0.0075","0.0105","0.0385","0.14","","","","0.06","0.0305","0.0085","0.0055","0.0015"
"07-25-2025 19:00","1753470009","0.001","0.0065","0.009","0.0395","0.14","","","","0.065","0.03","0.009","0.006","0.0015"
"07-25-2025 20:00","1753473610","0.0015","0.0065","0.009","0.037","0.155","","","","0.05","0.0295","0.0085","0.006","0.0015"
"07-25-2025 21:00","1753477210","0.0015","0.0065","0.009","0.0395","0.175","","","","0.05","0.0255","0.009","0.006","0.0015"
"07-25-2025 22:00","1753480810","0.0015","0.008","0.009","0.0465","0.19","","","","0.045","0.0215","0.0095","0.0055","0.0005"
"07-25-2025 23:00","1753484409","0.0015","0.0055","0.009","0.045","0.205","","","","0.0355","0.0215","0.0095","0.005","0.0005"
"07-26-2025 00:00","1753488009","0.0015","0.0065","0.009","0.052","0.22","","","","0.036","0.0205","0.0105","0.0055","0.0005"
"07-26-2025 01:00","1753491610","0.0005","0.0075","0.009","0.0495","0.205","","","","0.0345","0.019","0.01","0.0055","0.0005"
"07-26-2025 02:00","1753495210","0.0005","0.008","0.0085","0.049","0.19","","","","0.037","0.0215","0.0115","0.0055","0.0005"
"07-26-2025 03:00","1753498810","0.0005","0.0065","0.0085","0.0455","0.19","","","","0.034","0.0225","0.011","0.004","0.0005"
"07-26-2025 04:00","1753502409","0.0005","0.007","0.007","0.0455","0.18","","","","0.034","0.019","0.009","0.004","0.0005"
"07-26-2025 05:00","1753506009","0.0005","0.007","0.0075","0.0455","0.18","","","","0.034","0.019","0.0085","0.004","0.0005"
"07-26-2025 06:00","1753509608","0.0015","0.0065","0.0075","0.0355","0.17","","","","0.036","0.0205","0.008","0.004","0.0005"
"07-26-2025 07:00","1753513209","0.0015","0.007","0.007","0.0355","0.165","","","","0.04","0.015","0.008","0.0035","0.0005"
"07-26-2025 08:00","1753516809","0.001","0.006","0.006","0.035","0.165","","","","0.0355","0.017","0.008","0.0035","0.0005"
"07-26-2025 09:00","1753520409","0.001","0.0065","0.008","0.0295","0.165","","","","0.0335","0.0165","0.0095","0.0035","0.0005"
"07-26-2025 10:00","1753524009","0.0015","0.006","0.008","0.033","0.16","","","","0.029","0.0165","0.0085","0.0035","0.0015"
"07-26-2025 11:00","1753527609","0.0015","0.006","0.008","0.034","0.185","","","","0.0285","0.0145","0.009","0.0035","0.001"
"07-26-2025 12:00","1753531210","0.0005","0.0065","0.009","0.037","0.185","","","","0.028","0.014","0.0095","0.0035","0.001"
"07-26-2025 13:00","1753534810","0.0005","0.0065","0.0085","0.041","0.19","","","","0.0285","0.0125","0.009","0.0035","0.0015"
"07-26-2025 14:00","1753538410","0.0005","0.007","0.0075","0.04","0.21","","","","0.028","0.014","0.009","0.0035","0.0015"
"07-26-2025 15:00","1753542009","0.0005","0.0045","0.007","0.0395","0.185","","","","0.0275","0.014","0.0085","0.004","0.001"
"07-26-2025 16:00","1753545609","0.0005","0.005","0.007","0.034","0.185","","","","0.0275","0.0135","0.0085","0.004","0.001"
"07-26-2025 17:00","1753549209","0.0005","0.0045","0.0065","0.0325","0.19","","","","0.0265","0.013","0.0085","0.0035","0.0015"
"07-26-2025 18:00","1753552809","0.0005","0.0045","0.0065","0.025","0.19","","","","0.023","0.013","0.009","0.0035","0.0015"
"07-26-2025 19:00","1753556409","0.0005","0.0045","0.0065","0.0235","0.17","","","","0.0205","0.0125","0.009","0.0035","0.0015"
"07-26-2025 20:00","1753560009","0.0005","0.0055","0.0065","0.0265","0.175","","","","0.0295","0.013","0.009","0.0035","0.001"
"07-26-2025 21:00","1753563608","0.0005","0.0055","0.0075","0.0245","0.16","","","","0.0295","0.013","0.009","0.0035","0.001"
"07-26-2025 22:00","1753567210","0.0005","0.006","0.008","0.028","0.16","","","","0.0295","0.012","0.009","0.0035","0.001"
"07-26-2025 23:00","1753570809","0.001","0.0095","0.008","0.02","0.17","","","","0.0295","0.0125","0.009","0.004","0.001"
"07-27-2025 00:00","1753574410","0.001","0.009","0.008","0.0175","0.155","","","","0.02","0.0125","0.012","0.004","0.001"
"07-27-2025 01:00","1753578009","0.001","0.0095","0.008","0.0155","0.155","","","","0.02","0.0115","0.0095","0.004","0.001"
"07-27-2025 02:00","1753581609","0.001","0.008","0.008","0.025","0.165","","","","0.019","0.0105","0.009","0.004","0.001"
"07-27-2025 03:00","1753585209","0.001","0.0085","0.008","0.024","0.175","","","","0.0215","0.0105","0.008","0.0035","0.001"
"07-27-2025 04:00","1753588808","0.0015","0.0095","0.008","0.023","0.18","","","","0.0195","0.0105","0.008","0.004","0.001"
"07-27-2025 05:00","1753592407","0.0015","0.0085","0.008","0.028","0.18","","","","0.02","0.0115","0.0075","0.004","0.001"
"07-27-2025 06:00","1753596009","0.0015","0.01","0.008","0.03","0.18","","","","0.018","0.0115","0.007","0.004","0.0015"
"07-27-2025 07:00","1753599609","0.0015","0.007","0.0075","0.028","0.195","","","","0.018","0.0115","0.0065","0.003","0.0015"
"07-27-2025 08:00","1753603209","0.0015","0.0095","0.0075","0.029","0.17","","","","0.0185","0.0115","0.0065","0.003","0.0015"
"07-27-2025 09:00","1753606808","0.0015","0.006","0.0085","0.025","0.16","","","","0.0185","0.012","0.007","0.003","0.0015"
"07-27-2025 10:00","1753610408","0.0005","0.0055","0.0075","0.021","0.165","","","","0.0185","0.0115","0.0065","0.0025","0.0015"
"07-27-2025 11:00","1753614008","0.0005","0.0085","0.0075","0.021","0.165","","","","0.011","0.011","0.0065","0.0025","0.0015"
"07-27-2025 12:00","1753617609","0.0015","0.0085","0.0105","0.0275","0.16","","","","0.0165","0.006","0.006","0.003","0.001"
"07-27-2025 13:00","1753621208","0.0015","0.0075","0.0105","0.025","0.15","","","","0.017","0.006","0.007","0.003","0.0015"
"07-27-2025 14:00","1753624809","0.0015","0.0095","0.01","0.026","0.155","","","","0.017","0.0065","0.006","0.0035","0.0015"
"07-27-2025 15:00","1753628409","0.0015","0.007","0.01","0.0255","0.165","","","","0.017","0.0065","0.0045","0.0035","0.0015"
"07-27-2025 16:00","1753632009","0.0015","0.008","0.015","0.0245","0.165","","","","0.017","0.0075","0.0045","0.0025","0.0015"
"07-27-2025 17:00","1753635608","0.0015","0.0075","0.013","0.0355","0.235","","","","0.014","0.0065","0.0045","0.0015","0.0015"
"07-27-2025 18:00","1753639208","0.0015","0.007","0.0165","0.033","0.24","","","","0.017","0.007","0.0045","0.0015","0.0015"
"07-27-2025 19:00","1753642808","0.0015","0.005","0.014","0.038","0.215","","","","0.014","0.007","0.006","0.003","0.0015"
"07-27-2025 20:00","1753646408","0.0015","0.005","0.013","0.036","0.2","","","","0.0155","0.0185","0.008","0.003","0.0015"
"07-27-2025 21:00","1753650008","0.0015","0.005","0.013","0.031","0.17","","","","0.0165","0.0095","0.0075","0.0025","0.0015"
"07-27-2025 22:00","1753653608","0.0015","0.005","0.014","0.0365","0.205","","","","0.015","0.0085","0.0055","0.0025","0.0015"
"07-27-2025 23:00","1753657208","0.0015","0.0075","0.0155","0.0425","0.23","","","","0.0145","0.007","0.006","0.0025","0.0015"
"07-28-2025 00:00","1753660809","0.0015","0.007","0.0135","0.0335","0.22","","","","0.0155","0.007","0.007","0.0025","0.0015"
"07-28-2025 01:00","1753664408","0.0015","0.008","0.0125","0.037","0.22","","","","0.014","0.0065","0.0095","0.0025","0.0015"
"07-28-2025 02:00","1753668008","0.001","0.0075","0.012","0.0345","0.19","","","","0.0135","0.0065","0.011","0.0025","0.0015"
"07-28-2025 03:00","1753671607","0.0015","0.007","0.012","0.0385","0.22","","","","0.01","0.0065","0.0105","0.0025","0.0015"
"07-28-2025 04:00","1753675208","0.001","0.0065","0.0115","0.038","0.205","","","","0.0145","0.009","0.005","0.0025","0.0015"
"07-28-2025 05:00","1753678808","0.0005","0.006","0.0115","0.0305","0.195","","","","0.0125","0.007","0.003","0.0015","0.0015"
"07-28-2025 06:00","1753682407","0.001","0.0055","0.0105","0.0245","0.215","","","","0.0095","0.006","0.0025","0.0015","0.0015"
"07-28-2025 07:00","1753686007","0.001","0.0055","0.011","0.0285","0.205","","","","0.0055","0.0035","0.0025","0.0015","0.0015"
"07-28-2025 08:00","1753689608","0.001","0.0055","0.011","0.0255","0.165","","","","0.01","0.008","0.0055","0.0015","0.0015"
"07-28-2025 09:00","1753693208","0.001","0.0055","0.0105","0.023","0.165","","","","0.0095","0.006","0.0075","0.0015","0.0015"
"07-28-2025 10:00","1753696808","0.0015","0.0045","0.01","0.0125","0.15","","","","0.008","0.0065","0.007","0.0015","0.0015"
"07-28-2025 11:00","1753700408","0.0015","0.005","0.0085","0.012","0.15","","","","0.01","0.0065","0.0065","0.0015","0.0015"
"07-28-2025 12:00","1753704009","0.0005","0.0035","0.007","0.0125","0.135","","","","0.01","0.0065","0.0045","0.0015","0.001"
"07-28-2025 13:00","1753707609","0.0005","0.0045","0.0105","0.0145","0.145","","","","0.009","0.011","0.0045","0.0015","0.001"
"07-28-2025 14:00","1753711208","0.0005","0.0045","0.0075","0.0225","0.12","","","","0.0115","0.0075","0.0035","0.0015","0.001"
"07-28-2025 15:00","1753714808","0.0005","0.0045","0.0075","0.019","0.1","","","","0.0165","0.0075","0.003","0.0015","0.001"
"07-28-2025 16:00","1753718408","0.0005","0.004","0.0075","0.019","0.11","","","","0.0135","0.0075","0.003","0.0015","0.001"
"07-28-2025 17:00","1753722008","0.0005","0.004","0.006","0.02","0.105","","","","0.013","0.0075","0.003","0.0015","0.001"
"07-28-2025 18:00","1753725608","0.0005","0.0025","0.006","0.022","0.085","","","","0.0135","0.0085","0.0035","0.0015","0.001"
"07-28-2025 19:00","1753729209","0.0005","0.0035","0.006","0.0175","0.085","","","","0.0175","0.0085","0.0035","0.0015","0.0005"
"07-28-2025 20:00","1753732810","0.0005","0.0025","0.0055","0.018","0.085","","","","0.017","0.009","0.0035","0.0015","0.0005"
"07-28-2025 21:00","1753736409","0.0005","0.003","0.0055","0.0205","0.08","","","","0.0165","0.0085","0.0035","0.0015","0.0005"
"07-28-2025 22:00","1753740009","0.0005","0.003","0.0065","0.017","0.095","","","","0.016","0.0085","0.0035","0.0015","0.0005"
"07-28-2025 23:00","1753743610","0.0005","0.003","0.007","0.0145","0.085","","","","0.016","0.0085","0.0035","0.0015","0.0005"
"07-29-2025 00:00","1753747210","0.0005","0.003","0.0055","0.0135","0.085","","","","0.0165","0.01","0.0035","0.0015","0.0005"
"07-29-2025 01:00","1753750808","0.0005","0.003","0.009","0.0145","0.085","","","","0.016","0.0105","0.0035","0.0015","0.0005"
"07-29-2025 02:00","1753754408","0.0005","0.003","0.009","0.0145","0.085","","","","0.016","0.0105","0.0035","0.0015","0.0005"
"07-29-2025 03:00","1753758009","0.0005","0.0035","0.009","0.016","0.085","","","","0.016","0.01","0.0035","0.0015","0.0005"
"07-29-2025 04:00","1753761610","0.0005","0.0035","0.008","0.015","0.105","","","","0.016","0.0085","0.0035","0.0005","0.0005"
"07-29-2025 05:00","1753765209","0.0005","0.0035","0.0075","0.0155","0.105","","","","0.016","0.008","0.0025","0.0005","0.0005"
"07-29-2025 06:00","1753768810","0.0005","0.0025","0.006","0.016","0.115","","","","0.017","0.008","0.0025","0.001","0.0005"
"07-29-2025 07:00","1753772409","0.0005","0.003","0.0045","0.0165","0.11","","","","0.015","0.0075","0.003","0.001","0.0005"
"07-29-2025 08:00","1753776008","0.0005","0.0015","0.0075","0.0145","0.11","","","","0.012","0.0075","0.0015","0.001","0.0005"
"07-29-2025 09:00","1753779609","0.0005","0.0025","0.005","0.0155","0.115","","","","0.0155","0.0075","0.0025","0.0015","0.0005"
"07-29-2025 10:00","1753783210","0.0005","0.0025","0.004","0.016","0.105","","","","0.015","0.008","0.0015","0.0015","0.0005"
"07-29-2025 11:00","1753786808","0.0005","0.0025","0.004","0.0155","0.095","","","","0.0155","0.008","0.0025","0.0015","0.0005"
"07-29-2025 12:00","1753790408","0.0005","0.002","0.004","0.018","0.085","","","","0.0155","0.0085","0.0025","0.0015","0.0005"
"07-29-2025 13:00","1753794010","0.0005","0.0015","0.0045","0.0195","0.1","","","","0.0155","0.009","0.0025","0.0015","0.0005"
"07-29-2025 14:00","1753797609","0.0005","0.0025","0.0055","0.0185","0.095","","","","0.0145","0.009","0.0025","0.002","0.0005"
"07-29-2025 15:00","1753801209","0.0005","0.002","0.0055","0.0125","0.075","","","","0.008","0.0065","0.0035","0.001","0.0005"
"07-29-2025 16:00","1753804808","0.0005","0.002","0.0055","0.009","0.035","","","","0.0145","0.0115","0.0035","0.001","0.0005"
"07-29-2025 17:00","1753808409","0.0005","0.004","0.0045","0.013","0.0445","","","","0.0115","0.01","0.0035","0.001","0.0005"
"07-29-2025 18:00","1753812010","0.0005","0.003","0.0045","0.012","0.057","","","","0.01","0.009","0.0035","0.001","0.0005"
"07-29-2025 19:00","1753815609","0.0005","0.003","0.0045","0.0105","0.0475","","","","0.0095","0.009","0.0035","0.001","0.0005"
"07-29-2025 20:00","1753819210","0.0005","0.003","0.0045","0.0105","0.0375","","","","0.0115","0.009","0.0035","0.001","0.0005"
"07-29-2025 21:00","1753822809","0.0005","0.003","0.004","0.011","0.028","","","","0.012","0.009","0.0025","0.0015","0.0005"
"07-29-2025 22:00","1753826408","0.0005","0.0025","0.0045","0.014","0.0325","","","","0.012","0.0085","0.0025","0.0015","0.0005"
"07-29-2025 23:00","1753830010","0.0005","0.0025","0.005","0.0125","0.0515","","","","0.012","0.007","0.0025","0.0015","0.0005"
"07-30-2025 00:00","1753833610","0.0005","0.0025","0.0055","0.0115","0.051","","","","0.011","0.007","0.0025","0.0015","0.0005"
"07-30-2025 01:00","1753837209","0.0005","0.0015","0.0035","0.0065","0.0365","","","","0.007","0.007","0.0025","0.0015","0.0005"
"07-30-2025 02:00","1753840809","0.0005","0.0015","0.0035","0.0085","0.0335","","","","0.007","0.007","0.0025","0.0015","0.0005"
"07-30-2025 03:00","1753844410","0.0005","0.0025","0.0025","0.0075","0.0255","","","","0.0085","0.0065","0.0025","0.0015","0.0005"
"07-30-2025 04:00","1753848010","0.0005","0.0025","0.0025","0.0075","0.033","","","","0.0085","0.0065","0.0025","0.0015","0.0005"
"07-30-2025 05:00","1753851610","0.0005","0.0025","0.0025","0.008","0.03","","","","0.0085","0.006","0.0025","0.0015","0.0005"
"07-30-2025 06:00","1753855208","0.0005","0.0015","0.0025","0.0075","0.025","","","","0.0075","0.0055","0.002","0.0015","0.0005"
"07-30-2025 07:00","1753858808","0.0005","0.0015","0.0025","0.008","0.031","","","","0.0075","0.0055","0.0015","0.0015","0.0005"
"07-30-2025 08:00","1753862409","0.0005","0.0015","0.0025","0.0085","0.0285","","","","0.007","0.0025","0.0015","0.001","0.0005"
"07-30-2025 09:00","1753866010","0.0005","0.002","0.0025","0.0085","0.029","","","","0.0055","0.003","0.0015","0.001","0.0005"
"07-30-2025 10:00","1753869609","0.0005","0.002","0.0025","0.008","0.0305","","","","0.007","0.0025","0.0015","0.001","0.0005"
"07-30-2025 11:00","1753873210","0.0005","0.002","0.002","0.0075","0.0285","","","","0.007","0.003","0.002","0.001","0.0005"
"07-30-2025 12:00","1753876809","0.0005","0.002","0.002","0.0075","0.028","","","","0.008","0.003","0.002","0.001","0.0005"
"07-30-2025 13:00","1753880408","0.0005","0.002","0.002","0.0075","0.0285","","","","0.008","0.003","0.002","0.001","0.0005"
"07-30-2025 14:00","1753884010","0.0005","0.002","0.002","0.0065","0.028","","","","0.008","0.003","0.002","0.001","0.0005"
"07-30-2025 15:00","1753887609","0.0005","0.0025","0.0025","0.0045","0.0365","","","","0.007","0.003","0.0015","0.001","0.0005"
"07-30-2025 16:00","1753891210","0.0005","0.0025","0.002","0.005","0.025","","","","0.006","0.003","0.0015","0.001","0.0005"
"07-30-2025 17:00","1753894809","0.0005","0.0025","0.003","0.0055","0.017","","","","0.006","0.0045","0.0015","0.001","0.0005"
"07-30-2025 18:00","1753898409","0.0005","0.0025","0.003","0.0055","0.027","","","","0.005","0.0075","0.0015","0.001","0.0005"
"07-30-2025 19:00","1753902009","0.0005","0.0025","0.002","0.0025","0.0075","","","","0.008","0.0065","0.0015","0.001","0.0005"
"07-30-2025 20:00","1753905609","0.0005","0.0015","0.004","0.005","0.01","","","","0.007","0.0055","0.0015","0.0005","0.0005"
"07-30-2025 21:00","1753909210","0.0005","0.001","0.002","0.002","0.0145","","","","0.007","0.0045","0.0015","0.0005","0.0005"
"07-30-2025 22:00","1753912809","0.001","0.0015","0.002","0.002","0.0125","","","","0.0075","0.002","0.0015","0.0005","0.0005"
"07-30-2025 23:00","1753916409","0.0005","0.0005","0.001","0.002","0.0075","","","","0.007","0.002","0.0015","0.0005","0.0005"
"07-31-2025 00:00","1753920008","0.0005","0.0005","0.001","0.002","0.007","","","","0.0035","0.002","0.0015","0.0005","0.0005"
"07-31-2025 01:00","1753923610","0.0005","0.001","0.001","0.0025","0.01","","","","0.003","0.001","0.0015","0.0005","0.0005"
"07-31-2025 02:00","1753927210","0.0005","0.0005","0.0005","0.002","0.016","","","","0.003","0.001","0.0015","0.0005","0.0005"
"07-31-2025 03:00","1753930808","0.0005","0.0005","0.0005","0.002","0.0075","","","","0.0025","0.0015","0.0005","0.0005","0.0005"
"07-31-2025 04:00","1753934409","0.0015","0.0015","0.0005","0.0015","0.0045","","","","0.0025","0.0005","0.0005","0.0005","0.0005"
"07-31-2025 05:00","1753938010","0.0005","0.001","0.0005","0.0015","0.0075","","","","0.002","0.0005","0.0005","0.0005","0.0005"
"07-31-2025 06:00","1753941609","0.0005","0.001","0.0015","0.002","0.0065","","","","0.002","0.0005","0.0005","0.0005","0.0005"
"07-31-2025 07:00","1753945210","0.0005","0.0005","0.0015","0.002","0.0135","","","","0.002","0.0005","0.0005","0.0005","0.0005"
"07-31-2025 08:00","1753948809","0.0005","0.001","0.0015","0.002","0.01","","","","0.002","0.0005","0.0005","0.0005","0.0005"
"07-31-2025 09:00","1753952409","0.0005","0.001","0.0015","0.002","0.009","","","","0.002","0.0005","0.0005","0.0005","0.0005"
"07-31-2025 10:00","1753956010","0.0005","0.0005","0.0015","0.002","0.0065","","","","0.002","0.0005","0.0005","0.0005","0.0005"
"07-31-2025 11:00","1753959608","0.0005","0.001","0.0015","0.0015","0.0045","","","","0.0025","0.0015","0.0005","0.0005","0.0005"
"07-31-2025 12:00","1753963208","0.0005","0.0005","0.0005","0.0015","0.0055","","","","0.002","0.0015","0.0005","0.0005","0.0005"
"07-31-2025 13:00","1753966810","0.0005","0.0005","0.0005","0.0015","0.0035","","","","0.002","0.0015","0.0005","0.0005","0.0005"
"07-31-2025 14:00","1753970409","0.0005","0.0005","0.0005","0.001","0.0025","","","","0.0015","0.001","0.0005","0.0005","0.0005"
"07-31-2025 15:00","1753974009","0.0005","0.0005","0.001","0.0015","0.002","","","","0.0005","0.001","0.001","0.0005","0.0005"
"07-31-2025 16:00","1753977609","0.0005","0.0005","0.001","0.0015","0.0015","","","","0.0005","0.0005","0.001","0.0005","0.0005"
"07-31-2025 17:00","1753981208","0.0005","0.001","0.0015","0.002","0.0015","","","","0.0005","0.0015","0.0005","0.0005","0.0005"
"07-31-2025 18:00","1753984810","0.0005","0.0005","0.0005","0.0025","0.0015","","","","0.0015","0.0015","0.0005","0.0005","0.0005"
"07-31-2025 19:00","1753988409","0.0005","0.0005","0.001","0.002","0.0025","","","","0.001","0.001","0.0005","0.0005","0.0005"
"07-31-2025 20:00","1753992009","0.0005","0.0005","0.0015","0.001","0.0015","","","","0.0005","0.001","0.0005","0.0005","0.0005"
"07-31-2025 21:00","1753995610","0.0005","0.0005","0.0015","0.001","0.002","","","","0.0005","0.001","0.0005","0.0005","0.0005"
"07-31-2025 22:00","1753999209","0.0005","0.0005","0.0015","0.001","0.0025","","","","0.0015","0.001","0.0005","0.0005","0.001"
"07-31-2025 23:00","1754002809","0.0005","0.0005","0.0005","0.0005","0.0005","","","","0.0015","0.0005","0.0005","0.0005","0.0005"
"08-01-2025 00:00","1754006409","0.0005","0.0025","0.0005","0.0005","0.0015","","","","0.0015","0.0005","0.0005","0.0015","0.0005"
"08-01-2025 01:00","1754010009","0.0005","0.0005","0.0005","0.0005","0.0015","","","","0.0005","0.0005","0.0005","0.0005","0.0005"
"08-01-2025 02:00","1754013610","0.0005","0.0005","0.0005","0.0005","0.0005","","","","0.0015","0.0005","0.0005","0.0005","0.0005"
"08-01-2025 03:00","1754017208","0.0005","0.0005","0.0005","0.0005","0.0005","","","","0.0005","0.0005","0.0005","0.0005","0.0005"
"08-01-2025 04:00","1754020809","0.0005","0.0005","0.0005","0.0005","0.0005","","","","0.0005","0.0005","0.0005","0.0005","0.0005"
"08-01-2025 05:00","1754024408","0.0005","0.0005","0.0005","0.0005","0.0005","","","","0.0005","0.0005","0.0005","0.0005","0.0005"
"08-01-2025 06:00","1754028008","0.0005","0.0005","0.0005","0.0005","0.0005","","","","0.0005","0.0005","0.0005","0.0005","0.0005"