"Date (UTC)","Timestamp (UTC)","$4000","$3200","$3000","$2800","$2700","$2300","$2200","$2000","$1800","$1000"
"05-31-2025 01:00","1748653209","0.5","0.5","0.5","0.5","0.5","0.5","0.5","0.5","0.5","0.495"
"05-31-2025 02:00","1748656807","0.495","0.51","0.315","0.55","0.68","0.68","0.5","0.5","0.495","0.49"
"05-31-2025 03:00","1748660407","0.505","0.515","0.275","0.305","0.385","0.36","0.5","0.495","0.495","0.45"
"05-31-2025 04:00","1748664008","0.505","0.515","0.215","0.32","0.4","0.345","0.5","0.495","0.495","0.45"
"05-31-2025 05:00","1748667608","0.504","0.125","0.22","0.33","0.415","0.345","0.5","0.495","0.495","0.45"
"05-31-2025 06:00","1748671206","0.0605","0.18","0.215","0.445","0.675","0.54","0.36","0.18","0.115","0.035"
"05-31-2025 07:00","1748674807","0.061","0.185","0.255","0.57","0.725","0.53","0.39","0.255","0.115","0.03"
"05-31-2025 08:00","1748678407","0.0455","0.2","0.31","0.575","0.725","0.535","0.38","0.25","0.12","0.0275"
"05-31-2025 09:00","1748682007","0.0475","0.235","0.335","0.575","0.715","0.52","0.405","0.235","0.13","0.028"
"05-31-2025 10:00","1748685607","0.0445","0.2","0.3","0.575","0.705","0.53","0.435","0.225","0.13","0.0285"
"05-31-2025 11:00","1748689206","0.0375","0.19","0.315","0.57","0.695","0.64","0.505","0.225","0.115","0.0285"
"05-31-2025 12:00","1748692807","0.0415","0.175","0.315","0.575","0.705","0.64","0.515","0.255","0.11","0.0075"
"05-31-2025 13:00","1748696408","0.0315","0.185","0.315","0.585","0.725","0.64","0.43","0.25","0.1","0.0075"
"05-31-2025 14:00","1748700008","0.0305","0.235","0.33","0.56","0.715","0.635","0.455","0.27","0.12","0.012"
"05-31-2025 15:00","1748703607","0.0315","0.21","0.35","0.585","0.735","0.625","0.485","0.265","0.125","0.012"
"05-31-2025 16:00","1748707207","0.0375","0.22","0.36","0.585","0.74","0.615","0.475","0.25","0.115","0.012"
"05-31-2025 17:00","1748710806","0.038","0.24","0.385","0.605","0.745","0.615","0.465","0.25","0.115","0.012"
"05-31-2025 18:00","1748714407","0.0335","0.24","0.4","0.585","0.73","0.64","0.495","0.275","0.15","0.012"
"05-31-2025 19:00","1748718007","0.033","0.245","0.395","0.6","0.75","0.625","0.48","0.265","0.15","0.012"
"05-31-2025 20:00","1748721607","0.0515","0.245","0.38","0.595","0.75","0.625","0.48","0.27","0.145","0.0135"
"05-31-2025 21:00","1748725206","0.0505","0.24","0.39","0.6","0.75","0.62","0.475","0.26","0.14","0.012"
"05-31-2025 22:00","1748728806","0.054","0.245","0.395","0.61","0.75","0.62","0.475","0.26","0.145","0.0125"
"05-31-2025 23:00","1748732407","0.0435","0.23","0.375","0.59","0.735","0.635","0.49","0.27","0.145","0.0125"
"06-01-2025 00:00","1748736007","0.043","0.23","0.365","0.59","0.73","0.64","0.49","0.27","0.145","0.0125"
"06-01-2025 01:00","1748739607","0.0375","0.22","0.36","0.58","0.72","0.64","0.495","0.27","0.15","0.012"
"06-01-2025 02:00","1748743206","0.0375","0.21","0.345","0.555","0.69","0.67","0.52","0.28","0.16","0.012"
"06-01-2025 03:00","1748746807","0.0375","0.21","0.345","0.56","0.705","0.665","0.515","0.28","0.155","0.012"
"06-01-2025 04:00","1748750407","0.038","0.205","0.35","0.57","0.71","0.66","0.51","0.27","0.15","0.011"
"06-01-2025 05:00","1748754006","0.038","0.22","0.365","0.58","0.72","0.65","0.495","0.27","0.15","0.011"
"06-01-2025 06:00","1748757607","0.038","0.21","0.36","0.575","0.72","0.65","0.505","0.27","0.15","0.011"
"06-01-2025 07:00","1748761207","0.039","0.21","0.35","0.57","0.705","0.66","0.51","0.27","0.145","0.011"
"06-01-2025 08:00","1748764807","0.038","0.2","0.345","0.565","0.695","0.67","0.52","0.265","0.14","0.01"
"06-01-2025 09:00","1748768407","0.038","0.195","0.335","0.56","0.685","0.675","0.53","0.265","0.125","0.0075"
"06-01-2025 10:00","1748772006","0.0305","0.19","0.325","0.54","0.67","0.7","0.545","0.285","0.14","0.006"
"06-01-2025 11:00","1748775606","0.0315","0.19","0.325","0.54","0.665","0.695","0.54","0.28","0.145","0.006"
"06-01-2025 12:00","1748779207","0.0265","0.185","0.335","0.55","0.67","0.69","0.54","0.29","0.145","0.006"
"06-01-2025 13:00","1748782806","0.0235","0.185","0.32","0.53","0.65","0.71","0.555","0.3","0.14","0.006"
"06-01-2025 14:00","1748786407","0.0165","0.18","0.335","0.545","0.67","0.7","0.54","0.29","0.14","0.0105"
"06-01-2025 15:00","1748790007","0.022","0.185","0.345","0.57","0.69","0.68","0.52","0.275","0.13","0.01"
"06-01-2025 16:00","1748793607","0.023","0.185","0.36","0.58","0.71","0.655","0.505","0.275","0.125","0.0085"
"06-01-2025 17:00","1748797207","0.0265","0.2","0.375","0.6","0.735","0.63","0.48","0.255","0.12","0.0075"
"06-01-2025 18:00","1748800806","0.0325","0.2","0.38","0.6","0.735","0.625","0.485","0.255","0.12","0.007"
"06-01-2025 19:00","1748804406","0.0375","0.2","0.355","0.57","0.7","0.65","0.505","0.27","0.13","0.007"
"06-01-2025 20:00","1748808007","0.038","0.2","0.36","0.58","0.715","0.645","0.495","0.27","0.12","0.007"
"06-01-2025 21:00","1748811607","0.0445","0.2","0.36","0.58","0.725","0.64","0.49","0.265","0.11","0.007"
"06-01-2025 22:00","1748815206","0.045","0.205","0.37","0.595","0.725","0.62","0.48","0.25","0.11","0.007"
"06-01-2025 23:00","1748818806","0.044","0.205","0.37","0.59","0.735","0.63","0.48","0.255","0.105","0.007"
"06-02-2025 00:00","1748822406","0.042","0.2","0.37","0.6","0.74","0.62","0.475","0.255","0.105","0.007"
"06-02-2025 01:00","1748826007","0.0395","0.2","0.365","0.59","0.725","0.63","0.48","0.255","0.1","0.0075"
"06-02-2025 02:00","1748829606","0.0375","0.195","0.365","0.58","0.72","0.635","0.49","0.26","0.105","0.0075"
"06-02-2025 03:00","1748833206","0.036","0.195","0.345","0.55","0.69","0.66","0.51","0.265","0.105","0.007"
"06-02-2025 04:00","1748836806","0.0425","0.175","0.325","0.53","0.66","0.68","0.52","0.28","0.12","0.008"
"06-02-2025 05:00","1748840406","0.039","0.175","0.32","0.52","0.66","0.685","0.53","0.29","0.12","0.008"
"06-02-2025 06:00","1748844006","0.04","0.175","0.315","0.52","0.655","0.68","0.53","0.285","0.12","0.0075"
"06-02-2025 07:00","1748847606","0.039","0.175","0.325","0.525","0.66","0.675","0.52","0.275","0.12","0.008"
"06-02-2025 08:00","1748851207","0.0375","0.185","0.31","0.54","0.68","0.66","0.51","0.27","0.12","0.008"
"06-02-2025 09:00","1748854807","0.0345","0.18","0.305","0.535","0.665","0.67","0.52","0.275","0.12","0.008"
"06-02-2025 10:00","1748858406","0.035","0.155","0.295","0.515","0.645","0.685","0.54","0.285","0.12","0.008"
"06-02-2025 11:00","1748862006","0.0345","0.185","0.295","0.515","0.645","0.69","0.535","0.28","0.12","0.008"
"06-02-2025 12:00","1748865607","0.0325","0.165","0.295","0.515","0.64","0.69","0.535","0.28","0.115","0.0085"
"06-02-2025 13:00","1748869206","0.032","0.18","0.31","0.53","0.67","0.67","0.51","0.275","0.115","0.0085"
"06-02-2025 14:00","1748872807","0.0315","0.18","0.32","0.54","0.68","0.66","0.505","0.265","0.11","0.0085"
"06-02-2025 15:00","1748876405","0.032","0.185","0.33","0.575","0.72","0.61","0.48","0.245","0.11","0.0085"
"06-02-2025 16:00","1748880007","0.031","0.21","0.35","0.59","0.74","0.595","0.465","0.24","0.105","0.0085"
"06-02-2025 17:00","1748883606","0.031","0.21","0.345","0.6","0.745","0.59","0.46","0.235","0.105","0.0085"
"06-02-2025 18:00","1748887207","0.031","0.21","0.345","0.6","0.75","0.585","0.45","0.235","0.105","0.0075"
"06-02-2025 19:00","1748890807","0.0315","0.205","0.335","0.59","0.74","0.6","0.46","0.23","0.1","0.0075"
"06-02-2025 20:00","1748894406","0.0315","0.2","0.335","0.57","0.72","0.62","0.47","0.235","0.105","0.0075"
"06-02-2025 21:00","1748898007","0.031","0.2","0.335","0.58","0.73","0.605","0.46","0.23","0.1","0.0075"
"06-02-2025 22:00","1748901607","0.0315","0.215","0.34","0.61","0.765","0.585","0.435","0.22","0.1","0.0075"
"06-02-2025 23:00","1748905207","0.031","0.225","0.365","0.645","0.805","0.555","0.41","0.205","0.1","0.0075"
"06-03-2025 00:00","1748908807","0.033","0.23","0.4","0.68","0.85","0.515","0.38","0.195","0.095","0.0075"
"06-03-2025 01:00","1748912406","0.034","0.25","0.44","0.71","0.87","0.5","0.375","0.2","0.1","0.007"
"06-03-2025 02:00","1748916006","0.0375","0.275","0.465","0.75","0.91","0.47","0.35","0.19","0.09","0.007"
"06-03-2025 03:00","1748919607","0.038","0.255","0.44","0.7","0.86","0.5","0.38","0.2","0.1","0.007"
"06-03-2025 04:00","1748923207","0.039","0.245","0.42","0.68","0.84","0.52","0.395","0.21","0.105","0.007"
"06-03-2025 05:00","1748926807","0.0365","0.24","0.41","0.675","0.825","0.54","0.41","0.215","0.105","0.007"
"06-03-2025 06:00","1748930407","0.0365","0.255","0.43","0.7","0.86","0.51","0.38","0.205","0.1","0.007"
"06-03-2025 07:00","1748934006","0.0365","0.245","0.43","0.7","0.86","0.5","0.38","0.2","0.095","0.007"
"06-03-2025 08:00","1748937605","0.035","0.25","0.42","0.695","0.855","0.51","0.385","0.205","0.1","0.0065"
"06-03-2025 09:00","1748941206","0.033","0.25","0.425","0.69","0.85","0.515","0.39","0.205","0.1","0.0065"
"06-03-2025 10:00","1748944806","0.0325","0.26","0.43","0.705","0.86","0.505","0.375","0.2","0.095","0.0065"
"06-03-2025 11:00","1748948406","0.0325","0.25","0.425","0.705","0.86","0.505","0.375","0.2","0.095","0.0065"
"06-03-2025 12:00","1748952006","0.0325","0.25","0.42","0.69","0.84","0.515","0.385","0.185","0.085","0.0065"
"06-03-2025 13:00","1748955606","0.032","0.245","0.42","0.7","0.85","0.5","0.375","0.185","0.085","0.0065"
"06-03-2025 14:00","1748959206","0.033","0.265","0.45","0.715","0.875","0.48","0.36","0.18","0.08","0.0065"
"06-03-2025 15:00","1748962806","0.0345","0.285","0.465","0.755","0.91","0.46","0.34","0.175","0.075","0.0065"
"06-03-2025 16:00","1748966406","0.0335","0.265","0.43","0.71","0.875","0.49","0.365","0.175","0.08","0.0065"
"06-03-2025 17:00","1748970006","0.033","0.25","0.42","0.68","0.85","0.5","0.38","0.18","0.085","0.0065"
"06-03-2025 18:00","1748973606","0.033","0.26","0.425","0.705","0.87","0.49","0.37","0.175","0.085","0.0065"
"06-03-2025 19:00","1748977206","0.0325","0.255","0.425","0.7","0.865","0.49","0.37","0.175","0.085","0.0075"
"06-03-2025 20:00","1748980806","0.032","0.26","0.44","0.71","0.875","0.485","0.36","0.175","0.085","0.0065"
"06-03-2025 21:00","1748984406","0.032","0.245","0.42","0.695","0.86","0.485","0.365","0.18","0.085","0.0065"
"06-03-2025 22:00","1748988006","0.032","0.215","0.38","0.65","0.81","0.515","0.39","0.185","0.08","0.0065"
"06-03-2025 23:00","1748991605","0.0315","0.23","0.395","0.675","0.83","0.5","0.38","0.18","0.075","0.0065"
"06-04-2025 00:00","1748995206","0.0315","0.23","0.385","0.65","0.81","0.515","0.385","0.185","0.075","0.0065"
"06-04-2025 01:00","1748998806","0.0315","0.22","0.39","0.66","0.82","0.51","0.38","0.18","0.08","0.0065"
"06-04-2025 02:00","1749002407","0.0325","0.23","0.4","0.68","0.84","0.49","0.37","0.17","0.075","0.0065"
"06-04-2025 03:00","1749006006","0.033","0.23","0.4","0.685","0.855","0.485","0.36","0.17","0.08","0.007"
"06-04-2025 04:00","1749009606","0.0295","0.24","0.415","0.705","0.87","0.47","0.35","0.165","0.07","0.008"
"06-04-2025 05:00","1749013206","0.0285","0.245","0.42","0.72","0.89","0.465","0.34","0.165","0.07","0.008"
"06-04-2025 06:00","1749016806","0.029","0.24","0.41","0.7","0.865","0.47","0.35","0.17","0.07","0.008"
"06-04-2025 07:00","1749020405","0.0295","0.245","0.425","0.71","0.885","0.47","0.35","0.16","0.065","0.008"
"06-04-2025 08:00","1749024006","0.0295","0.245","0.41","0.7","0.87","0.47","0.35","0.16","0.065","0.0075"
"06-04-2025 09:00","1749027606","0.03","0.255","0.42","0.72","0.895","0.465","0.335","0.155","0.06","0.007"
"06-04-2025 10:00","1749031206","0.029","0.255","0.425","0.73","0.9","0.455","0.325","0.155","0.06","0.007"
"06-04-2025 11:00","1749034806","0.0285","0.255","0.42","0.72","0.895","0.46","0.33","0.155","0.06","0.007"
"06-04-2025 12:00","1749038406","0.028","0.245","0.405","0.695","0.87","0.475","0.335","0.155","0.06","0.0065"
"06-04-2025 13:00","1749042006","0.0285","0.24","0.39","0.7","0.865","0.485","0.35","0.155","0.065","0.0065"
"06-04-2025 14:00","1749045606","0.03","0.25","0.425","0.695","0.86","0.485","0.35","0.16","0.065","0.0065"
"06-04-2025 15:00","1749049205","0.031","0.25","0.42","0.705","0.865","0.465","0.33","0.15","0.065","0.0065"
"06-04-2025 16:00","1749052806","0.031","0.275","0.47","0.765","0.94","0.42","0.305","0.14","0.05","0.0065"
"06-04-2025 17:00","1749056405","0.0315","0.275","0.45","0.75","0.92","0.44","0.315","0.145","0.055","0.0065"
"06-04-2025 18:00","1749060006","0.031","0.25","0.425","0.71","0.89","0.46","0.33","0.155","0.06","0.0065"
"06-04-2025 19:00","1749063606","0.0295","0.25","0.405","0.7","0.885","0.47","0.34","0.155","0.06","0.0065"
"06-04-2025 20:00","1749067206","0.028","0.235","0.405","0.69","0.875","0.47","0.34","0.155","0.06","0.0065"
"06-04-2025 21:00","1749070806","0.029","0.225","0.39","0.67","0.835","0.5","0.36","0.165","0.065","0.0065"
"06-04-2025 22:00","1749074406","0.029","0.235","0.405","0.695","0.86","0.48","0.35","0.165","0.06","0.0065"
"06-04-2025 23:00","1749078006","0.031","0.235","0.39","0.67","0.845","0.495","0.355","0.165","0.065","0.0065"
"06-05-2025 00:00","1749081606","0.0325","0.235","0.39","0.67","0.84","0.49","0.355","0.165","0.065","0.0065"
"06-05-2025 01:00","1749085206","0.0325","0.23","0.395","0.68","0.845","0.49","0.35","0.165","0.065","0.0065"
"06-05-2025 02:00","1749088806","0.0325","0.23","0.385","0.67","0.835","0.49","0.35","0.165","0.065","0.0065"
"06-05-2025 03:00","1749092406","0.0315","0.235","0.405","0.69","0.86","0.475","0.34","0.16","0.06","0.0065"
"06-05-2025 04:00","1749096005","0.031","0.24","0.41","0.7","0.865","0.465","0.33","0.15","0.06","0.0065"
"06-05-2025 05:00","1749099606","0.0305","0.24","0.41","0.705","0.88","0.46","0.325","0.15","0.06","0.0065"
"06-05-2025 06:00","1749103206","0.029","0.23","0.39","0.68","0.845","0.48","0.345","0.16","0.06","0.0065"
"06-05-2025 07:00","1749106806","0.0295","0.22","0.375","0.665","0.83","0.485","0.345","0.165","0.055","0.0065"
"06-05-2025 08:00","1749110406","0.028","0.22","0.375","0.67","0.83","0.485","0.345","0.16","0.06","0.0065"
"06-05-2025 09:00","1749114006","0.028","0.22","0.38","0.67","0.83","0.49","0.345","0.155","0.06","0.0065"
"06-05-2025 10:00","1749117606","0.0295","0.23","0.38","0.67","0.83","0.48","0.34","0.155","0.055","0.0065"
"06-05-2025 11:00","1749121206","0.027","0.225","0.365","0.65","0.81","0.5","0.355","0.165","0.06","0.0065"
"06-05-2025 12:00","1749124806","0.0275","0.23","0.38","0.655","0.83","0.485","0.34","0.165","0.06","0.0065"
"06-05-2025 13:00","1749128405","0.03","0.27","0.42","0.705","0.88","0.46","0.335","0.15","0.055","0.0065"
"06-05-2025 14:00","1749132006","0.028","0.225","0.365","0.63","0.81","0.515","0.38","0.175","0.065","0.0065"
"06-05-2025 15:00","1749135606","0.0305","0.225","0.365","0.635","0.795","0.52","0.38","0.18","0.065","0.0065"
"06-05-2025 16:00","1749139206","0.0295","0.23","0.37","0.63","0.805","0.52","0.36","0.17","0.06","0.0065"
"06-05-2025 17:00","1749142806","0.031","0.21","0.35","0.58","0.75","0.555","0.405","0.18","0.065","0.0055"
"06-05-2025 18:00","1749146407","0.031","0.21","0.35","0.595","0.76","0.54","0.395","0.18","0.065","0.0045"
"06-05-2025 19:00","1749150006","0.034","0.22","0.355","0.61","0.775","0.535","0.385","0.18","0.065","0.005"
"06-05-2025 20:00","1749153606","0.0295","0.185","0.315","0.54","0.695","0.6","0.445","0.205","0.075","0.0045"
"06-05-2025 21:00","1749157207","0.022","0.11","0.195","0.355","0.495","0.82","0.65","0.335","0.145","0.0045"
"06-05-2025 22:00","1749160807","0.02","0.145","0.25","0.41","0.555","0.75","0.595","0.305","0.145","0.0045"
"06-05-2025 23:00","1749164406","0.0215","0.14","0.24","0.4","0.55","0.755","0.6","0.31","0.145","0.0045"
"06-06-2025 00:00","1749168006","0.022","0.135","0.23","0.385","0.53","0.785","0.62","0.33","0.13","0.0045"
"06-06-2025 01:00","1749171607","0.0215","0.135","0.24","0.4","0.54","0.775","0.61","0.32","0.135","0.0045"
"06-06-2025 02:00","1749175206","0.0215","0.145","0.24","0.385","0.53","0.785","0.61","0.315","0.13","0.0045"
"06-06-2025 03:00","1749178806","0.0215","0.145","0.245","0.405","0.545","0.76","0.59","0.29","0.12","0.0045"
"06-06-2025 04:00","1749182406","0.022","0.155","0.265","0.425","0.58","0.725","0.56","0.29","0.11","0.0045"
"06-06-2025 05:00","1749186007","0.0235","0.155","0.26","0.435","0.59","0.72","0.55","0.28","0.105","0.0045"
"06-06-2025 06:00","1749189607","0.0195","0.155","0.26","0.43","0.59","0.72","0.55","0.28","0.105","0.0045"
"06-06-2025 07:00","1749193205","0.025","0.155","0.255","0.43","0.58","0.715","0.55","0.27","0.1","0.0045"
"06-06-2025 08:00","1749196806","0.0215","0.16","0.255","0.425","0.58","0.725","0.555","0.275","0.1","0.0045"
"06-06-2025 09:00","1749200407","0.022","0.155","0.26","0.43","0.595","0.71","0.545","0.27","0.1","0.0045"
"06-06-2025 10:00","1749204007","0.024","0.17","0.27","0.445","0.6","0.695","0.525","0.25","0.095","0.0045"
"06-06-2025 11:00","1749207606","0.023","0.175","0.28","0.46","0.625","0.675","0.505","0.245","0.095","0.0045"
"06-06-2025 12:00","1749211206","0.027","0.175","0.27","0.455","0.61","0.685","0.515","0.24","0.1","0.0045"
"06-06-2025 13:00","1749214806","0.0245","0.175","0.27","0.455","0.61","0.68","0.52","0.24","0.1","0.0045"
"06-06-2025 14:00","1749218406","0.029","0.175","0.29","0.49","0.65","0.64","0.48","0.235","0.095","0.0045"
"06-06-2025 15:00","1749222006","0.0285","0.185","0.305","0.515","0.68","0.62","0.46","0.215","0.095","0.0045"
"06-06-2025 16:00","1749225607","0.03","0.18","0.285","0.495","0.66","0.63","0.47","0.225","0.095","0.0045"
"06-06-2025 17:00","1749229207","0.029","0.175","0.28","0.475","0.64","0.65","0.48","0.225","0.095","0.0045"
"06-06-2025 18:00","1749232807","0.026","0.165","0.28","0.475","0.645","0.645","0.48","0.225","0.095","0.0045"
"06-06-2025 19:00","1749236407","0.0265","0.165","0.28","0.47","0.635","0.65","0.49","0.23","0.095","0.004"
"06-06-2025 20:00","1749240007","0.0245","0.165","0.265","0.45","0.62","0.665","0.5","0.235","0.095","0.0045"
"06-06-2025 21:00","1749243607","0.0255","0.17","0.28","0.47","0.64","0.645","0.475","0.23","0.095","0.0045"
"06-06-2025 22:00","1749247207","0.023","0.165","0.27","0.46","0.63","0.66","0.485","0.23","0.09","0.005"
"06-06-2025 23:00","1749250806","0.021","0.165","0.26","0.45","0.605","0.67","0.5","0.235","0.09","0.005"
"06-07-2025 00:00","1749254407","0.022","0.165","0.245","0.425","0.595","0.685","0.515","0.235","0.095","0.005"
"06-07-2025 01:00","1749258005","0.022","0.155","0.25","0.435","0.605","0.675","0.505","0.245","0.135","0.005"
"06-07-2025 02:00","1749261606","0.022","0.15","0.24","0.425","0.59","0.695","0.515","0.25","0.13","0.005"
"06-07-2025 03:00","1749265207","0.023","0.15","0.25","0.435","0.605","0.68","0.5","0.245","0.125","0.005"
"06-07-2025 04:00","1749268807","0.0215","0.155","0.255","0.455","0.625","0.66","0.485","0.235","0.115","0.005"
"06-07-2025 05:00","1749272406","0.024","0.155","0.255","0.46","0.62","0.66","0.48","0.23","0.12","0.005"
"06-07-2025 06:00","1749276006","0.0245","0.155","0.27","0.46","0.63","0.65","0.47","0.23","0.115","0.005"
"06-07-2025 07:00","1749279607","0.0235","0.155","0.275","0.475","0.64","0.645","0.47","0.22","0.115","0.005"
"06-07-2025 08:00","1749283207","0.0225","0.155","0.27","0.465","0.625","0.655","0.48","0.23","0.115","0.005"
"06-07-2025 09:00","1749286808","0.0215","0.15","0.265","0.45","0.615","0.665","0.49","0.235","0.12","0.004"
"06-07-2025 10:00","1749290407","0.0215","0.155","0.255","0.445","0.615","0.66","0.48","0.225","0.12","0.004"
"06-07-2025 11:00","1749294007","0.018","0.155","0.26","0.455","0.63","0.645","0.47","0.22","0.12","0.004"
"06-07-2025 12:00","1749297608","0.0165","0.15","0.26","0.455","0.645","0.645","0.47","0.215","0.11","0.004"
"06-07-2025 13:00","1749301207","0.017","0.145","0.26","0.455","0.65","0.64","0.465","0.22","0.11","0.004"
"06-07-2025 14:00","1749304807","0.0175","0.15","0.27","0.47","0.67","0.625","0.455","0.215","0.095","0.004"
"06-07-2025 15:00","1749308408","0.021","0.175","0.3","0.51","0.695","0.625","0.465","0.215","0.105","0.004"
"06-07-2025 16:00","1749312006","0.023","0.175","0.3","0.515","0.7","0.615","0.46","0.215","0.105","0.004"
"06-07-2025 17:00","1749315607","0.0225","0.17","0.285","0.475","0.685","0.615","0.46","0.21","0.095","0.0035"
"06-07-2025 18:00","1749319207","0.0215","0.165","0.285","0.475","0.68","0.625","0.47","0.21","0.095","0.0035"
"06-07-2025 19:00","1749322807","0.0225","0.165","0.29","0.485","0.69","0.615","0.46","0.2","0.095","0.0035"
"06-07-2025 20:00","1749326408","0.0225","0.165","0.29","0.49","0.695","0.615","0.455","0.2","0.095","0.0035"
"06-07-2025 21:00","1749330008","0.0225","0.165","0.29","0.495","0.7","0.605","0.45","0.195","0.095","0.0035"
"06-07-2025 22:00","1749333607","0.0275","0.165","0.3","0.49","0.7","0.605","0.45","0.2","0.095","0.0035"
"06-07-2025 23:00","1749337207","0.0275","0.18","0.31","0.515","0.725","0.585","0.435","0.185","0.09","0.004"
"06-08-2025 00:00","1749340807","0.028","0.185","0.295","0.505","0.71","0.6","0.445","0.2","0.095","0.004"
"06-08-2025 01:00","1749344407","0.027","0.175","0.29","0.49","0.695","0.61","0.455","0.2","0.095","0.004"
"06-08-2025 02:00","1749348007","0.0255","0.18","0.29","0.495","0.695","0.615","0.45","0.2","0.095","0.004"
"06-08-2025 03:00","1749351606","0.026","0.175","0.29","0.485","0.69","0.62","0.455","0.2","0.095","0.004"
"06-08-2025 04:00","1749355207","0.0275","0.175","0.29","0.48","0.685","0.62","0.46","0.2","0.095","0.004"
"06-08-2025 05:00","1749358807","0.027","0.175","0.29","0.485","0.685","0.615","0.45","0.2","0.095","0.004"
"06-08-2025 06:00","1749362407","0.022","0.175","0.285","0.48","0.68","0.62","0.46","0.205","0.095","0.004"
"06-08-2025 07:00","1749366007","0.0215","0.155","0.29","0.48","0.685","0.615","0.46","0.2","0.095","0.004"
"06-08-2025 08:00","1749369606","0.021","0.155","0.29","0.48","0.685","0.62","0.46","0.2","0.095","0.004"
"06-08-2025 09:00","1749373206","0.0205","0.165","0.28","0.485","0.685","0.605","0.45","0.195","0.095","0.004"
"06-08-2025 10:00","1749376807","0.0205","0.145","0.26","0.475","0.65","0.635","0.47","0.205","0.095","0.0035"
"06-08-2025 11:00","1749380407","0.0205","0.145","0.27","0.475","0.655","0.635","0.465","0.205","0.095","0.0035"
"06-08-2025 12:00","1749384007","0.0205","0.155","0.28","0.485","0.675","0.61","0.45","0.195","0.095","0.0035"
"06-08-2025 13:00","1749387607","0.0205","0.155","0.285","0.48","0.67","0.62","0.45","0.19","0.085","0.0035"
"06-08-2025 14:00","1749391207","0.021","0.155","0.285","0.485","0.665","0.615","0.45","0.195","0.085","0.0035"
"06-08-2025 15:00","1749394807","0.021","0.155","0.29","0.49","0.67","0.61","0.445","0.19","0.085","0.0035"
"06-08-2025 16:00","1749398406","0.021","0.165","0.285","0.49","0.67","0.61","0.44","0.19","0.085","0.0035"
"06-08-2025 17:00","1749402007","0.0215","0.165","0.295","0.505","0.685","0.595","0.435","0.185","0.085","0.0035"
"06-08-2025 18:00","1749405607","0.021","0.165","0.29","0.505","0.69","0.59","0.435","0.19","0.085","0.0035"
"06-08-2025 19:00","1749409208","0.0205","0.165","0.3","0.515","0.7","0.585","0.425","0.18","0.085","0.0035"
"06-08-2025 20:00","1749412806","0.0205","0.165","0.3","0.515","0.7","0.58","0.425","0.18","0.085","0.0035"
"06-08-2025 21:00","1749416407","0.0235","0.165","0.3","0.52","0.7","0.58","0.425","0.18","0.085","0.0035"
"06-08-2025 22:00","1749420006","0.0305","0.18","0.305","0.53","0.71","0.57","0.415","0.175","0.085","0.0035"
"06-08-2025 23:00","1749423607","0.03","0.165","0.275","0.48","0.65","0.62","0.455","0.195","0.085","0.0035"
"06-09-2025 00:00","1749427207","0.03","0.165","0.275","0.475","0.66","0.62","0.455","0.19","0.085","0.0035"
"06-09-2025 01:00","1749430807","0.03","0.165","0.265","0.475","0.65","0.625","0.465","0.195","0.095","0.0035"
"06-09-2025 02:00","1749434406","0.025","0.165","0.265","0.465","0.635","0.635","0.47","0.195","0.09","0.0035"
"06-09-2025 03:00","1749438006","0.024","0.155","0.245","0.435","0.62","0.635","0.465","0.195","0.085","0.003"
"06-09-2025 04:00","1749441606","0.0235","0.155","0.24","0.44","0.62","0.63","0.46","0.2","0.085","0.003"
"06-09-2025 05:00","1749445207","0.023","0.155","0.24","0.425","0.61","0.65","0.48","0.2","0.085","0.003"
"06-09-2025 06:00","1749448807","0.0215","0.155","0.225","0.41","0.59","0.645","0.475","0.2","0.085","0.0025"
"06-09-2025 07:00","1749452406","0.0215","0.145","0.23","0.43","0.595","0.635","0.46","0.19","0.08","0.0025"
"06-09-2025 08:00","1749456007","0.0215","0.145","0.235","0.43","0.595","0.635","0.46","0.2","0.08","0.0025"
"06-09-2025 09:00","1749459607","0.02","0.145","0.235","0.43","0.605","0.625","0.45","0.19","0.08","0.0025"
"06-09-2025 10:00","1749463206","0.02","0.155","0.255","0.455","0.63","0.6","0.42","0.18","0.08","0.0025"
"06-09-2025 11:00","1749466807","0.021","0.155","0.27","0.485","0.68","0.565","0.39","0.175","0.075","0.0025"
"06-09-2025 12:00","1749470407","0.021","0.165","0.285","0.49","0.685","0.545","0.385","0.155","0.065","0.003"
"06-09-2025 13:00","1749474007","0.021","0.16","0.285","0.495","0.705","0.54","0.38","0.155","0.065","0.003"
"06-09-2025 14:00","1749477606","0.0215","0.155","0.26","0.455","0.665","0.585","0.41","0.215","0.085","0.0035"
"06-09-2025 15:00","1749481207","0.0225","0.165","0.27","0.475","0.685","0.565","0.4","0.19","0.065","0.0035"
"06-09-2025 16:00","1749484806","0.024","0.16","0.27","0.505","0.69","0.56","0.395","0.175","0.065","0.0025"
"06-09-2025 17:00","1749488407","0.0245","0.165","0.295","0.535","0.745","0.52","0.36","0.165","0.065","0.0025"
"06-09-2025 18:00","1749492007","0.0245","0.16","0.31","0.555","0.765","0.5","0.34","0.165","0.065","0.003"
"06-09-2025 19:00","1749495607","0.0245","0.17","0.325","0.58","0.775","0.475","0.325","0.155","0.065","0.003"
"06-09-2025 20:00","1749499206","0.0245","0.17","0.32","0.57","0.77","0.475","0.33","0.155","0.065","0.003"
"06-09-2025 21:00","1749502806","0.0255","0.18","0.325","0.59","0.795","0.465","0.32","0.155","0.065","0.003"
"06-09-2025 22:00","1749506406","0.026","0.215","0.4","0.69","0.895","0.4","0.265","0.13","0.055","0.003"
"06-09-2025 23:00","1749510007","0.0285","0.235","0.445","0.745","0.93","0.375","0.25","0.12","0.055","0.003"
"06-10-2025 00:00","1749513606","0.0315","0.265","0.465","0.775","0.965","0.365","0.245","0.13","0.055","0.003"
"06-10-2025 01:00","1749517206","0.0365","0.295","0.49","0.805","0.9995","0.335","0.225","0.12","0.045","0.003"
"06-10-2025 02:00","1749520806","0.0365","0.29","0.5","0.825","0.9995","0.33","0.215","0.115","0.045","0.003"
"06-10-2025 03:00","1749524407","0.0285","0.275","0.47","0.79","","0.345","0.23","0.115","0.045","0.003"
"06-10-2025 04:00","1749528006","0.026","0.27","0.465","0.785","","0.34","0.23","0.115","0.045","0.003"
"06-10-2025 05:00","1749531607","0.026","0.27","0.455","0.785","","0.34","0.23","0.115","0.045","0.0035"
"06-10-2025 06:00","1749535207","0.027","0.245","0.435","0.755","","0.37","0.24","0.12","0.055","0.0035"
"06-10-2025 07:00","1749538807","0.035","0.28","0.44","0.77","","0.36","0.24","0.12","0.055","0.003"
"06-10-2025 08:00","1749542407","0.0335","0.275","0.45","0.77","","0.36","0.24","0.12","0.055","0.0025"
"06-10-2025 09:00","1749546006","0.032","0.27","0.44","0.765","","0.36","0.24","0.12","0.06","0.0025"
"06-10-2025 10:00","1749549607","0.0285","0.275","0.45","0.795","","0.345","0.225","0.115","0.06","0.0025"
"06-10-2025 11:00","1749553207","0.028","0.275","0.455","0.795","","0.34","0.225","0.115","0.055","0.0025"
"06-10-2025 12:00","1749556807","0.038","0.365","0.585","0.95","","0.275","0.18","0.09","0.045","0.003"
"06-10-2025 13:00","1749560407","0.039","0.36","0.615","0.9405","","0.29","0.19","0.095","0.045","0.003"
"06-10-2025 14:00","1749564007","0.0365","0.335","0.58","0.8945","","0.31","0.22","0.11","0.045","0.003"
"06-10-2025 15:00","1749567607","0.0325","0.335","0.565","0.881","","0.32","0.22","0.105","0.045","0.003"
"06-10-2025 16:00","1749571207","0.033","0.33","0.565","0.8745","","0.33","0.235","0.11","0.045","0.003"
"06-10-2025 17:00","1749574807","0.0305","0.33","0.565","0.8715","","0.335","0.22","0.11","0.042","0.0025"
"06-10-2025 18:00","1749578407","0.0305","0.33","0.605","0.907","","0.33","0.22","0.105","0.0435","0.0025"
"06-10-2025 19:00","1749582007","0.0335","0.35","0.625","0.935","","0.31","0.21","0.1","0.0425","0.0025"
"06-10-2025 20:00","1749585607","0.035","0.37","0.635","0.9995","","0.305","0.21","0.1","0.041","0.0025"
"06-10-2025 21:00","1749589207","0.037","0.375","0.635","0.9995","","0.305","0.21","0.105","0.041","0.0025"
"06-10-2025 22:00","1749592807","0.038","0.36","0.645","0.9995","","0.295","0.21","0.105","0.038","0.003"
"06-10-2025 23:00","1749596407","0.038","0.425","0.715","","","0.265","0.19","0.1","0.0405","0.003"
"06-11-2025 00:00","1749600007","0.038","0.44","0.74","","","0.27","0.19","0.095","0.0455","0.003"
"06-11-2025 01:00","1749603607","0.0365","0.42","0.7","","","0.275","0.185","0.095","0.043","0.003"
"06-11-2025 02:00","1749607207","0.0345","0.395","0.675","","","0.285","0.185","0.09","0.043","0.003"
"06-11-2025 03:00","1749610806","0.0315","0.385","0.67","","","0.285","0.19","0.1","0.041","0.003"
"06-11-2025 04:00","1749614407","0.03","0.4","0.67","","","0.275","0.18","0.085","0.043","0.003"
"06-11-2025 05:00","1749618007","0.029","0.405","0.68","","","0.275","0.175","0.085","0.042","0.003"
"06-11-2025 06:00","1749621606","0.029","0.405","0.68","","","0.255","0.17","0.085","0.042","0.003"
"06-11-2025 07:00","1749625207","0.029","0.41","0.67","","","0.27","0.175","0.095","0.043","0.003"
"06-11-2025 08:00","1749628807","0.0295","0.405","0.67","","","0.265","0.175","0.085","0.0425","0.003"
"06-11-2025 09:00","1749632407","0.029","0.375","0.64","","","0.28","0.19","0.09","0.043","0.003"
"06-11-2025 10:00","1749636007","0.0295","0.36","0.62","","","0.29","0.195","0.095","0.0425","0.003"
"06-11-2025 11:00","1749639607","0.0295","0.375","0.64","","","0.28","0.185","0.095","0.0415","0.003"
"06-11-2025 12:00","1749643207","0.035","0.375","0.64","","","0.28","0.185","0.095","0.0425","0.0035"
"06-11-2025 13:00","1749646807","0.036","0.415","0.69","","","0.25","0.175","0.09","0.0375","0.0035"
"06-11-2025 14:00","1749650408","0.036","0.405","0.685","","","0.26","0.19","0.09","0.039","0.0035"
"06-11-2025 15:00","1749654008","0.0365","0.445","0.76","","","0.22","0.16","0.07","0.0355","0.0035"
"06-11-2025 16:00","1749657607","0.044","0.49","0.8","","","0.21","0.14","0.06","0.0325","0.003"
"06-11-2025 17:00","1749661207","0.0425","0.505","0.805","","","0.205","0.135","0.065","0.0315","0.003"
"06-11-2025 18:00","1749664807","0.042","0.445","0.74","","","0.23","0.15","0.07","0.0325","0.003"
"06-11-2025 19:00","1749668407","0.039","0.43","0.73","","","0.24","0.16","0.075","0.0365","0.0025"
"06-11-2025 20:00","1749672008","0.039","0.41","0.715","","","0.25","0.17","0.075","0.0375","0.0025"
"06-11-2025 21:00","1749675606","0.042","0.43","0.71","","","0.24","0.16","0.07","0.0375","0.0025"
"06-11-2025 22:00","1749679208","0.0345","0.37","0.65","","","0.265","0.18","0.085","0.0365","0.0025"
"06-11-2025 23:00","1749682807","0.0335","0.345","0.615","","","0.29","0.195","0.09","0.0465","0.0025"
"06-12-2025 00:00","1749686407","0.034","0.36","0.64","","","0.275","0.185","0.085","0.045","0.0025"
"06-12-2025 01:00","1749690007","0.034","0.355","0.64","","","0.27","0.19","0.09","0.0455","0.0025"
"06-12-2025 02:00","1749693606","0.032","0.355","0.635","","","0.27","0.19","0.09","0.0455","0.0025"
"06-12-2025 03:00","1749697207","0.0235","0.335","0.61","","","0.285","0.19","0.095","0.045","0.0025"
"06-12-2025 04:00","1749700807","0.024","0.34","0.615","","","0.265","0.185","0.085","0.0495","0.0025"
"06-12-2025 05:00","1749704406","0.0215","0.325","0.595","","","0.28","0.19","0.09","0.0495","0.0025"
"06-12-2025 06:00","1749708007","0.022","0.33","0.6","","","0.275","0.19","0.09","0.0505","0.0025"
"06-12-2025 07:00","1749711606","0.022","0.34","0.605","","","0.275","0.18","0.09","0.0445","0.0025"
"06-12-2025 08:00","1749715208","0.022","0.29","0.56","","","0.295","0.205","0.09","0.045","0.003"
"06-12-2025 09:00","1749718808","0.0215","0.315","0.585","","","0.28","0.18","0.085","0.0515","0.003"
"06-12-2025 10:00","1749722407","0.022","0.305","0.575","","","0.275","0.19","0.085","0.049","0.003"
"06-12-2025 11:00","1749726007","0.0205","0.3","0.565","","","0.285","0.195","0.095","0.043","0.003"
"06-12-2025 12:00","1749729607","0.0215","0.28","0.53","","","0.305","0.2","0.095","0.0435","0.003"
"06-12-2025 13:00","1749733207","0.02","0.275","0.54","","","0.3","0.205","0.09","0.044","0.003"
"06-12-2025 14:00","1749736807","0.022","0.295","0.56","","","0.28","0.19","0.09","0.042","0.003"
"06-12-2025 15:00","1749740407","0.023","0.31","0.59","","","0.27","0.175","0.08","0.042","0.003"
"06-12-2025 16:00","1749744008","0.0215","0.285","0.52","","","0.31","0.215","0.095","0.0425","0.0025"
"06-12-2025 17:00","1749747607","0.0215","0.295","0.555","","","0.285","0.19","0.09","0.0425","0.0025"
"06-12-2025 18:00","1749751207","0.0225","0.33","0.58","","","0.27","0.175","0.085","0.042","0.0025"
"06-12-2025 19:00","1749754808","0.021","0.3","0.535","","","0.29","0.195","0.09","0.042","0.0025"
"06-12-2025 20:00","1749758407","0.0195","0.255","0.48","","","0.335","0.215","0.1","0.0435","0.0025"
"06-12-2025 21:00","1749762007","0.017","0.195","0.405","","","0.405","0.285","0.135","0.058","0.0025"
"06-12-2025 22:00","1749765607","0.021","0.2","0.4","","","0.405","0.275","0.135","0.0515","0.0025"
"06-12-2025 23:00","1749769208","0.021","0.205","0.41","","","0.395","0.27","0.125","0.0515","0.0025"
"06-13-2025 00:00","1749772807","0.0205","0.2","0.405","","","0.39","0.27","0.13","0.05","0.0025"
"06-13-2025 01:00","1749776407","0.015","0.13","0.285","","","0.57","0.42","0.195","0.0875","0.003"
"06-13-2025 02:00","1749780008","0.017","0.135","0.27","","","0.635","0.465","0.235","0.1005","0.003"
"06-13-2025 03:00","1749783608","0.0135","0.115","0.26","","","0.675","0.495","0.26","0.1185","0.003"
"06-13-2025 04:00","1749787207","0.0135","0.155","0.29","","","0.61","0.435","0.215","0.101","0.003"
"06-13-2025 05:00","1749790807","0.019","0.15","0.285","","","0.615","0.455","0.23","0.1015","0.003"
"06-13-2025 06:00","1749794407","0.016","0.155","0.28","","","0.615","0.45","0.225","0.1005","0.003"
"06-13-2025 08:00","1749801609","0.0165","0.16","0.3","","","0.59","0.42","0.2","0.087","0.0025"
"06-13-2025 09:00","1749805208","0.016","0.155","0.305","","","0.6","0.43","0.21","0.085","0.0025"
"06-13-2025 10:00","1749808807","0.016","0.155","0.3","","","0.59","0.415","0.205","0.0825","0.0025"
"06-13-2025 11:00","1749812408","0.0155","0.155","0.315","","","0.57","0.41","0.195","0.0815","0.0025"
"06-13-2025 12:00","1749816008","0.0165","0.155","0.315","","","0.545","0.39","0.195","0.0795","0.0025"
"06-13-2025 13:00","1749819609","0.0165","0.16","0.315","","","0.56","0.395","0.185","0.0785","0.0025"
"06-13-2025 14:00","1749823209","0.0165","0.16","0.31","","","0.555","0.395","0.175","0.078","0.0025"
"06-13-2025 15:00","1749826808","0.0165","0.155","0.305","","","0.56","0.395","0.185","0.0825","0.0025"
"06-13-2025 16:00","1749830408","0.0165","0.16","0.31","","","0.54","0.38","0.175","0.079","0.003"
"06-13-2025 17:00","1749834008","0.0165","0.17","0.32","","","0.52","0.37","0.165","0.07","0.003"
"06-13-2025 18:00","1749837607","0.018","0.16","0.305","","","0.54","0.395","0.17","0.08","0.003"
"06-13-2025 19:00","1749841207","0.018","0.15","0.295","","","0.57","0.41","0.195","0.083","0.0035"
"06-13-2025 20:00","1749844807","0.018","0.15","0.29","","","0.57","0.41","0.19","0.0825","0.0035"
"06-13-2025 21:00","1749848407","0.0165","0.155","0.315","","","0.545","0.385","0.175","0.082","0.0035"
"06-13-2025 22:00","1749852008","0.0165","0.165","0.325","","","0.53","0.375","0.17","0.077","0.0035"
"06-13-2025 23:00","1749855608","0.017","0.175","0.345","","","0.5","0.355","0.16","0.0725","0.0035"
"06-14-2025 00:00","1749859208","0.0175","0.175","0.345","","","0.5","0.35","0.155","0.071","0.0035"
"06-14-2025 01:00","1749862808","0.017","0.16","0.33","","","0.515","0.365","0.16","0.068","0.0035"
"06-14-2025 02:00","1749866407","0.017","0.145","0.32","","","0.52","0.365","0.165","0.0685","0.0035"
"06-14-2025 03:00","1749870008","0.017","0.145","0.315","","","0.515","0.365","0.16","0.0685","0.0035"
"06-14-2025 04:00","1749873607","0.016","0.145","0.31","","","0.53","0.375","0.165","0.066","0.0035"
"06-14-2025 05:00","1749877207","0.016","0.145","0.31","","","0.525","0.37","0.165","0.066","0.0035"
"06-14-2025 06:00","1749880807","0.0175","0.145","0.31","","","0.525","0.37","0.16","0.0665","0.0035"
"06-14-2025 07:00","1749884408","0.0165","0.135","0.305","","","0.535","0.375","0.17","0.0655","0.0035"
"06-14-2025 08:00","1749888009","0.0165","0.135","0.295","","","0.545","0.39","0.175","0.0685","0.0035"
"06-14-2025 09:00","1749891608","0.015","0.135","0.3","","","0.535","0.385","0.18","0.0725","0.0035"
"06-14-2025 10:00","1749895209","0.015","0.135","0.285","","","0.57","0.41","0.18","0.077","0.0035"
"06-14-2025 11:00","1749898807","0.015","0.135","0.285","","","0.545","0.385","0.18","0.074","0.003"
"06-14-2025 12:00","1749902407","0.014","0.125","0.29","","","0.535","0.38","0.175","0.0735","0.003"
"06-14-2025 13:00","1749906008","0.014","0.125","0.29","","","0.535","0.38","0.17","0.0745","0.003"
"06-14-2025 14:00","1749909608","0.0105","0.125","0.295","","","0.54","0.385","0.17","0.0735","0.0035"
"06-14-2025 15:00","1749913207","0.011","0.125","0.295","","","0.545","0.39","0.175","0.0735","0.0035"
"06-14-2025 16:00","1749916809","0.011","0.12","0.27","","","0.56","0.4","0.19","0.073","0.0035"
"06-14-2025 17:00","1749920408","0.0105","0.105","0.23","","","0.595","0.425","0.205","0.082","0.003"
"06-14-2025 18:00","1749924007","0.011","0.105","0.245","","","0.57","0.41","0.2","0.0755","0.003"
"06-14-2025 19:00","1749927607","0.013","0.105","0.225","","","0.585","0.41","0.2","0.074","0.003"
"06-14-2025 20:00","1749931207","0.0145","0.115","0.24","","","0.575","0.415","0.2","0.071","0.003"
"06-14-2025 21:00","1749934808","0.013","0.115","0.235","","","0.575","0.41","0.2","0.076","0.003"
"06-14-2025 22:00","1749938408","0.0135","0.125","0.255","","","0.555","0.38","0.185","0.0725","0.003"
"06-14-2025 23:00","1749942007","0.015","0.115","0.255","","","0.55","0.385","0.19","0.0735","0.003"
"06-15-2025 00:00","1749945608","0.0155","0.12","0.26","","","0.54","0.37","0.165","0.0725","0.003"
"06-15-2025 01:00","1749949209","0.015","0.125","0.275","","","0.535","0.37","0.17","0.07","0.003"
"06-15-2025 02:00","1749952807","0.015","0.12","0.26","","","0.54","0.38","0.165","0.0715","0.003"
"06-15-2025 03:00","1749956408","0.015","0.12","0.26","","","0.54","0.38","0.16","0.0715","0.003"
"06-15-2025 04:00","1749960007","0.015","0.12","0.26","","","0.54","0.375","0.16","0.0715","0.003"
"06-15-2025 05:00","1749963607","0.015","0.125","0.28","","","0.525","0.355","0.165","0.0695","0.003"
"06-15-2025 06:00","1749967209","0.0145","0.125","0.28","","","0.515","0.36","0.165","0.069","0.003"
"06-15-2025 07:00","1749970807","0.014","0.125","0.27","","","0.53","0.37","0.175","0.069","0.003"
"06-15-2025 08:00","1749974408","0.0135","0.115","0.255","","","0.545","0.38","0.18","0.0655","0.0025"
"06-15-2025 09:00","1749978008","0.0135","0.115","0.25","","","0.555","0.38","0.185","0.0665","0.003"
"06-15-2025 10:00","1749981607","0.013","0.115","0.245","","","0.575","0.385","0.195","0.0665","0.0025"
"06-15-2025 11:00","1749985207","0.013","0.115","0.255","","","0.565","0.385","0.185","0.0685","0.0025"
"06-15-2025 12:00","1749988807","0.0125","0.115","0.245","","","0.57","0.395","0.185","0.068","0.0025"
"06-15-2025 13:00","1749992407","0.0125","0.115","0.255","","","0.565","0.39","0.185","0.068","0.0025"
"06-15-2025 14:00","1749996007","0.013","0.135","0.285","","","0.53","0.365","0.175","0.0665","0.0025"
"06-15-2025 15:00","1749999607","0.013","0.155","0.31","","","0.52","0.37","0.18","0.0655","0.003"
"06-15-2025 16:00","1750003207","0.0125","0.145","0.305","","","0.515","0.37","0.18","0.0655","0.003"
"06-15-2025 17:00","1750006807","0.0125","0.15","0.3","","","0.5","0.355","0.155","0.0635","0.003"
"06-15-2025 18:00","1750010406","0.0125","0.15","0.3","","","0.495","0.355","0.16","0.062","0.003"
"06-15-2025 19:00","1750014007","0.0125","0.15","0.295","","","0.505","0.36","0.155","0.063","0.003"
"06-15-2025 20:00","1750017607","0.012","0.135","0.28","","","0.525","0.375","0.16","0.063","0.003"
"06-15-2025 21:00","1750021207","0.0105","0.115","0.235","","","0.595","0.425","0.205","0.0725","0.003"
"06-15-2025 22:00","1750024808","0.0105","0.135","0.26","","","0.58","0.41","0.205","0.0715","0.003"
"06-15-2025 23:00","1750028407","0.012","0.145","0.295","","","0.55","0.38","0.195","0.067","0.003"
"06-16-2025 00:00","1750032007","0.012","0.155","0.3","","","0.535","0.365","0.17","0.067","0.003"
"06-16-2025 01:00","1750035606","0.012","0.14","0.29","","","0.54","0.37","0.165","0.0645","0.003"
"06-16-2025 02:00","1750039206","0.0105","0.145","0.305","","","0.515","0.35","0.16","0.0625","0.003"
"06-16-2025 03:00","1750042807","0.0105","0.155","0.33","","","0.48","0.325","0.14","0.055","0.003"
"06-16-2025 04:00","1750046407","0.0095","0.15","0.31","","","0.49","0.33","0.14","0.0545","0.003"
"06-16-2025 05:00","1750050007","0.0095","0.155","0.32","","","0.485","0.315","0.135","0.0535","0.0025"
"06-16-2025 06:00","1750053607","0.011","0.175","0.35","","","0.425","0.28","0.115","0.0525","0.0025"
"06-16-2025 07:00","1750057207","0.012","0.17","0.345","","","0.42","0.28","0.12","0.0525","0.0025"
"06-16-2025 08:00","1750060808","0.013","0.185","0.37","","","0.395","0.26","0.11","0.052","0.0025"
"06-16-2025 09:00","1750064407","0.014","0.185","0.37","","","0.385","0.255","0.11","0.0495","0.0025"
"06-16-2025 10:00","1750068007","0.013","0.175","0.36","","","0.395","0.255","0.105","0.0445","0.0025"
"06-16-2025 11:00","1750071607","0.0125","0.175","0.355","","","0.395","0.26","0.115","0.043","0.0025"
"06-16-2025 12:00","1750075208","0.0135","0.165","0.345","","","0.4","0.26","0.105","0.0475","0.0025"
"06-16-2025 13:00","1750078806","0.013","0.165","0.34","","","0.405","0.265","0.115","0.0475","0.0025"
"06-16-2025 14:00","1750082407","0.013","0.195","0.375","","","0.37","0.24","0.095","0.0445","0.0025"
"06-16-2025 15:00","1750086007","0.013","0.19","0.38","","","0.37","0.245","0.1","0.044","0.0025"
"06-16-2025 16:00","1750089608","0.013","0.185","0.36","","","0.375","0.245","0.105","0.0445","0.0025"
"06-16-2025 17:00","1750093207","0.013","0.18","0.37","","","0.37","0.24","0.105","0.044","0.0025"
"06-16-2025 18:00","1750096808","0.013","0.18","0.355","","","0.37","0.24","0.105","0.0445","0.0025"
"06-16-2025 19:00","1750100408","0.013","0.185","0.385","","","0.355","0.22","0.095","0.043","0.0025"
"06-16-2025 20:00","1750104008","0.0135","0.195","0.39","","","0.34","0.21","0.095","0.0415","0.0025"
"06-16-2025 21:00","1750107608","0.014","0.19","0.405","","","0.32","0.205","0.095","0.04","0.0025"
"06-16-2025 22:00","1750111208","0.0135","0.175","0.37","","","0.35","0.225","0.095","0.04","0.0025"
"06-16-2025 23:00","1750114807","0.0135","0.135","0.285","","","0.465","0.31","0.135","0.0475","0.0025"
"06-17-2025 00:00","1750118408","0.0145","0.125","0.25","","","0.52","0.355","0.155","0.052","0.0025"
"06-17-2025 01:00","1750122008","0.014","0.15","0.295","","","0.44","0.285","0.13","0.046","0.0025"
"06-17-2025 02:00","1750125607","0.0145","0.15","0.285","","","0.445","0.295","0.135","0.0415","0.0025"
"06-17-2025 03:00","1750129207","0.01","0.155","0.325","","","0.4","0.26","0.135","0.0435","0.0025"
"06-17-2025 04:00","1750132808","0.01","0.165","0.325","","","0.405","0.265","0.135","0.0385","0.0025"
"06-17-2025 05:00","1750136408","0.01","0.155","0.305","","","0.43","0.275","0.12","0.0415","0.0025"
"06-17-2025 06:00","1750140007","0.0095","0.145","0.285","","","0.45","0.295","0.135","0.0395","0.0025"
"06-17-2025 07:00","1750143608","0.0095","0.145","0.285","","","0.44","0.285","0.13","0.042","0.0025"
"06-17-2025 08:00","1750147207","0.0095","0.145","0.285","","","0.44","0.29","0.12","0.0415","0.0025"
"06-17-2025 09:00","1750150807","0.0095","0.145","0.275","","","0.46","0.3","0.13","0.043","0.0025"
"06-17-2025 10:00","1750154407","0.0095","0.145","0.26","","","0.465","0.31","0.13","0.043","0.0025"
"06-17-2025 11:00","1750158007","0.0085","0.135","0.255","","","0.475","0.31","0.145","0.0425","0.0025"
"06-17-2025 12:00","1750161606","0.0095","0.135","0.245","","","0.48","0.315","0.155","0.045","0.0025"
"06-17-2025 13:00","1750165207","0.0095","0.135","0.235","","","0.49","0.315","0.155","0.043","0.0025"
"06-17-2025 14:00","1750168808","0.0095","0.135","0.235","","","0.48","0.32","0.155","0.04","0.0025"
"06-17-2025 15:00","1750172407","0.0095","0.125","0.215","","","0.51","0.34","0.165","0.051","0.0025"
"06-17-2025 16:00","1750176008","0.0095","0.095","0.18","","","0.58","0.39","0.18","0.069","0.0025"
"06-17-2025 17:00","1750179607","0.0095","0.085","0.155","","","0.64","0.445","0.205","0.0805","0.0025"
"06-17-2025 18:00","1750183207","0.0095","0.1","0.155","","","0.635","0.44","0.205","0.0855","0.0025"
"06-17-2025 19:00","1750186808","0.0045","0.105","0.18","","","0.585","0.39","0.185","0.08","0.004"
"06-17-2025 20:00","1750190408","0.0045","0.115","0.205","","","0.52","0.345","0.14","0.063","0.003"
"06-17-2025 21:00","1750194008","0.0045","0.095","0.19","","","0.56","0.37","0.16","0.065","0.003"
"06-17-2025 22:00","1750197608","0.0045","0.105","0.195","","","0.55","0.355","0.155","0.074","0.003"
"06-17-2025 23:00","1750201207","0.006","0.105","0.175","","","0.59","0.395","0.165","0.074","0.003"
"06-18-2025 00:00","1750204808","0.006","0.105","0.185","","","0.56","0.37","0.16","0.0665","0.003"
"06-18-2025 01:00","1750208408","0.006","0.105","0.195","","","0.53","0.35","0.15","0.066","0.003"
"06-18-2025 02:00","1750212008","0.006","0.125","0.185","","","0.54","0.35","0.15","0.066","0.0025"
"06-18-2025 03:00","1750215608","0.0065","0.12","0.18","","","0.54","0.36","0.135","0.0655","0.0025"
"06-18-2025 04:00","1750219207","0.0065","0.105","0.19","","","0.52","0.335","0.135","0.066","0.0025"
"06-18-2025 05:00","1750222808","0.0065","0.11","0.195","","","0.505","0.335","0.125","0.0475","0.0025"
"06-18-2025 06:00","1750226408","0.007","0.11","0.2","","","0.505","0.335","0.12","0.047","0.0025"
"06-18-2025 07:00","1750230008","0.007","0.105","0.185","","","0.53","0.355","0.13","0.047","0.0025"
"06-18-2025 08:00","1750233608","0.0065","0.105","0.185","","","0.5","0.335","0.13","0.048","0.0025"
"06-18-2025 09:00","1750237208","0.0065","0.105","0.185","","","0.505","0.33","0.125","0.0555","0.0025"
"06-18-2025 10:00","1750240807","0.0065","0.095","0.18","","","0.515","0.345","0.125","0.0595","0.0025"
"06-18-2025 11:00","1750244408","0.0075","0.08","0.15","","","0.57","0.385","0.145","0.06","0.0025"
"06-18-2025 12:00","1750248007","0.0075","0.085","0.17","","","0.54","0.35","0.135","0.06","0.0025"
"06-18-2025 13:00","1750251607","0.007","0.075","0.15","","","0.575","0.38","0.145","0.06","0.0025"
"06-18-2025 14:00","1750255208","0.0095","0.085","0.155","","","0.555","0.37","0.145","0.056","0.0025"
"06-18-2025 15:00","1750258807","0.0075","0.075","0.155","","","0.545","0.365","0.145","0.059","0.0025"
"06-18-2025 16:00","1750262408","0.007","0.08","0.16","","","0.545","0.36","0.145","0.05","0.0025"
"06-18-2025 17:00","1750266008","0.008","0.075","0.15","","","0.56","0.37","0.15","0.05","0.0035"
"06-18-2025 18:00","1750269607","0.0085","0.075","0.15","","","0.57","0.375","0.165","0.052","0.003"
"06-18-2025 19:00","1750273207","0.0105","0.075","0.14","","","0.61","0.395","0.175","0.0565","0.0035"
"06-18-2025 20:00","1750276808","0.0105","0.075","0.155","","","0.57","0.365","0.15","0.051","0.0035"
"06-18-2025 21:00","1750280408","0.0105","0.1","0.18","","","0.51","0.325","0.13","0.048","0.0025"
"06-18-2025 22:00","1750284007","0.0095","0.085","0.17","","","0.51","0.325","0.13","0.048","0.0025"
"06-18-2025 23:00","1750287607","0.0095","0.075","0.17","","","0.51","0.315","0.13","0.047","0.003"
"06-19-2025 00:00","1750291207","0.0095","0.075","0.16","","","0.515","0.315","0.13","0.0525","0.0025"
"06-19-2025 01:00","1750294807","0.0095","0.075","0.17","","","0.505","0.315","0.12","0.0465","0.0025"
"06-19-2025 02:00","1750298408","0.009","0.07","0.16","","","0.53","0.335","0.13","0.047","0.0025"
"06-19-2025 03:00","1750302007","0.0085","0.07","0.15","","","0.525","0.325","0.125","0.047","0.0025"
"06-19-2025 04:00","1750305608","0.0075","0.065","0.16","","","0.51","0.31","0.12","0.046","0.0035"
"06-19-2025 05:00","1750309208","0.006","0.065","0.155","","","0.505","0.31","0.12","0.046","0.003"
"06-19-2025 06:00","1750312808","0.0065","0.065","0.16","","","0.505","0.31","0.12","0.046","0.003"
"06-19-2025 07:00","1750316408","0.006","0.055","0.15","","","0.51","0.315","0.12","0.046","0.003"
"06-19-2025 08:00","1750320007","0.006","0.055","0.15","","","0.505","0.305","0.12","0.046","0.004"
"06-19-2025 09:00","1750323607","0.006","0.06","0.15","","","0.5","0.3","0.12","0.046","0.004"
"06-19-2025 10:00","1750327208","0.006","0.065","0.16","","","0.47","0.285","0.115","0.0445","0.0025"
"06-19-2025 11:00","1750330807","0.006","0.07","0.16","","","0.465","0.28","0.115","0.044","0.0025"
"06-19-2025 12:00","1750334407","0.0065","0.07","0.155","","","0.48","0.29","0.115","0.044","0.0025"
"06-19-2025 13:00","1750338007","0.006","0.065","0.15","","","0.49","0.3","0.115","0.044","0.0025"
"06-19-2025 14:00","1750341608","0.006","0.065","0.145","","","0.52","0.315","0.115","0.0355","0.0025"
"06-19-2025 15:00","1750345207","0.006","0.06","0.14","","","0.54","0.335","0.125","0.037","0.0025"
"06-19-2025 16:00","1750348808","0.006","0.055","0.135","","","0.55","0.345","0.125","0.0375","0.0025"
"06-19-2025 17:00","1750352408","0.0055","0.055","0.135","","","0.56","0.35","0.125","0.0405","0.0025"
"06-19-2025 18:00","1750356007","0.0055","0.055","0.135","","","0.505","0.31","0.11","0.03","0.0025"
"06-19-2025 19:00","1750359608","0.0065","0.055","0.135","","","0.515","0.32","0.11","0.0305","0.0025"
"06-19-2025 20:00","1750363208","0.0065","0.055","0.135","","","0.51","0.32","0.115","0.0305","0.0025"
"06-19-2025 21:00","1750366807","0.0055","0.045","0.135","","","0.5","0.31","0.115","0.03","0.0025"
"06-19-2025 22:00","1750370408","0.0055","0.045","0.13","","","0.495","0.31","0.115","0.0305","0.0025"
"06-19-2025 23:00","1750374007","0.0055","0.055","0.155","","","0.445","0.265","0.105","0.0275","0.0025"
"06-20-2025 00:00","1750377608","0.0055","0.06","0.135","","","0.455","0.265","0.11","0.029","0.0025"
"06-20-2025 01:00","1750381208","0.0055","0.06","0.135","","","0.445","0.265","0.105","0.029","0.0025"
"06-20-2025 02:00","1750384807","0.0065","0.065","0.135","","","0.45","0.255","0.095","0.028","0.0025"
"06-20-2025 03:00","1750388407","0.0065","0.075","0.135","","","0.47","0.275","0.095","0.028","0.0025"
"06-20-2025 04:00","1750392008","0.006","0.065","0.125","","","0.465","0.265","0.095","0.0445","0.0025"
"06-20-2025 05:00","1750395607","0.006","0.05","0.115","","","0.485","0.29","0.095","0.0475","0.0025"
"06-20-2025 06:00","1750399207","0.006","0.055","0.125","","","0.455","0.27","0.095","0.044","0.0025"
"06-20-2025 07:00","1750402806","0.006","0.055","0.12","","","0.45","0.26","0.09","0.044","0.0025"
"06-20-2025 08:00","1750406408","0.0065","0.055","0.155","","","0.405","0.225","0.085","0.036","0.0025"
"06-20-2025 09:00","1750410006","0.0065","0.07","0.155","","","0.39","0.225","0.075","0.036","0.0025"
"06-20-2025 10:00","1750413607","0.0075","0.075","0.145","","","0.385","0.215","0.075","0.036","0.0025"
"06-20-2025 11:00","1750417207","0.0075","0.075","0.14","","","0.375","0.205","0.075","0.0305","0.0025"
"06-20-2025 12:00","1750420808","0.0075","0.075","0.14","","","0.375","0.215","0.075","0.0305","0.0025"
"06-20-2025 13:00","1750424407","0.0075","0.075","0.145","","","0.375","0.21","0.075","0.0305","0.0025"
"06-20-2025 14:00","1750428007","0.007","0.065","0.13","","","0.405","0.23","0.075","0.029","0.0025"
"06-20-2025 15:00","1750431608","0.0065","0.055","0.105","","","0.485","0.285","0.095","0.029","0.0025"
"06-20-2025 16:00","1750435208","0.0065","0.055","0.11","","","0.485","0.28","0.095","0.029","0.0025"
"06-20-2025 17:00","1750438808","0.0065","0.055","0.1","","","0.505","0.3","0.1","0.0285","0.0025"
"06-20-2025 18:00","1750442407","0.006","0.0255","0.07","","","0.67","0.42","0.15","0.053","0.0025"
"06-20-2025 19:00","1750446007","0.006","0.027","0.075","","","0.67","0.42","0.145","0.0525","0.0025"
"06-20-2025 20:00","1750449608","0.005","0.022","0.07","","","0.68","0.425","0.15","0.051","0.0025"
"06-20-2025 21:00","1750453208","0.005","0.025","0.075","","","0.655","0.41","0.135","0.049","0.0025"
"06-20-2025 22:00","1750456808","0.005","0.022","0.065","","","0.67","0.43","0.145","0.05","0.0025"
"06-20-2025 23:00","1750460407","0.005","0.0225","0.06","","","0.74","0.48","0.175","0.0495","0.0025"
"06-21-2025 00:00","1750464008","0.0045","0.025","0.065","","","0.69","0.45","0.16","0.0485","0.0025"
"06-21-2025 01:00","1750467607","0.0045","0.029","0.06","","","0.685","0.435","0.155","0.0475","0.0025"
"06-21-2025 02:00","1750471209","0.0045","0.0285","0.065","","","0.635","0.385","0.155","0.043","0.0015"
"06-21-2025 03:00","1750474807","0.0045","0.0285","0.065","","","0.645","0.405","0.155","0.0435","0.0015"
"06-21-2025 04:00","1750478408","0.0045","0.0315","0.075","","","0.625","0.4","0.155","0.0435","0.0015"
"06-21-2025 05:00","1750482007","0.0045","0.031","0.075","","","0.64","0.405","0.155","0.0435","0.0015"
"06-21-2025 06:00","1750485607","0.0045","0.031","0.065","","","0.63","0.4","0.155","0.0435","0.0015"
"06-21-2025 07:00","1750489207","0.0045","0.029","0.065","","","0.615","0.395","0.14","0.0435","0.0015"
"06-21-2025 08:00","1750492807","0.0045","0.03","0.075","","","0.62","0.39","0.135","0.0415","0.0015"
"06-21-2025 09:00","1750496408","0.0045","0.032","0.075","","","0.585","0.355","0.115","0.0415","0.0015"
"06-21-2025 10:00","1750500008","0.0045","0.0335","0.08","","","0.57","0.345","0.105","0.0415","0.0015"
"06-21-2025 11:00","1750503608","0.0045","0.033","0.075","","","0.6","0.36","0.11","0.0415","0.0015"
"06-21-2025 12:00","1750507208","0.0045","0.0335","0.075","","","0.585","0.35","0.105","0.0415","0.0015"
"06-21-2025 13:00","1750510808","0.0045","0.033","0.065","","","0.6","0.355","0.105","0.0415","0.0015"
"06-21-2025 14:00","1750514407","0.0045","0.03","0.065","","","0.635","0.39","0.125","0.0415","0.0015"
"06-21-2025 15:00","1750518007","0.0045","0.03","0.06","","","0.63","0.39","0.12","0.0415","0.0015"
"06-21-2025 16:00","1750521608","0.0045","0.03","0.06","","","0.62","0.38","0.115","0.0415","0.0015"
"06-21-2025 17:00","1750525208","0.0045","0.0275","0.055","","","0.635","0.39","0.125","0.042","0.0015"
"06-21-2025 18:00","1750528808","0.0045","0.027","0.055","","","0.69","0.425","0.135","0.0415","0.0015"
"06-21-2025 19:00","1750532408","0.0045","0.024","0.055","","","0.725","0.45","0.145","0.0415","0.0015"
"06-21-2025 20:00","1750536008","0.0045","0.0205","0.045","","","0.73","0.455","0.155","0.0435","0.0015"
"06-21-2025 21:00","1750539608","0.0045","0.0205","0.045","","","0.675","0.41","0.14","0.0435","0.0015"
"06-21-2025 22:00","1750543208","0.0055","0.0185","0.0275","","","0.9975","0.755","0.335","0.1105","0.0015"
"06-21-2025 23:00","1750546807","0.0055","0.017","0.0385","","","0.9995","0.74","0.33","0.1085","0.0025"
"06-22-2025 00:00","1750550406","0.0055","0.0315","0.035","","","0.9995","0.735","0.32","0.118","0.0025"
"06-22-2025 01:00","1750554007","0.0065","0.031","0.0345","","","0.9995","0.73","0.3","0.1105","0.0025"
"06-22-2025 02:00","1750557607","0.0065","0.0275","0.0335","","","","0.81","0.35","0.123","0.0025"
"06-22-2025 03:00","1750561206","0.0065","0.022","0.0265","","","","0.82","0.38","0.123","0.0025"
"06-22-2025 04:00","1750564807","0.006","0.017","0.027","","","","0.82","0.39","0.128","0.0025"
"06-22-2025 05:00","1750568406","0.006","0.02","0.0305","","","","0.76","0.365","0.1215","0.0025"
"06-22-2025 06:00","1750572007","0.0055","0.0205","0.0305","","","","0.74","0.33","0.105","0.0025"
"06-22-2025 07:00","1750575607","0.0055","0.019","0.0305","","","","0.75","0.31","0.1045","0.0025"
"06-22-2025 08:00","1750579207","0.005","0.0165","0.025","","","","0.795","0.335","0.1025","0.0025"
"06-22-2025 09:00","1750582807","0.0045","0.015","0.0215","","","","0.785","0.33","0.1025","0.0025"
"06-22-2025 10:00","1750586407","0.0035","0.0135","0.0185","","","","0.88","0.385","0.118","0.003"
"06-22-2025 11:00","1750590006","0.0035","0.012","0.0205","","","","0.815","0.34","0.106","0.003"
"06-22-2025 12:00","1750593607","0.0045","0.0125","0.021","","","","0.785","0.32","0.103","0.003"
"06-22-2025 13:00","1750597207","0.0045","0.015","0.024","","","","0.76","0.31","0.1035","0.003"
"06-22-2025 14:00","1750600807","0.004","0.013","0.0165","","","","0.9995","0.515","0.2005","0.003"
"06-22-2025 15:00","1750604407","0.0035","0.0125","0.0155","","","","0.9995","0.515","0.2115","0.003"
"06-22-2025 16:00","1750608007","0.0025","0.0135","0.015","","","","","0.57","0.2135","0.0065"
"06-22-2025 17:00","1750611607","0.0025","0.0135","0.0155","","","","","0.53","0.212","0.0055"
"06-22-2025 18:00","1750615207","0.0035","0.0135","0.015","","","","","0.525","0.2035","0.0045"
"06-22-2025 19:00","1750618807","0.003","0.0135","0.0155","","","","","0.525","0.211","0.004"
"06-22-2025 20:00","1750622407","0.0035","0.0135","0.0155","","","","","0.525","0.208","0.004"
"06-22-2025 21:00","1750626007","0.0015","0.0125","0.0145","","","","","0.535","0.2105","0.003"
"06-22-2025 22:00","1750629607","0.0025","0.0125","0.015","","","","","0.555","0.203","0.0065"
"06-22-2025 23:00","1750633207","0.0025","0.013","0.0205","","","","","0.445","0.178","0.004"
"06-23-2025 00:00","1750636807","0.0025","0.0125","0.021","","","","","0.435","0.1745","0.004"
"06-23-2025 01:00","1750640407","0.0025","0.0135","0.0335","","","","","0.395","0.145","0.0045"
"06-23-2025 02:00","1750644007","0.0025","0.0135","0.0275","","","","","0.375","0.146","0.004"
"06-23-2025 03:00","1750647606","0.0025","0.0135","0.0265","","","","","0.39","0.131","0.004"
"06-23-2025 04:00","1750651207","0.0025","0.0125","0.026","","","","","0.4","0.13","0.004"
"06-23-2025 05:00","1750654807","0.0025","0.0115","0.025","","","","","0.385","0.1135","0.0035"
"06-23-2025 06:00","1750658407","0.0025","0.012","0.0245","","","","","0.365","0.1115","0.004"
"06-23-2025 07:00","1750662006","0.0025","0.0115","0.025","","","","","0.355","0.11","0.004"
"06-23-2025 08:00","1750665606","0.0025","0.01","0.0225","","","","","0.325","0.1115","0.004"
"06-23-2025 09:00","1750669205","0.0025","0.0085","0.021","","","","","0.32","0.085","0.004"
"06-23-2025 10:00","1750672807","0.0025","0.0095","0.015","","","","","0.34","0.089","0.0045"
"06-23-2025 11:00","1750676406","0.0025","0.01","0.015","","","","","0.35","0.099","0.0045"
"06-23-2025 12:00","1750680007","0.0025","0.0065","0.015","","","","","0.335","0.105","0.004"
"06-23-2025 13:00","1750683606","0.0025","0.0065","0.0145","","","","","0.305","0.1","0.0035"
"06-23-2025 14:00","1750687206","0.0025","0.005","0.018","","","","","0.275","0.0945","0.0035"
"06-23-2025 15:00","1750690807","0.0025","0.0065","0.024","","","","","0.305","0.0875","0.0035"
"06-23-2025 16:00","1750694407","0.0025","0.007","0.0215","","","","","0.345","0.105","0.0035"
"06-23-2025 17:00","1750698006","0.0025","0.007","0.018","","","","","0.41","0.133","0.004"
"06-23-2025 18:00","1750701606","0.0025","0.007","0.0305","","","","","0.3","0.079","0.003"
"06-23-2025 19:00","1750705206","0.0025","0.01","0.0245","","","","","0.25","0.059","0.002"
"06-23-2025 20:00","1750708806","0.0015","0.008","0.03","","","","","0.225","0.0645","0.0015"
"06-23-2025 21:00","1750712406","0.0015","0.0135","0.043","","","","","0.195","0.058","0.0015"
"06-23-2025 22:00","1750716007","0.0025","0.013","0.042","","","","","0.2","0.059","0.0015"
"06-23-2025 23:00","1750719606","0.0025","0.023","0.0625","","","","","0.135","0.0615","0.0015"
"06-24-2025 00:00","1750723207","0.0025","0.022","0.067","","","","","0.14","0.056","0.0015"
"06-24-2025 01:00","1750726806","0.0015","0.0225","0.0575","","","","","0.13","0.0575","0.0015"
"06-24-2025 02:00","1750730407","0.0015","0.0155","0.0425","","","","","0.12","0.0485","0.0015"
"06-24-2025 03:00","1750734007","0.0015","0.016","0.0555","","","","","0.14","0.047","0.0015"
"06-24-2025 04:00","1750737607","0.0015","0.014","0.0485","","","","","0.135","0.043","0.0015"
"06-24-2025 05:00","1750741206","0.0015","0.0135","0.047","","","","","0.13","0.044","0.0015"
"06-24-2025 06:00","1750744806","0.0015","0.017","0.053","","","","","0.115","0.0395","0.0015"
"06-24-2025 07:00","1750748407","0.0015","0.018","0.0565","","","","","0.105","0.038","0.0015"
"06-24-2025 08:00","1750752007","0.0015","0.017","0.0475","","","","","0.135","0.038","0.0015"
"06-24-2025 09:00","1750755607","0.0015","0.013","0.0365","","","","","0.12","0.0335","0.0015"
"06-24-2025 10:00","1750759206","0.0015","0.016","0.0415","","","","","0.12","0.033","0.0015"
"06-24-2025 11:00","1750762807","0.0015","0.016","0.0425","","","","","0.12","0.0335","0.0015"
"06-24-2025 12:00","1750766406","0.0015","0.0155","0.0415","","","","","0.115","0.034","0.0015"
"06-24-2025 13:00","1750770007","0.0015","0.0155","0.038","","","","","0.105","0.037","0.0015"
"06-24-2025 14:00","1750773607","0.001","0.015","0.04","","","","","0.115","0.0375","0.0015"
"06-24-2025 15:00","1750777207","0.001","0.015","0.0405","","","","","0.105","0.0345","0.0005"
"06-24-2025 16:00","1750780806","0.002","0.0155","0.047","","","","","0.095","0.034","0.0005"
"06-24-2025 17:00","1750784406","0.002","0.0245","0.0555","","","","","0.07","0.0225","0.0005"
"06-24-2025 18:00","1750788007","0.0015","0.0215","0.054","","","","","0.075","0.024","0.0005"
"06-24-2025 19:00","1750791606","0.0045","0.0215","0.0565","","","","","0.07","0.025","0.0005"
"06-24-2025 20:00","1750795206","0.0025","0.0155","0.0495","","","","","0.08","0.0235","0.0005"
"06-24-2025 21:00","1750798807","0.003","0.02","0.0495","","","","","0.065","0.021","0.0005"
"06-24-2025 22:00","1750802407","0.0025","0.02","0.047","","","","","0.075","0.024","0.0005"
"06-24-2025 23:00","1750806007","0.0015","0.02","0.047","","","","","0.075","0.0215","0.0005"
"06-25-2025 00:00","1750809607","0.0015","0.02","0.046","","","","","0.075","0.0205","0.0005"
"06-25-2025 01:00","1750813208","0.0015","0.02","0.0475","","","","","0.065","0.021","0.0005"
"06-25-2025 02:00","1750816808","0.0015","0.0285","0.039","","","","","0.07","0.021","0.0005"
"06-25-2025 03:00","1750820407","0.002","0.0265","0.0425","","","","","0.065","0.0245","0.0005"
"06-25-2025 04:00","1750824007","0.002","0.0255","0.041","","","","","0.06","0.0235","0.0005"
"06-25-2025 05:00","1750827607","0.0015","0.019","0.032","","","","","0.06","0.0235","0.0005"
"06-25-2025 06:00","1750831207","0.0015","0.0175","0.0305","","","","","0.07","0.025","0.0005"
"06-25-2025 07:00","1750834807","0.0015","0.011","0.024","","","","","0.055","0.027","0.0005"
"06-25-2025 08:00","1750838408","0.001","0.0135","0.026","","","","","0.065","0.0135","0.0005"
"06-25-2025 09:00","1750842008","0.001","0.0075","0.025","","","","","0.055","0.016","0.0015"
"06-25-2025 10:00","1750845608","0.001","0.0085","0.025","","","","","0.06","0.017","0.0015"
"06-25-2025 11:00","1750849208","0.0005","0.0105","0.024","","","","","0.065","0.016","0.0015"
"06-25-2025 12:00","1750852808","0.0005","0.01","0.024","","","","","0.05","0.016","0.0015"
"06-25-2025 13:00","1750856408","0.0005","0.01","0.0245","","","","","0.05","0.016","0.0015"
"06-25-2025 14:00","1750860008","0.0005","0.0085","0.026","","","","","0.045","0.016","0.0015"
"06-25-2025 15:00","1750863608","0.0005","0.0075","0.023","","","","","0.05","0.015","0.0015"
"06-25-2025 16:00","1750867207","0.0005","0.0075","0.0245","","","","","0.06","0.0175","0.0015"
"06-25-2025 17:00","1750870807","0.0005","0.0075","0.0255","","","","","0.055","0.018","0.0015"
"06-25-2025 18:00","1750874407","0.0005","0.007","0.024","","","","","0.055","0.015","0.0015"
"06-25-2025 19:00","1750878007","0.001","0.007","0.0235","","","","","0.055","0.015","0.0015"
"06-25-2025 20:00","1750881608","0.001","0.0075","0.0235","","","","","0.065","0.0155","0.0015"
"06-25-2025 21:00","1750885207","0.001","0.0075","0.0215","","","","","0.055","0.015","0.0015"
"06-25-2025 22:00","1750888808","0.0005","0.009","0.0165","","","","","0.055","0.015","0.0015"
"06-25-2025 23:00","1750892408","0.0005","0.007","0.019","","","","","0.055","0.014","0.0015"
"06-26-2025 00:00","1750896008","0.0005","0.0085","0.02","","","","","0.05","0.014","0.0015"
"06-26-2025 01:00","1750899607","0.001","0.0075","0.02","","","","","0.045","0.014","0.001"
"06-26-2025 02:00","1750903207","0.0015","0.0145","0.031","","","","","0.035","0.013","0.001"
"06-26-2025 03:00","1750906807","0.0015","0.014","0.032","","","","","0.0355","0.0075","0.0005"
"06-26-2025 04:00","1750910408","0.002","0.015","0.039","","","","","0.024","0.0065","0.0005"
"06-26-2025 05:00","1750914007","0.002","0.015","0.034","","","","","0.0245","0.0075","0.0015"
"06-26-2025 06:00","1750917607","0.002","0.015","0.0305","","","","","0.026","0.007","0.0015"
"06-26-2025 07:00","1750921207","0.0015","0.0145","0.03","","","","","0.024","0.007","0.0015"
"06-26-2025 08:00","1750924807","0.0015","0.014","0.0315","","","","","0.0225","0.006","0.0015"
"06-26-2025 09:00","1750928407","0.0015","0.0135","0.032","","","","","0.022","0.0065","0.0005"
"06-26-2025 10:00","1750932007","0.002","0.011","0.029","","","","","0.03","0.007","0.0005"
"06-26-2025 11:00","1750935607","0.0005","0.013","0.0245","","","","","0.031","0.012","0.0005"
"06-26-2025 12:00","1750939207","0.002","0.0115","0.0235","","","","","0.0325","0.012","0.0005"
"06-26-2025 13:00","1750942808","0.0005","0.011","0.0195","","","","","0.0245","0.0115","0.0005"
"06-26-2025 14:00","1750946407","0.0005","0.0125","0.0195","","","","","0.0265","0.0125","0.0005"
"06-26-2025 15:00","1750950007","0.0005","0.0135","0.0205","","","","","0.0265","0.0115","0.0005"
"06-26-2025 16:00","1750953608","0.0005","0.011","0.0175","","","","","0.028","0.0125","0.0005"
"06-26-2025 17:00","1750957207","0.0005","0.009","0.0175","","","","","0.03","0.0125","0.0005"
"06-26-2025 18:00","1750960807","0.0005","0.0085","0.0165","","","","","0.0305","0.0125","0.0005"
"06-26-2025 19:00","1750964406","0.0005","0.0065","0.0165","","","","","0.028","0.0115","0.001"
"06-26-2025 20:00","1750968008","0.0005","0.0065","0.0165","","","","","0.028","0.0115","0.001"
"06-26-2025 21:00","1750971608","0.0005","0.007","0.0165","","","","","0.028","0.009","0.001"
"06-26-2025 22:00","1750975208","0.0005","0.007","0.0155","","","","","0.029","0.0085","0.001"
"06-26-2025 23:00","1750978807","0.0005","0.0065","0.0155","","","","","0.029","0.011","0.001"
"06-27-2025 00:00","1750982407","0.0005","0.0065","0.0125","","","","","0.029","0.0085","0.001"
"06-27-2025 01:00","1750986007","0.0005","0.0065","0.0125","","","","","0.029","0.0085","0.001"
"06-27-2025 02:00","1750989608","0.0005","0.0065","0.0105","","","","","0.03","0.008","0.0005"
"06-27-2025 03:00","1750993208","0.0005","0.0065","0.0085","","","","","0.027","0.0075","0.0005"
"06-27-2025 04:00","1750996807","0.0005","0.0065","0.0085","","","","","0.024","0.0075","0.0005"
"06-27-2025 05:00","1751000407","0.0005","0.0065","0.0085","","","","","0.0235","0.0075","0.0005"
"06-27-2025 06:00","1751004007","0.0005","0.0065","0.0085","","","","","0.023","0.008","0.0005"
"06-27-2025 07:00","1751007608","0.0005","0.0065","0.0105","","","","","0.023","0.008","0.0005"
"06-27-2025 08:00","1751011207","0.0005","0.006","0.012","","","","","0.023","0.008","0.0005"
"06-27-2025 09:00","1751014807","0.0005","0.005","0.01","","","","","0.017","0.0075","0.0005"
"06-27-2025 10:00","1751018407","0.0005","0.005","0.0105","","","","","0.0175","0.0075","0.0005"
"06-27-2025 11:00","1751022008","0.0005","0.0055","0.0105","","","","","0.015","0.007","0.0005"
"06-27-2025 12:00","1751025608","0.0005","0.0045","0.0105","","","","","0.0175","0.007","0.001"
"06-27-2025 13:00","1751029207","0.0005","0.004","0.009","","","","","0.0175","0.007","0.0015"
"06-27-2025 14:00","1751032808","0.0005","0.0045","0.007","","","","","0.019","0.007","0.0015"
"06-27-2025 15:00","1751036408","0.0015","0.004","0.0065","","","","","0.019","0.007","0.001"
"06-27-2025 16:00","1751040008","0.0015","0.004","0.0085","","","","","0.019","0.007","0.001"
"06-27-2025 17:00","1751043608","0.0015","0.004","0.0095","","","","","0.018","0.007","0.001"
"06-27-2025 18:00","1751047208","0.0015","0.004","0.0085","","","","","0.019","0.007","0.001"
"06-27-2025 19:00","1751050808","0.0015","0.004","0.0065","","","","","0.021","0.007","0.001"
"06-27-2025 20:00","1751054408","0.0015","0.004","0.008","","","","","0.0195","0.0055","0.001"
"06-27-2025 21:00","1751058009","0.0015","0.004","0.0075","","","","","0.016","0.0055","0.001"
"06-27-2025 22:00","1751061607","0.0015","0.005","0.0075","","","","","0.016","0.0055","0.001"
"06-27-2025 23:00","1751065208","0.0015","0.005","0.0075","","","","","0.016","0.005","0.001"
"06-28-2025 00:00","1751068807","0.0015","0.005","0.008","","","","","0.016","0.005","0.001"
"06-28-2025 01:00","1751072407","0.0015","0.005","0.008","","","","","0.0155","0.005","0.001"
"06-28-2025 02:00","1751076008","0.0015","0.005","0.007","","","","","0.0155","0.005","0.001"
"06-28-2025 03:00","1751079607","0.0015","0.004","0.0065","","","","","0.0145","0.005","0.001"
"06-28-2025 04:00","1751083208","0.0015","0.0035","0.0075","","","","","0.012","0.0045","0.001"
"06-28-2025 05:00","1751086807","0.0015","0.0035","0.0075","","","","","0.009","0.004","0.001"
"06-28-2025 06:00","1751090407","0.0015","0.0035","0.0065","","","","","0.008","0.0045","0.001"
"06-28-2025 07:00","1751094008","0.001","0.0035","0.0065","","","","","0.0085","0.0045","0.0005"
"06-28-2025 08:00","1751097607","0.0005","0.0035","0.0065","","","","","0.009","0.0045","0.0005"
"06-28-2025 09:00","1751101207","0.0005","0.003","0.0035","","","","","0.0065","0.0035","0.0005"
"06-28-2025 10:00","1751104807","0.0005","0.003","0.0035","","","","","0.0055","0.0035","0.0005"
"06-28-2025 11:00","1751108407","0.0005","0.003","0.0035","","","","","0.0085","0.0035","0.0005"
"06-28-2025 12:00","1751112007","0.0005","0.003","0.0035","","","","","0.009","0.0045","0.0005"
"06-28-2025 13:00","1751115608","0.0005","0.003","0.0035","","","","","0.009","0.005","0.0005"
"06-28-2025 14:00","1751119207","0.0005","0.003","0.0055","","","","","0.009","0.005","0.0005"
"06-28-2025 15:00","1751122808","0.0005","0.003","0.006","","","","","0.009","0.005","0.0005"
"06-28-2025 16:00","1751126408","0.0005","0.003","0.0055","","","","","0.0095","0.0045","0.0005"
"06-28-2025 17:00","1751130008","0.0005","0.003","0.005","","","","","0.008","0.0035","0.0005"
"06-28-2025 18:00","1751133608","0.0005","0.0035","0.005","","","","","0.0075","0.0035","0.0005"
"06-28-2025 19:00","1751137208","0.0005","0.0035","0.005","","","","","0.0075","0.0035","0.0005"
"06-28-2025 20:00","1751140807","0.0005","0.0035","0.005","","","","","0.0075","0.0035","0.0005"
"06-28-2025 21:00","1751144407","0.0005","0.0035","0.0065","","","","","0.0075","0.004","0.0005"
"06-28-2025 22:00","1751148008","0.0005","0.0035","0.0035","","","","","0.004","0.004","0.0005"
"06-28-2025 23:00","1751151608","0.0005","0.0035","0.0035","","","","","0.004","0.0035","0.0005"
"06-29-2025 00:00","1751155208","0.0005","0.0035","0.0035","","","","","0.004","0.0035","0.0005"
"06-29-2025 01:00","1751158807","0.004","0.0035","0.007","","","","","0.004","0.0045","0.0025"
"06-29-2025 02:00","1751162407","0.0025","0.0025","0.006","","","","","0.004","0.0035","0.001"
"06-29-2025 03:00","1751166007","0.0015","0.0025","0.0045","","","","","0.004","0.0035","0.001"
"06-29-2025 04:00","1751169608","0.001","0.0015","0.005","","","","","0.004","0.0035","0.001"
"06-29-2025 05:00","1751173208","0.0005","0.0015","0.0045","","","","","0.004","0.003","0.0015"
"06-29-2025 06:00","1751176807","0.0015","0.0025","0.0025","","","","","0.004","0.0025","0.0005"
"06-29-2025 07:00","1751180407","0.0015","0.0025","0.0025","","","","","0.0045","0.003","0.0005"
"06-29-2025 08:00","1751184007","0.0015","0.0025","0.0015","","","","","0.0015","0.003","0.0005"
"06-29-2025 09:00","1751187607","0.0015","0.002","0.0015","","","","","0.0015","0.003","0.001"
"06-29-2025 10:00","1751191206","0.0015","0.002","0.0015","","","","","0.0015","0.0025","0.001"
"06-29-2025 11:00","1751194807","0.0005","0.002","0.0015","","","","","0.0015","0.0025","0.0005"
"06-29-2025 12:00","1751198407","0.0015","0.002","0.0015","","","","","0.0015","0.0025","0.001"
"06-29-2025 13:00","1751202007","0.0005","0.002","0.003","","","","","0.0015","0.0015","0.0005"
"06-29-2025 14:00","1751205607","0.0005","0.002","0.0015","","","","","0.0025","0.0015","0.0005"
"06-29-2025 15:00","1751209207","0.0005","0.0015","0.0015","","","","","0.0025","0.0035","0.0005"
"06-29-2025 16:00","1751212807","0.0005","0.002","0.0015","","","","","0.0025","0.003","0.0005"
"06-29-2025 17:00","1751216407","0.0005","0.002","0.0015","","","","","0.0025","0.002","0.001"
"06-29-2025 18:00","1751220007","0.0005","0.002","0.0015","","","","","0.002","0.002","0.001"
"06-29-2025 19:00","1751223607","0.0005","0.0015","0.0015","","","","","0.002","0.0025","0.0015"
"06-29-2025 20:00","1751227207","0.0005","0.0015","0.002","","","","","0.002","0.0025","0.0015"
"06-29-2025 21:00","1751230807","0.0005","0.0015","0.002","","","","","0.002","0.0025","0.0015"
"06-29-2025 22:00","1751234407","0.0005","0.0015","0.002","","","","","0.0025","0.0025","0.0015"
"06-29-2025 23:00","1751238007","0.0005","0.0015","0.0035","","","","","0.002","0.0015","0.0015"
"06-30-2025 00:00","1751241607","0.0005","0.0015","0.004","","","","","0.002","0.0015","0.0015"
"06-30-2025 01:00","1751245207","0.0005","0.0015","0.0035","","","","","0.002","0.0015","0.0015"
"06-30-2025 02:00","1751248807","0.0005","0.0015","0.0035","","","","","0.002","0.002","0.0015"
"06-30-2025 03:00","1751252406","0.0005","0.0015","0.003","","","","","0.002","0.0025","0.0015"
"06-30-2025 04:00","1751256007","0.0005","0.0015","0.003","","","","","0.0015","0.0015","0.001"
"06-30-2025 05:00","1751259607","0.0005","0.0015","0.0025","","","","","0.0015","0.0015","0.001"
"06-30-2025 06:00","1751263207","0.0005","0.0015","0.0015","","","","","0.0015","0.001","0.0005"
"06-30-2025 07:00","1751266806","0.0005","0.002","0.0015","","","","","0.001","0.001","0.0005"
"06-30-2025 08:00","1751270407","0.0005","0.0015","0.0015","","","","","0.001","0.0015","0.0005"
"06-30-2025 09:00","1751274008","0.0005","0.0015","0.002","","","","","0.0005","0.001","0.0005"
"06-30-2025 10:00","1751277607","0.0005","0.0015","0.0015","","","","","0.0005","0.001","0.0005"
"06-30-2025 11:00","1751281208","0.0005","0.0015","0.0025","","","","","0.001","0.0015","0.0015"
"06-30-2025 12:00","1751284807","0.0005","0.0015","0.002","","","","","0.0015","0.001","0.001"
"06-30-2025 13:00","1751288406","0.0005","0.0015","0.002","","","","","0.0015","0.001","0.002"
"06-30-2025 14:00","1751292007","0.0005","0.0015","0.0015","","","","","0.0015","0.001","0.002"
"06-30-2025 15:00","1751295606","0.0005","0.001","0.0015","","","","","0.001","0.001","0.002"
"06-30-2025 16:00","1751299207","0.0005","0.001","0.001","","","","","0.001","0.001","0.0015"
"06-30-2025 17:00","1751302807","0.0005","0.001","0.0015","","","","","0.001","0.0005","0.0015"
"06-30-2025 18:00","1751306407","0.0005","0.001","0.0015","","","","","0.0015","0.001","0.0015"
"06-30-2025 19:00","1751310007","0.0005","0.0005","0.001","","","","","0.0015","0.001","0.0015"
"06-30-2025 20:00","1751313607","0.0005","0.0005","0.001","","","","","0.0015","0.001","0.0015"
"06-30-2025 21:00","1751317207","0.0005","0.0005","0.001","","","","","0.001","0.001","0.001"
"06-30-2025 22:00","1751320807","0.0005","0.0005","0.0005","","","","","0.0005","0.0005","0.0005"
"06-30-2025 23:00","1751324407","0.0005","0.0005","0.0005","","","","","0.0005","0.0005","0.0005"
"07-01-2025 00:00","1751328008","0.0005","0.0005","0.0005","","","","","0.0005","0.0005","0.0005"
"07-01-2025 01:00","1751331607","0.0005","0.0005","0.0005","","","","","0.0005","0.0005","0.0005"
"07-01-2025 02:00","1751335207","0.0005","0.0005","0.0005","","","","","0.0005","0.0005","0.0005"
"07-01-2025 03:00","1751338808","0.0005","0.0005","0.0005","","","","","0.0005","0.0005","0.0005"
"07-01-2025 04:00","1751342407","0.0005","0.0005","0.0005","","","","","0.0005","0.0005","0.0005"
"07-01-2025 05:00","1751346007","0.0005","0.0005","0.0005","","","","","0.0005","0.0005","0.0005"
"07-01-2025 06:00","1751349607","0.0005","0.0005","0.0005","","","","","0.0005","0.0005","0.0005"
"07-01-2025 07:00","1751353207","0.0005","0.0005","0.0005","","","","","0.0005","0.0005","0.0005"
"07-01-2025 08:00","1751356807","","","0.0005","","","","","0.0005","","0.0005"