trade_seq,trade_id,timestamp,tick_direction,price,mark_price,iv,instrument_name,index_price,direction,contracts,amount,block_trade_leg_count,block_trade_id,combo_id,combo_trade_id,liquidation,block_rfq_id,unix_sec
1,ETH-257137210,1752185649785,1,0.036,0.035163,69.22,ETH-25JUL25-3100-C,2959.25,buy,5.0,5.0,,,,,,,1752185649.785
2,ETH-257139646,1752186172940,0,0.0365,0.036553,67.93,ETH-25JUL25-3100-C,2971.93,sell,3.0,3.0,,,,,,,1752186172.94
3,ETH-257142286,1752186754959,2,0.0335,0.034087,66.88,ETH-25JUL25-3100-C,2953.73,sell,3.0,3.0,,,,,,,1752186754.959
4,ETH-257144571,1752187330971,0,0.035,0.034767,67.42,ETH-25JUL25-3100-C,2962.99,buy,2.0,2.0,,,,,,,1752187330.971
5,ETH-257147710,1752188814248,0,0.036,0.035882,67.84,ETH-25JUL25-3100-C,2968.56,buy,50.0,50.0,,,,,,,1752188814.248
6,ETH-257148043,1752189120754,2,0.0355,0.035509,67.84,ETH-25JUL25-3100-C,2965.01,buy,50.0,50.0,,,,,,,1752189120.754
7,ETH-257160867,1752194851009,2,0.031,0.031232,66.83,ETH-25JUL25-3100-C,2933.84,buy,30.0,30.0,,,,,,,1752194851.009
8,ETH-257173819,1752201814057,0,0.0335,0.033845,65.72,ETH-25JUL25-3100-C,2963.07,sell,1.0,1.0,,,,,,,1752201814.057
9,ETH-257174482,1752202250561,0,0.0345,0.034261,66.4,ETH-25JUL25-3100-C,2966.68,buy,1.0,1.0,,,,,,,1752202250.561
10,ETH-257183925,1752208409352,2,0.033,0.033031,66.15,ETH-25JUL25-3100-C,2956.49,sell,10.0,10.0,,,,,,,1752208409.352
11,ETH-257186785,1752209784273,0,0.035,0.03506,66.26,ETH-25JUL25-3100-C,2971.16,buy,1.0,1.0,,,,,,,1752209784.273
12,ETH-257193419,1752211665389,0,0.0385,0.038014,66.87,ETH-25JUL25-3100-C,2995.27,buy,20.0,20.0,,,,,,,1752211665.389
13,ETH-257203604,1752213024390,0,0.0435,0.043311,68.33,ETH-25JUL25-3100-C,3023.95,sell,1.0,1.0,,,,,,,1752213024.39
14,ETH-257211332,1752215592627,2,0.0425,0.042806,68.28,ETH-25JUL25-3100-C,3017.45,sell,12.0,12.0,,,,,,,1752215592.627
15,ETH-257211335,1752215592673,3,0.0425,0.042806,68.28,ETH-25JUL25-3100-C,3017.45,sell,12.0,12.0,,,,,,,1752215592.673
16,ETH-257213873,1752216621248,2,0.0405,0.040441,69.07,ETH-25JUL25-3100-C,2998.29,sell,1.0,1.0,,,,,,,1752216621.248
17,ETH-257215779,1752217262416,2,0.0395,0.039471,69.36,ETH-25JUL25-3100-C,2988.46,sell,1.0,1.0,,,,,,,1752217262.416
18,ETH-257215864,1752217296208,0,0.04,0.039523,70.04,ETH-25JUL25-3100-C,2988.35,buy,20.0,20.0,,,,,,,1752217296.208
19,ETH-257218048,1752217810853,2,0.0395,0.039391,69.86,ETH-25JUL25-3100-C,2985.06,buy,1.0,1.0,,,,,,,1752217810.853
20,ETH-257230526,1752220687106,2,0.0385,0.03841,69.96,ETH-25JUL25-3100-C,2978.07,sell,1.0,1.0,,,,,,,1752220687.106
21,ETH-257230948,1752220731077,3,0.0385,0.038414,69.68,ETH-25JUL25-3100-C,2979.51,sell,1.0,1.0,,,,,,,1752220731.077
22,ETH-257236671,1752221897226,2,0.038,0.038548,68.56,ETH-25JUL25-3100-C,2982.62,sell,15.0,15.0,,,,,,,1752221897.226
23,ETH-257236672,1752221897226,3,0.038,0.038548,68.56,ETH-25JUL25-3100-C,2982.62,sell,85.0,85.0,,,,,,,1752221897.226
24,ETH-257238588,1752222881762,3,0.038,0.038314,68.41,ETH-25JUL25-3100-C,2983.62,sell,1.0,1.0,,,,,,,1752222881.762
25,ETH-257243486,1752224507898,0,0.041,0.040492,69.41,ETH-25JUL25-3100-C,3001.38,buy,1.0,1.0,,,,,,,1752224507.898
26,ETH-257243531,1752224531740,1,0.041,0.040467,69.48,ETH-25JUL25-3100-C,3000.99,buy,1.0,1.0,,,,,,,1752224531.74
27,ETH-257243587,1752224559381,1,0.041,0.040576,69.31,ETH-25JUL25-3100-C,3001.95,buy,1.0,1.0,,,,,,,1752224559.381
28,ETH-257243642,1752224581390,0,0.0415,0.040789,69.66,ETH-25JUL25-3100-C,3003.45,buy,1.0,1.0,,,,,,,1752224581.39
29,ETH-257243737,1752224617312,2,0.041,0.040638,69.21,ETH-25JUL25-3100-C,3002.38,buy,1.0,1.0,,,,,,,1752224617.312
30,ETH-257244667,1752225167645,2,0.0408,0.040871,68.55,ETH-25JUL25-3100-C,3004.76,sell,2500.0,2500.0,2.0,BLOCK-209995,,,,,1752225167.645
31,ETH-257245252,1752225467298,0,0.0428,0.042366,69.16,ETH-25JUL25-3100-C,3016.06,buy,5750.0,5750.0,2.0,BLOCK-209997,,,,,1752225467.298
32,ETH-257249268,1752226849066,0,0.045,0.044814,69.66,ETH-25JUL25-3100-C,3029.7,sell,100.0,100.0,,,,,,,1752226849.066
33,ETH-257251724,1752227561422,2,0.0447,0.044119,69.84,ETH-25JUL25-3100-C,3025.81,buy,4000.0,4000.0,2.0,BLOCK-210014,,,,,1752227561.422
34,ETH-257252306,1752227765049,2,0.043,0.042835,69.28,ETH-25JUL25-3100-C,3016.91,buy,5.0,5.0,,,,,,,1752227765.049
35,ETH-257254291,1752228262964,2,0.0419,0.041629,69.37,ETH-25JUL25-3100-C,3007.31,buy,1000.0,1000.0,2.0,BLOCK-210016,ETH-CS-25JUL25-2900_3100,,,,1752228262.964
36,ETH-257254528,1752228374072,0,0.0423,0.041871,69.66,ETH-25JUL25-3100-C,3008.8,buy,1000.0,1000.0,2.0,BLOCK-210017,ETH-CS-25JUL25-2900_3100,,,,1752228374.072
37,ETH-257258928,1752230158493,2,0.0415,0.041727,68.79,ETH-25JUL25-3100-C,3008.29,buy,6.0,6.0,,,,,,,1752230158.493
38,ETH-257258937,1752230161943,3,0.0415,0.04171,68.83,ETH-25JUL25-3100-C,3008.04,buy,7.0,7.0,,,,,,,1752230161.943
39,ETH-257259610,1752231043100,3,0.0415,0.041565,68.95,ETH-25JUL25-3100-C,3007.98,buy,10.0,10.0,,,,,,,1752231043.1
40,ETH-257259698,1752231129912,3,0.0415,0.041479,68.98,ETH-25JUL25-3100-C,3008.02,buy,5.0,5.0,,,,,,,1752231129.912
41,ETH-257259728,1752231220385,3,0.0415,0.041499,68.95,ETH-25JUL25-3100-C,3008.27,buy,10.0,10.0,,,,,,,1752231220.385
42,ETH-257260276,1752231483837,2,0.041,0.040659,69.48,ETH-25JUL25-3100-C,3001.11,buy,1.0,1.0,,,,,,,1752231483.837
43,ETH-257260282,1752231498134,3,0.041,0.040601,69.35,ETH-25JUL25-3100-C,3001.83,buy,1.0,1.0,,,,,,,1752231498.134
44,ETH-257260299,1752231509849,3,0.041,0.04062,69.39,ETH-25JUL25-3100-C,3001.62,buy,1.0,1.0,,,,,,,1752231509.849
45,ETH-257260318,1752231520034,3,0.041,0.040665,69.29,ETH-25JUL25-3100-C,3002.14,buy,1.0,1.0,,,,,,,1752231520.034
46,ETH-257260352,1752231549153,3,0.041,0.040827,69.12,ETH-25JUL25-3100-C,3003.21,sell,1.0,1.0,,,,,,,1752231549.153
47,ETH-257264643,1752233458177,2,0.0388,0.038772,68.98,ETH-25JUL25-3100-C,2988.1,buy,6000.0,6000.0,2.0,BLOCK-210047,,,,,1752233458.177
48,ETH-257264649,1752233458997,0,0.039,0.038772,69.32,ETH-25JUL25-3100-C,2987.68,buy,2.0,2.0,,,,,,,1752233458.997
49,ETH-257265234,1752233655706,2,0.038,0.038677,68.06,ETH-25JUL25-3100-C,2987.0,sell,1.0,1.0,,,,,,,1752233655.706
50,ETH-257276402,1752240282033,0,0.04,0.039918,69.11,ETH-25JUL25-3100-C,2997.87,buy,2.0,2.0,,,,,,,1752240282.033
51,ETH-257276989,1752240467912,1,0.04,0.039857,69.13,ETH-25JUL25-3100-C,2997.93,buy,10.0,10.0,,,,,,,1752240467.912
52,ETH-257277742,1752240757264,2,0.038,0.038427,68.54,ETH-25JUL25-3100-C,2986.61,sell,7.0,7.0,,,,,,,1752240757.264
53,ETH-257285526,1752243215691,0,0.0385,0.039025,67.82,ETH-25JUL25-3100-C,2994.39,sell,1.0,1.0,,,,,,,1752243215.691
54,ETH-257286224,1752243628290,0,0.0395,0.039441,68.43,ETH-25JUL25-3100-C,2998.35,buy,1.0,1.0,,,,,,,1752243628.29
55,ETH-257287079,1752244214677,2,0.039,0.038816,68.5,ETH-25JUL25-3100-C,2994.54,buy,2.0,2.0,,,,,,,1752244214.677
56,ETH-257287098,1752244226125,3,0.039,0.038959,68.21,ETH-25JUL25-3100-C,2996.09,buy,1.0,1.0,,,,,,,1752244226.125
57,ETH-257287224,1752244310048,0,0.0395,0.039272,68.52,ETH-25JUL25-3100-C,2997.89,buy,2.0,2.0,,,,,,,1752244310.048
58,ETH-257287725,1752244653779,0,0.0405,0.040024,68.83,ETH-25JUL25-3100-C,3003.71,buy,20.0,20.0,,,,,,,1752244653.779
59,ETH-257306036,1752250630390,2,0.0335,0.033509,67.83,ETH-25JUL25-3100-C,2955.77,sell,1.0,1.0,,,,,,,1752250630.39
60,ETH-257313184,1752254397687,0,0.038,0.037495,68.68,ETH-25JUL25-3100-C,2986.92,buy,20.0,20.0,,,,,,,1752254397.687
61,ETH-257321524,1752262094658,0,0.0395,0.03935,67.63,ETH-25JUL25-3100-C,3006.77,sell,1.0,1.0,,,,,,,1752262094.658
62,ETH-257322507,1752262302409,2,0.0375,0.037568,67.19,ETH-25JUL25-3100-C,2993.81,buy,1.0,1.0,,,,,,,1752262302.409
63,ETH-257326522,1752265931239,3,0.0375,0.037713,67.12,ETH-25JUL25-3100-C,2995.13,sell,8.0,8.0,,,,,,,1752265931.239
64,ETH-257335538,1752272526564,2,0.031,0.031652,66.64,ETH-25JUL25-3100-C,2946.42,sell,3.0,3.0,,,,,,,1752272526.564
65,ETH-257341883,1752273684688,0,0.032,0.031595,69.43,ETH-25JUL25-3100-C,2940.24,buy,10.0,10.0,,,,,,,1752273684.688
66,ETH-257341884,1752273684699,1,0.032,0.031595,69.43,ETH-25JUL25-3100-C,2940.24,buy,10.0,10.0,,,,,,,1752273684.699
67,ETH-257350154,1752282119495,0,0.033,0.032992,68.51,ETH-25JUL25-3100-C,2955.57,buy,20.0,20.0,,,,,,,1752282119.495
68,ETH-257350221,1752282233529,0,0.0335,0.033145,68.98,ETH-25JUL25-3100-C,2956.95,buy,1.0,1.0,,,,,,,1752282233.529
69,ETH-257353455,1752290194250,0,0.034,0.033976,68.27,ETH-25JUL25-3100-C,2966.78,buy,20.0,20.0,,,,,,,1752290194.25
70,ETH-257354836,1752292698564,2,0.0305,0.031417,64.3,ETH-25JUL25-3100-C,2964.0,buy,1.0,1.0,,,,,,,1752292698.564
71,ETH-257355516,1752292958117,3,0.0305,0.030512,63.79,ETH-25JUL25-3100-C,2968.24,sell,16.0,16.0,,,,,,,1752292958.117
72,ETH-257355520,1752292978248,3,0.0305,0.030522,63.78,ETH-25JUL25-3100-C,2968.27,sell,16.0,16.0,,,,,,,1752292978.248
73,ETH-257355662,1752293138798,3,0.0305,0.030495,63.94,ETH-25JUL25-3100-C,2967.55,sell,16.0,16.0,,,,,,,1752293138.798
74,ETH-257356206,1752293940923,2,0.03,0.030192,64.07,ETH-25JUL25-3100-C,2962.8,sell,16.0,16.0,,,,,,,1752293940.923
75,ETH-257357463,1752295667849,2,0.029,0.029056,64.13,ETH-25JUL25-3100-C,2954.2,sell,10.0,10.0,,,,,,,1752295667.849
76,ETH-257359058,1752296438008,3,0.029,0.029025,63.7,ETH-25JUL25-3100-C,2955.67,buy,20.0,20.0,,,,,,,1752296438.008
77,ETH-257360505,1752298644012,0,0.03,0.029364,64.85,ETH-25JUL25-3100-C,2956.72,buy,10.0,10.0,,,,,,,1752298644.012
78,ETH-257365043,1752305832855,0,0.0305,0.030439,64.35,ETH-25JUL25-3100-C,2965.7,buy,10.0,10.0,,,,,,,1752305832.855
79,ETH-257365168,1752305894563,1,0.0305,0.030492,64.24,ETH-25JUL25-3100-C,2966.57,buy,10.0,10.0,,,,,,,1752305894.563
80,ETH-257365571,1752306403200,2,0.03,0.030169,64.06,ETH-25JUL25-3100-C,2964.18,buy,10.0,10.0,,,,,,,1752306403.2
81,ETH-257365724,1752306548402,3,0.03,0.030162,64.05,ETH-25JUL25-3100-C,2964.25,sell,2.0,2.0,,,,,,,1752306548.402
82,ETH-257365725,1752306548404,3,0.03,0.030162,64.05,ETH-25JUL25-3100-C,2964.25,buy,8.0,8.0,,,,,,,1752306548.404
83,ETH-257379070,1752317130575,0,0.035,0.034467,67.83,ETH-25JUL25-3100-C,2980.32,buy,20.0,20.0,,,,,,,1752317130.575
84,ETH-257379613,1752317562558,2,0.0345,0.034384,67.89,ETH-25JUL25-3100-C,2975.56,buy,15.0,15.0,,,,,,,1752317562.558
85,ETH-257379745,1752317647931,3,0.0345,0.034262,68.04,ETH-25JUL25-3100-C,2974.62,buy,33.0,33.0,,,,,,,1752317647.931
86,ETH-257379750,1752317660268,3,0.0345,0.034373,67.89,ETH-25JUL25-3100-C,2975.35,buy,5.0,5.0,,,,,,,1752317660.268
87,ETH-257380406,1752319137780,2,0.0335,0.03365,67.18,ETH-25JUL25-3100-C,2971.83,buy,12.0,12.0,,,,,,,1752319137.78
88,ETH-257381075,1752320367600,0,0.0345,0.034484,67.39,ETH-25JUL25-3100-C,2978.18,buy,1.0,1.0,,,,,,,1752320367.6
89,ETH-257384480,1752323550316,2,0.0305,0.030624,66.64,ETH-25JUL25-3100-C,2950.58,sell,2.0,2.0,,,,,,,1752323550.316
90,ETH-257390207,1752326163093,3,0.0305,0.029971,68.63,ETH-25JUL25-3100-C,2939.22,buy,9.0,9.0,,,,,,,1752326163.093
91,ETH-257394761,1752329435775,0,0.031,0.030249,68.35,ETH-25JUL25-3100-C,2945.53,buy,1.0,1.0,,,,,,,1752329435.775
92,ETH-257396411,1752330905829,2,0.03,0.030407,67.21,ETH-25JUL25-3100-C,2944.33,sell,20.0,20.0,,,,,,,1752330905.829
93,ETH-257396416,1752330905896,3,0.03,0.030407,67.21,ETH-25JUL25-3100-C,2944.33,sell,15.0,15.0,,,,,,,1752330905.896
94,ETH-257405032,1752335390846,2,0.027,0.027056,68.49,ETH-25JUL25-3100-C,2909.94,sell,1.0,1.0,,,,,,,1752335390.846
95,ETH-257405098,1752335441392,3,0.027,0.027219,68.32,ETH-25JUL25-3100-C,2911.12,sell,1.0,1.0,,,,,,,1752335441.392
96,ETH-257417594,1752354054908,0,0.0275,0.028148,68.9,ETH-25JUL25-3100-C,2917.01,sell,10.0,10.0,,,,,,,1752354054.908
97,ETH-257417714,1752354173603,0,0.028,0.028542,68.94,ETH-25JUL25-3100-C,2920.75,sell,39.0,39.0,,,,,,,1752354173.603
98,ETH-257417715,1752354173609,1,0.028,0.028542,68.94,ETH-25JUL25-3100-C,2920.75,sell,2.0,2.0,,,,,,,1752354173.609
99,ETH-257418487,1752356027630,0,0.03,0.029842,69.8,ETH-25JUL25-3100-C,2933.97,buy,2.0,2.0,,,,,,,1752356027.63
100,ETH-257418502,1752356061006,0,0.0305,0.029843,70.53,ETH-25JUL25-3100-C,2933.94,buy,1.0,1.0,,,,,,,1752356061.006
101,ETH-257418503,1752356063736,1,0.0305,0.029857,70.52,ETH-25JUL25-3100-C,2934.02,buy,1.0,1.0,,,,,,,1752356063.736
102,ETH-257418506,1752356080424,1,0.0305,0.029835,70.55,ETH-25JUL25-3100-C,2933.89,buy,1.0,1.0,,,,,,,1752356080.424
103,ETH-257420513,1752361135994,2,0.03,0.030331,69.1,ETH-25JUL25-3100-C,2938.43,sell,2.0,2.0,,,,,,,1752361135.994
104,ETH-257427297,1752374206119,3,0.03,0.030074,68.66,ETH-25JUL25-3100-C,2943.74,buy,1.0,1.0,,,,,,,1752374206.119
105,ETH-257434902,1752391545138,0,0.0325,0.032269,69.84,ETH-25JUL25-3100-C,2961.2,buy,2.0,2.0,,,,,,,1752391545.138
106,ETH-257434903,1752391545140,1,0.0325,0.032269,69.84,ETH-25JUL25-3100-C,2961.2,sell,48.0,48.0,,,,,,,1752391545.14
107,ETH-257434924,1752391623366,1,0.0325,0.032315,69.76,ETH-25JUL25-3100-C,2961.6,buy,6.0,6.0,,,,,,,1752391623.366
108,ETH-257434925,1752391623367,1,0.0325,0.032315,69.76,ETH-25JUL25-3100-C,2961.6,sell,20.0,20.0,,,,,,,1752391623.367
109,ETH-257434939,1752391685881,1,0.0325,0.032304,69.91,ETH-25JUL25-3100-C,2960.66,buy,2.0,2.0,,,,,,,1752391685.881
110,ETH-257440440,1752402528515,2,0.031,0.030575,69.42,ETH-25JUL25-3100-C,2954.3,buy,1.0,1.0,,,,,,,1752402528.515
111,ETH-257443337,1752408954620,0,0.0315,0.03167,69.0,ETH-25JUL25-3100-C,2961.53,buy,1.0,1.0,,,,,,,1752408954.62
112,ETH-257443359,1752408962056,0,0.032,0.031622,69.74,ETH-25JUL25-3100-C,2961.49,buy,1.0,1.0,,,,,,,1752408962.056
114,ETH-257443384,1752408992636,1,0.032,0.031775,69.55,ETH-25JUL25-3100-C,2962.59,buy,2.0,2.0,,,,,,,1752408992.636
113,ETH-257443383,1752408992636,1,0.032,0.031775,69.55,ETH-25JUL25-3100-C,2962.59,buy,1.0,1.0,,,,,,,1752408992.636
115,ETH-257443686,1752409816860,0,0.033,0.033056,70.42,ETH-25JUL25-3100-C,2965.89,sell,1.0,1.0,,,,,,,1752409816.86
116,ETH-257443689,1752409817122,1,0.033,0.033056,70.42,ETH-25JUL25-3100-C,2965.89,sell,29.0,29.0,,,,,,,1752409817.122
117,ETH-257448107,1752413923195,0,0.036,0.035388,71.08,ETH-25JUL25-3100-C,2986.96,buy,9.0,9.0,,,,,,,1752413923.195
118,ETH-257455088,1752417242591,0,0.039,0.038668,72.31,ETH-25JUL25-3100-C,3004.17,buy,2.0,2.0,,,,,,,1752417242.591
120,ETH-257457854,1752419388947,3,0.038,0.037546,72.05,ETH-25JUL25-3100-C,2997.88,buy,7.0,7.0,,,,,,,1752419388.947
119,ETH-257457853,1752419388947,2,0.038,0.037546,72.05,ETH-25JUL25-3100-C,2997.88,buy,15.0,15.0,,,,,,,1752419388.947
121,ETH-257458048,1752419675552,2,0.0375,0.037574,71.21,ETH-25JUL25-3100-C,2999.18,buy,10.0,10.0,,,,,,,1752419675.552
122,ETH-257460151,1752421933113,2,0.0365,0.036764,70.78,ETH-25JUL25-3100-C,2994.06,sell,2.0,2.0,,,,,,,1752421933.113
123,ETH-257462394,1752424348576,2,0.036,0.036024,71.1,ETH-25JUL25-3100-C,2988.85,sell,5.0,5.0,,,,,,,1752424348.576
124,ETH-257463421,1752425493296,2,0.0355,0.035423,71.3,ETH-25JUL25-3100-C,2984.25,sell,10.0,10.0,,,,,,,1752425493.296
125,ETH-257463803,1752425535529,2,0.035,0.034907,71.37,ETH-25JUL25-3100-C,2980.33,sell,4.0,4.0,,,,,,,1752425535.529
126,ETH-257463804,1752425535533,3,0.035,0.034907,71.37,ETH-25JUL25-3100-C,2980.33,sell,1.0,1.0,,,,,,,1752425535.533
127,ETH-257463805,1752425535537,3,0.035,0.034907,71.37,ETH-25JUL25-3100-C,2980.33,sell,2.0,2.0,,,,,,,1752425535.537
128,ETH-257463806,1752425535541,3,0.035,0.034907,71.37,ETH-25JUL25-3100-C,2980.33,sell,1.0,1.0,,,,,,,1752425535.541
129,ETH-257463816,1752425537498,3,0.035,0.034842,71.53,ETH-25JUL25-3100-C,2979.52,sell,1.0,1.0,,,,,,,1752425537.498
130,ETH-257463829,1752425537630,3,0.035,0.034842,71.53,ETH-25JUL25-3100-C,2979.52,sell,1.0,1.0,,,,,,,1752425537.63
131,ETH-257466779,1752425964683,2,0.0345,0.034486,71.36,ETH-25JUL25-3100-C,2977.02,sell,8.0,8.0,,,,,,,1752425964.683
132,ETH-257479196,1752434776477,0,0.037,0.03699,70.51,ETH-25JUL25-3100-C,3002.7,buy,20.0,20.0,,,,,,,1752434776.477
133,ETH-257484420,1752436866361,2,0.035,0.034932,70.53,ETH-25JUL25-3100-C,2988.51,sell,6.0,6.0,,,,,,,1752436866.361
136,ETH-257487766,1752439291867,3,0.034,0.034515,67.63,ETH-25JUL25-3100-C,2995.15,sell,36.0,36.0,,,,,,,1752439291.867
138,ETH-257487768,1752439291867,3,0.034,0.034515,67.63,ETH-25JUL25-3100-C,2995.15,sell,46.0,46.0,,,,,,,1752439291.867
134,ETH-257487764,1752439291867,2,0.034,0.034515,67.63,ETH-25JUL25-3100-C,2995.15,sell,405.0,405.0,,,,,,,1752439291.867
137,ETH-257487767,1752439291867,3,0.034,0.034515,67.63,ETH-25JUL25-3100-C,2995.15,sell,235.0,235.0,,,,,,,1752439291.867
135,ETH-257487765,1752439291867,3,0.034,0.034515,67.63,ETH-25JUL25-3100-C,2995.15,sell,18.0,18.0,,,,,,,1752439291.867
139,ETH-257487769,1752439291882,3,0.034,0.034515,67.63,ETH-25JUL25-3100-C,2995.15,buy,871.0,871.0,,,,,,,1752439291.882
140,ETH-257487770,1752439291883,3,0.034,0.034515,67.63,ETH-25JUL25-3100-C,2995.15,buy,235.0,235.0,,,,,,,1752439291.883
141,ETH-257487771,1752439291888,3,0.034,0.034515,67.63,ETH-25JUL25-3100-C,2995.15,buy,1.0,1.0,,,,,,,1752439291.888
142,ETH-257487776,1752439296403,3,0.034,0.034459,67.6,ETH-25JUL25-3100-C,2995.33,buy,9.0,9.0,,,,,,,1752439296.403
143,ETH-257487777,1752439300547,3,0.034,0.034426,67.58,ETH-25JUL25-3100-C,2995.39,buy,128.0,128.0,,,,,,,1752439300.547
144,ETH-257487778,1752439300617,3,0.034,0.034426,67.58,ETH-25JUL25-3100-C,2995.39,buy,6.0,6.0,,,,,,,1752439300.617
145,ETH-257488237,1752439437266,2,0.0335,0.03376,67.25,ETH-25JUL25-3100-C,2993.89,sell,260.0,260.0,,,,,,,1752439437.266
146,ETH-257488294,1752439501949,2,0.033,0.033429,66.74,ETH-25JUL25-3100-C,2992.68,sell,10.0,10.0,,,,,,,1752439501.949
148,ETH-257488296,1752439501949,3,0.033,0.033429,66.74,ETH-25JUL25-3100-C,2992.68,sell,33.0,33.0,,,,,,,1752439501.949
149,ETH-257488297,1752439501949,3,0.033,0.033429,66.74,ETH-25JUL25-3100-C,2992.68,sell,12.0,12.0,,,,,,,1752439501.949
147,ETH-257488295,1752439501949,3,0.033,0.033429,66.74,ETH-25JUL25-3100-C,2992.68,sell,405.0,405.0,,,,,,,1752439501.949
150,ETH-257488298,1752439501955,3,0.033,0.033429,66.74,ETH-25JUL25-3100-C,2992.68,buy,139.0,139.0,,,,,,,1752439501.955
151,ETH-257488299,1752439501957,3,0.033,0.033429,66.74,ETH-25JUL25-3100-C,2992.68,buy,401.0,401.0,,,,,,,1752439501.957
152,ETH-257488417,1752439592828,2,0.032,0.032508,65.66,ETH-25JUL25-3100-C,2991.04,sell,241.0,241.0,,,,,,,1752439592.828
154,ETH-257488419,1752439592828,3,0.032,0.032508,65.66,ETH-25JUL25-3100-C,2991.04,sell,33.0,33.0,,,,,,,1752439592.828
153,ETH-257488418,1752439592828,3,0.032,0.032508,65.66,ETH-25JUL25-3100-C,2991.04,sell,406.0,406.0,,,,,,,1752439592.828
155,ETH-257488420,1752439592828,3,0.032,0.032508,65.66,ETH-25JUL25-3100-C,2991.04,sell,19.0,19.0,,,,,,,1752439592.828
156,ETH-257488421,1752439592831,3,0.032,0.032508,65.66,ETH-25JUL25-3100-C,2991.04,buy,163.0,163.0,,,,,,,1752439592.831
157,ETH-257488422,1752439592833,3,0.032,0.032508,65.66,ETH-25JUL25-3100-C,2991.04,buy,14.0,14.0,,,,,,,1752439592.833
158,ETH-257488423,1752439592833,3,0.032,0.032508,65.66,ETH-25JUL25-3100-C,2991.04,buy,241.0,241.0,,,,,,,1752439592.833
159,ETH-257488424,1752439592833,3,0.032,0.032508,65.66,ETH-25JUL25-3100-C,2991.04,buy,1.0,1.0,,,,,,,1752439592.833
160,ETH-257488425,1752439592834,3,0.032,0.032508,65.66,ETH-25JUL25-3100-C,2991.04,buy,7.0,7.0,,,,,,,1752439592.834
161,ETH-257488426,1752439592836,3,0.032,0.032508,65.66,ETH-25JUL25-3100-C,2991.04,buy,375.0,375.0,,,,,,,1752439592.836
162,ETH-257488796,1752439671135,3,0.032,0.032115,65.92,ETH-25JUL25-3100-C,2990.06,buy,2.0,2.0,,,,,,,1752439671.135
163,ETH-257488883,1752439692564,3,0.032,0.031994,65.98,ETH-25JUL25-3100-C,2989.88,buy,2.0,2.0,,,,,,,1752439692.564
172,ETH-257488909,1752439718557,3,0.0305,0.031926,63.97,ETH-25JUL25-3100-C,2988.98,sell,24.0,24.0,,,,,,,1752439718.557
174,ETH-257488911,1752439718557,3,0.0305,0.031926,63.97,ETH-25JUL25-3100-C,2988.98,sell,241.0,241.0,,,,,,,1752439718.557
166,ETH-257488903,1752439718557,3,0.031,0.031926,64.7,ETH-25JUL25-3100-C,2988.98,sell,241.0,241.0,,,,,,,1752439718.557
176,ETH-257488913,1752439718557,3,0.0305,0.031926,63.97,ETH-25JUL25-3100-C,2988.98,sell,200.0,200.0,,,,,,,1752439718.557
164,ETH-257488901,1752439718557,2,0.031,0.031926,64.7,ETH-25JUL25-3100-C,2988.98,sell,16.0,16.0,,,,,,,1752439718.557
171,ETH-257488908,1752439718557,3,0.0305,0.031926,63.97,ETH-25JUL25-3100-C,2988.98,sell,36.0,36.0,,,,,,,1752439718.557
167,ETH-257488904,1752439718557,3,0.031,0.031926,64.7,ETH-25JUL25-3100-C,2988.98,sell,36.0,36.0,,,,,,,1752439718.557
170,ETH-257488907,1752439718557,2,0.0305,0.031926,63.97,ETH-25JUL25-3100-C,2988.98,sell,488.0,488.0,,,,,,,1752439718.557
169,ETH-257488906,1752439718557,3,0.031,0.031926,64.7,ETH-25JUL25-3100-C,2988.98,sell,33.0,33.0,,,,,,,1752439718.557
175,ETH-257488912,1752439718557,3,0.0305,0.031926,63.97,ETH-25JUL25-3100-C,2988.98,sell,100.0,100.0,,,,,,,1752439718.557
165,ETH-257488902,1752439718557,3,0.031,0.031926,64.7,ETH-25JUL25-3100-C,2988.98,sell,100.0,100.0,,,,,,,1752439718.557
177,ETH-257488914,1752439718557,3,0.0305,0.031926,63.97,ETH-25JUL25-3100-C,2988.98,sell,1.0,1.0,,,,,,,1752439718.557
173,ETH-257488910,1752439718557,3,0.0305,0.031926,63.97,ETH-25JUL25-3100-C,2988.98,sell,407.0,407.0,,,,,,,1752439718.557
168,ETH-257488905,1752439718557,3,0.031,0.031926,64.7,ETH-25JUL25-3100-C,2988.98,sell,20.0,20.0,,,,,,,1752439718.557
178,ETH-257488915,1752439718557,2,0.03,0.031926,63.24,ETH-25JUL25-3100-C,2988.98,sell,57.0,57.0,,,,,,,1752439718.557
179,ETH-257489476,1752439919217,0,0.031,0.031029,64.54,ETH-25JUL25-3100-C,2990.37,buy,2.0,2.0,,,,,,,1752439919.217
180,ETH-257489541,1752439969037,1,0.031,0.030684,64.73,ETH-25JUL25-3100-C,2989.54,buy,20.0,20.0,,,,,,,1752439969.037
181,ETH-257489580,1752440038600,0,0.0315,0.030897,65.12,ETH-25JUL25-3100-C,2991.03,buy,36.0,36.0,,,,,,,1752440038.6
183,ETH-257489582,1752440038600,1,0.0315,0.030897,65.12,ETH-25JUL25-3100-C,2991.03,buy,20.0,20.0,,,,,,,1752440038.6
182,ETH-257489581,1752440038600,1,0.0315,0.030897,65.12,ETH-25JUL25-3100-C,2991.03,buy,20.0,20.0,,,,,,,1752440038.6
184,ETH-257491054,1752440414423,1,0.0315,0.031227,64.81,ETH-25JUL25-3100-C,2992.3,buy,2.0,2.0,,,,,,,1752440414.423
185,ETH-257491084,1752440436848,1,0.0315,0.031244,64.76,ETH-25JUL25-3100-C,2992.6,buy,2.0,2.0,,,,,,,1752440436.848
186,ETH-257491583,1752441000681,2,0.031,0.030609,65.12,ETH-25JUL25-3100-C,2986.38,buy,2.0,2.0,,,,,,,1752441000.681
187,ETH-257491820,1752441314125,0,0.0315,0.03067,66.01,ETH-25JUL25-3100-C,2985.65,buy,1.0,1.0,,,,,,,1752441314.125
189,ETH-257491960,1752441616044,3,0.031,0.030646,65.41,ETH-25JUL25-3100-C,2984.99,sell,130.0,130.0,,,,,,,1752441616.044
188,ETH-257491959,1752441616044,2,0.031,0.030646,65.41,ETH-25JUL25-3100-C,2984.99,sell,7.0,7.0,,,,,,,1752441616.044
190,ETH-257499111,1752444411318,2,0.028,0.027734,65.42,ETH-25JUL25-3100-C,2960.62,buy,2.0,2.0,,,,,,,1752444411.318
191,ETH-257499112,1752444411323,3,0.028,0.027734,65.42,ETH-25JUL25-3100-C,2960.62,sell,8.0,8.0,,,,,,,1752444411.323
192,ETH-257499151,1752444437339,3,0.028,0.02793,65.15,ETH-25JUL25-3100-C,2962.07,buy,2.0,2.0,,,,,,,1752444437.339
193,ETH-257499311,1752444467701,3,0.028,0.027978,65.05,ETH-25JUL25-3100-C,2962.73,buy,2.0,2.0,,,,,,,1752444467.701
194,ETH-257499341,1752444483918,3,0.028,0.027955,65.09,ETH-25JUL25-3100-C,2962.34,sell,10.0,10.0,,,,,,,1752444483.918
195,ETH-257499365,1752444487345,3,0.028,0.027911,65.17,ETH-25JUL25-3100-C,2961.9,buy,2.0,2.0,,,,,,,1752444487.345
196,ETH-257499379,1752444497521,3,0.028,0.027932,65.13,ETH-25JUL25-3100-C,2962.23,sell,8.0,8.0,,,,,,,1752444497.521
197,ETH-257499505,1752444512207,3,0.028,0.027757,65.37,ETH-25JUL25-3100-C,2960.91,buy,2.0,2.0,,,,,,,1752444512.207
198,ETH-257499543,1752444520097,3,0.028,0.02788,65.29,ETH-25JUL25-3100-C,2961.37,sell,14.0,14.0,,,,,,,1752444520.097
199,ETH-257504693,1752449192628,3,0.028,0.027744,65.1,ETH-25JUL25-3100-C,2963.26,buy,2.0,2.0,,,,,,,1752449192.628
200,ETH-257507242,1752451494144,0,0.029,0.028999,65.08,ETH-25JUL25-3100-C,2972.12,buy,1.0,1.0,,,,,,,1752451494.144
201,ETH-257507849,1752452295887,0,0.0295,0.029579,64.83,ETH-25JUL25-3100-C,2977.77,buy,1.0,1.0,,,,,,,1752452295.887
202,ETH-257508070,1752452537083,1,0.0295,0.029557,64.97,ETH-25JUL25-3100-C,2977.07,buy,1.0,1.0,,,,,,,1752452537.083
203,ETH-257508429,1752452732307,0,0.0305,0.030603,65.0,ETH-25JUL25-3100-C,2985.21,buy,1.0,1.0,,,,,,,1752452732.307
204,ETH-257510789,1752454714842,2,0.0295,0.029582,65.08,ETH-25JUL25-3100-C,2977.21,sell,1.0,1.0,,,,,,,1752454714.842
205,ETH-257510797,1752454721195,3,0.0295,0.029576,65.1,ETH-25JUL25-3100-C,2977.12,buy,1.0,1.0,,,,,,,1752454721.195
206,ETH-257511178,1752454984295,2,0.029,0.029015,65.25,ETH-25JUL25-3100-C,2971.84,sell,1.0,1.0,,,,,,,1752454984.295
207,ETH-257515477,1752459962143,0,0.032,0.031951,65.04,ETH-25JUL25-3100-C,2997.64,sell,1.0,1.0,,,,,,,1752459962.143
208,ETH-257515536,1752459976965,0,0.0325,0.032186,65.41,ETH-25JUL25-3100-C,2999.56,buy,1.0,1.0,,,,,,,1752459976.965
209,ETH-257515545,1752459978092,1,0.0325,0.032251,65.39,ETH-25JUL25-3100-C,2999.68,sell,1.0,1.0,,,,,,,1752459978.092
210,ETH-257515554,1752459981798,1,0.0325,0.032209,65.54,ETH-25JUL25-3100-C,2998.89,buy,1.0,1.0,,,,,,,1752459981.798
211,ETH-257515558,1752459984724,1,0.0325,0.032267,65.27,ETH-25JUL25-3100-C,3000.28,sell,1.0,1.0,,,,,,,1752459984.724
212,ETH-257515564,1752459985948,1,0.0325,0.032334,65.24,ETH-25JUL25-3100-C,3000.43,sell,1.0,1.0,,,,,,,1752459985.948
213,ETH-257515670,1752459991823,1,0.0325,0.032842,64.72,ETH-25JUL25-3100-C,3003.19,sell,1.0,1.0,,,,,,,1752459991.823
214,ETH-257515703,1752460000495,1,0.0325,0.032314,65.43,ETH-25JUL25-3100-C,2999.67,sell,5.0,5.0,,,,,,,1752460000.495
215,ETH-257518679,1752461211130,0,0.0335,0.033431,65.28,ETH-25JUL25-3100-C,3008.29,buy,20.0,20.0,,,,,,,1752461211.13
216,ETH-257521680,1752462699282,2,0.033,0.033013,65.21,ETH-25JUL25-3100-C,3005.07,buy,13.0,13.0,,,,,,,1752462699.282
217,ETH-257521878,1752462782604,0,0.0335,0.033441,65.34,ETH-25JUL25-3100-C,3008.09,buy,235.0,235.0,,,,,,,1752462782.604
218,ETH-257521897,1752462810143,1,0.0335,0.033488,65.2,ETH-25JUL25-3100-C,3008.94,buy,75.0,75.0,,,,,,,1752462810.143
219,ETH-257522349,1752463235767,1,0.0335,0.033494,65.14,ETH-25JUL25-3100-C,3008.85,buy,234.0,234.0,,,,,,,1752463235.767
220,ETH-257522352,1752463239894,1,0.0335,0.033504,65.05,ETH-25JUL25-3100-C,3009.27,buy,2.0,2.0,,,,,,,1752463239.894
221,ETH-257522370,1752463246025,1,0.0335,0.033604,64.85,ETH-25JUL25-3100-C,3010.26,buy,6.0,6.0,,,,,,,1752463246.025
222,ETH-257522378,1752463246103,1,0.0335,0.033604,64.85,ETH-25JUL25-3100-C,3010.26,buy,234.0,234.0,,,,,,,1752463246.103
223,ETH-257522379,1752463246108,1,0.0335,0.033604,64.85,ETH-25JUL25-3100-C,3010.26,buy,214.0,214.0,,,,,,,1752463246.108
224,ETH-257523632,1752463821849,0,0.035,0.034694,65.5,ETH-25JUL25-3100-C,3018.69,buy,1.0,1.0,,,,,,,1752463821.849
225,ETH-257524504,1752464093516,2,0.034,0.034243,64.87,ETH-25JUL25-3100-C,3014.15,buy,1.0,1.0,,,,,,,1752464093.516
226,ETH-257533005,1752466200339,0,0.038,0.03792,66.23,ETH-25JUL25-3100-C,3037.48,buy,7.0,7.0,,,,,,,1752466200.339
227,ETH-257534000,1752466831789,0,0.039,0.039072,66.62,ETH-25JUL25-3100-C,3042.48,sell,2.0,2.0,,,,,,,1752466831.789
228,ETH-257534125,1752466950624,1,0.039,0.039027,66.75,ETH-25JUL25-3100-C,3041.77,sell,2.0,2.0,,,,,,,1752466950.624
229,ETH-257536156,1752468180218,0,0.04,0.040103,66.7,ETH-25JUL25-3100-C,3048.95,buy,1.0,1.0,,,,,,,1752468180.218
230,ETH-257536157,1752468180218,1,0.04,0.040103,66.7,ETH-25JUL25-3100-C,3048.95,buy,1.0,1.0,,,,,,,1752468180.218
231,ETH-257539727,1752469736903,2,0.0395,0.039414,66.97,ETH-25JUL25-3100-C,3045.17,sell,1.0,1.0,,,,,,,1752469736.903
232,ETH-257539728,1752469741418,3,0.0395,0.039419,66.96,ETH-25JUL25-3100-C,3045.22,sell,1.0,1.0,,,,,,,1752469741.418
233,ETH-257539996,1752470013088,0,0.04,0.040249,66.44,ETH-25JUL25-3100-C,3050.71,sell,8.0,8.0,,,,,,,1752470013.088
234,ETH-257539997,1752470013592,1,0.04,0.04025,66.44,ETH-25JUL25-3100-C,3050.72,buy,16.0,16.0,,,,,,,1752470013.592
235,ETH-257539998,1752470013595,1,0.04,0.04025,66.44,ETH-25JUL25-3100-C,3050.72,buy,2.0,2.0,,,,,,,1752470013.595
236,ETH-257540011,1752470039774,1,0.04,0.040064,66.42,ETH-25JUL25-3100-C,3050.84,buy,224.0,224.0,,,,,,,1752470039.774
237,ETH-257540069,1752470101944,1,0.04,0.040037,66.36,ETH-25JUL25-3100-C,3051.27,buy,3.0,3.0,,,,,,,1752470101.944
238,ETH-257540075,1752470107618,1,0.04,0.040054,66.28,ETH-25JUL25-3100-C,3051.6,buy,7.0,7.0,,,,,,,1752470107.618
239,ETH-257540076,1752470107638,1,0.04,0.040054,66.28,ETH-25JUL25-3100-C,3051.6,buy,115.0,115.0,,,,,,,1752470107.638
240,ETH-257540077,1752470107647,1,0.04,0.040054,66.28,ETH-25JUL25-3100-C,3051.6,buy,1.0,1.0,,,,,,,1752470107.647
241,ETH-257540078,1752470107663,1,0.04,0.040054,66.28,ETH-25JUL25-3100-C,3051.6,buy,1.0,1.0,,,,,,,1752470107.663
242,ETH-257540079,1752470107689,1,0.04,0.040054,66.28,ETH-25JUL25-3100-C,3051.6,buy,1.0,1.0,,,,,,,1752470107.689
243,ETH-257540082,1752470108140,1,0.04,0.040054,66.28,ETH-25JUL25-3100-C,3051.6,buy,1.0,1.0,,,,,,,1752470108.14
244,ETH-257540083,1752470108154,1,0.04,0.040054,66.28,ETH-25JUL25-3100-C,3051.6,buy,1.0,1.0,,,,,,,1752470108.154
245,ETH-257540084,1752470108168,1,0.04,0.040054,66.28,ETH-25JUL25-3100-C,3051.6,buy,2.0,2.0,,,,,,,1752470108.168
246,ETH-257540086,1752470108192,1,0.04,0.040054,66.28,ETH-25JUL25-3100-C,3051.6,buy,10.0,10.0,,,,,,,1752470108.192
247,ETH-257540087,1752470108249,1,0.04,0.040054,66.28,ETH-25JUL25-3100-C,3051.6,buy,1.0,1.0,,,,,,,1752470108.249
248,ETH-257540088,1752470108555,1,0.04,0.040057,66.2,ETH-25JUL25-3100-C,3051.98,buy,9.0,9.0,,,,,,,1752470108.555
249,ETH-257540090,1752470110464,1,0.04,0.040154,66.12,ETH-25JUL25-3100-C,3052.38,buy,1.0,1.0,,,,,,,1752470110.464
250,ETH-257540803,1752470312575,2,0.039,0.039253,65.93,ETH-25JUL25-3100-C,3046.61,sell,1.0,1.0,,,,,,,1752470312.575
251,ETH-257540804,1752470312575,3,0.039,0.039253,65.93,ETH-25JUL25-3100-C,3046.61,sell,11.0,11.0,,,,,,,1752470312.575
252,ETH-257540805,1752470312575,3,0.039,0.039253,65.93,ETH-25JUL25-3100-C,3046.61,sell,9.0,9.0,,,,,,,1752470312.575
253,ETH-257540819,1752470335767,3,0.039,0.039074,65.94,ETH-25JUL25-3100-C,3046.57,buy,2.0,2.0,,,,,,,1752470335.767
254,ETH-257540820,1752470335775,3,0.039,0.039074,65.94,ETH-25JUL25-3100-C,3046.57,buy,2.0,2.0,,,,,,,1752470335.775
255,ETH-257540821,1752470335781,3,0.039,0.039074,65.94,ETH-25JUL25-3100-C,3046.57,buy,2.0,2.0,,,,,,,1752470335.781
259,ETH-257540876,1752470414435,3,0.0385,0.039018,65.11,ETH-25JUL25-3100-C,3047.09,sell,300.0,300.0,,,,,,,1752470414.435
257,ETH-257540874,1752470414435,3,0.0385,0.039018,65.11,ETH-25JUL25-3100-C,3047.09,sell,109.0,109.0,,,,,,,1752470414.435
258,ETH-257540875,1752470414435,3,0.0385,0.039018,65.11,ETH-25JUL25-3100-C,3047.09,sell,398.0,398.0,,,,,,,1752470414.435
256,ETH-257540873,1752470414435,2,0.0385,0.039018,65.11,ETH-25JUL25-3100-C,3047.09,sell,13.0,13.0,,,,,,,1752470414.435
260,ETH-257545337,1752471485600,0,0.039,0.038928,66.06,ETH-25JUL25-3100-C,3046.1,sell,1.0,1.0,,,,,,,1752471485.6
261,ETH-257545368,1752471501922,2,0.0385,0.038777,65.54,ETH-25JUL25-3100-C,3045.11,sell,13.0,13.0,,,,,,,1752471501.922
262,ETH-257545369,1752471501922,3,0.0385,0.038777,65.54,ETH-25JUL25-3100-C,3045.11,sell,19.0,19.0,,,,,,,1752471501.922
263,ETH-257545375,1752471506316,3,0.0385,0.038732,65.56,ETH-25JUL25-3100-C,3045.0,buy,17.0,17.0,,,,,,,1752471506.316
264,ETH-257545381,1752471510216,3,0.0385,0.038764,65.4,ETH-25JUL25-3100-C,3045.74,buy,10.0,10.0,,,,,,,1752471510.216
265,ETH-257545382,1752471512155,3,0.0385,0.038771,65.39,ETH-25JUL25-3100-C,3045.84,buy,1.0,1.0,,,,,,,1752471512.155
268,ETH-257545464,1752471574939,3,0.038,0.038379,64.81,ETH-25JUL25-3100-C,3045.1,sell,13.0,13.0,,,,,,,1752471574.939
266,ETH-257545462,1752471574939,2,0.038,0.038379,64.81,ETH-25JUL25-3100-C,3045.1,sell,397.0,397.0,,,,,,,1752471574.939
267,ETH-257545463,1752471574939,3,0.038,0.038379,64.81,ETH-25JUL25-3100-C,3045.1,sell,35.0,35.0,,,,,,,1752471574.939
269,ETH-257545465,1752471574942,3,0.038,0.038379,64.81,ETH-25JUL25-3100-C,3045.1,buy,154.0,154.0,,,,,,,1752471574.942
270,ETH-257545466,1752471574944,3,0.038,0.038379,64.81,ETH-25JUL25-3100-C,3045.1,buy,1.0,1.0,,,,,,,1752471574.944
271,ETH-257545467,1752471574948,3,0.038,0.038379,64.81,ETH-25JUL25-3100-C,3045.1,buy,501.0,501.0,,,,,,,1752471574.948
272,ETH-257545468,1752471574951,3,0.038,0.038379,64.81,ETH-25JUL25-3100-C,3045.1,buy,339.0,339.0,,,,,,,1752471574.951
273,ETH-257546055,1752471722877,2,0.0375,0.037994,64.45,ETH-25JUL25-3100-C,3043.8,sell,300.0,300.0,,,,,,,1752471722.877
274,ETH-257546056,1752471722877,3,0.0375,0.037994,64.45,ETH-25JUL25-3100-C,3043.8,sell,200.0,200.0,,,,,,,1752471722.877
275,ETH-257546133,1752471771711,3,0.0375,0.03744,65.16,ETH-25JUL25-3100-C,3040.43,buy,3.0,3.0,,,,,,,1752471771.711
276,ETH-257546136,1752471775916,2,0.037,0.03762,64.16,ETH-25JUL25-3100-C,3041.72,sell,500.0,500.0,,,,,,,1752471775.916
278,ETH-257546138,1752471775916,3,0.037,0.03762,64.16,ETH-25JUL25-3100-C,3041.72,sell,52.0,52.0,,,,,,,1752471775.916
279,ETH-257546139,1752471775916,3,0.037,0.03762,64.16,ETH-25JUL25-3100-C,3041.72,sell,14.0,14.0,,,,,,,1752471775.916
280,ETH-257546140,1752471775916,3,0.037,0.03762,64.16,ETH-25JUL25-3100-C,3041.72,sell,77.0,77.0,,,,,,,1752471775.916
277,ETH-257546137,1752471775916,3,0.037,0.03762,64.16,ETH-25JUL25-3100-C,3041.72,sell,107.0,107.0,,,,,,,1752471775.916
281,ETH-257546190,1752471830979,3,0.037,0.037261,64.34,ETH-25JUL25-3100-C,3040.93,buy,4.0,4.0,,,,,,,1752471830.979
282,ETH-257546667,1752471892056,2,0.0365,0.036839,63.85,ETH-25JUL25-3100-C,3039.76,sell,163.0,163.0,,,,,,,1752471892.056
283,ETH-257546668,1752471892064,3,0.0365,0.036839,63.85,ETH-25JUL25-3100-C,3039.76,sell,20.0,20.0,,,,,,,1752471892.064
284,ETH-257546669,1752471892068,3,0.0365,0.036839,63.85,ETH-25JUL25-3100-C,3039.76,sell,31.0,31.0,,,,,,,1752471892.068
285,ETH-257546670,1752471892074,3,0.0365,0.036839,63.85,ETH-25JUL25-3100-C,3039.76,sell,20.0,20.0,,,,,,,1752471892.074
286,ETH-257546671,1752471892080,3,0.0365,0.036839,63.85,ETH-25JUL25-3100-C,3039.76,sell,6.0,6.0,,,,,,,1752471892.08
287,ETH-257546674,1752471892087,3,0.0365,0.036839,63.85,ETH-25JUL25-3100-C,3039.76,sell,18.0,18.0,,,,,,,1752471892.087
288,ETH-257546675,1752471892091,3,0.0365,0.036839,63.85,ETH-25JUL25-3100-C,3039.76,sell,20.0,20.0,,,,,,,1752471892.091
289,ETH-257546676,1752471892100,3,0.0365,0.036839,63.85,ETH-25JUL25-3100-C,3039.76,sell,6.0,6.0,,,,,,,1752471892.1
290,ETH-257546689,1752471892260,3,0.0365,0.036825,64.27,ETH-25JUL25-3100-C,3037.7,sell,216.0,216.0,,,,,,,1752471892.26
291,ETH-257550685,1752472845132,0,0.0375,0.037621,65.04,ETH-25JUL25-3100-C,3041.37,sell,1.0,1.0,,,,,,,1752472845.132
292,ETH-257552019,1752473730028,2,0.0365,0.036293,65.51,ETH-25JUL25-3100-C,3030.78,buy,10.0,10.0,,,,,,,1752473730.028
293,ETH-257552899,1752474212880,0,0.0375,0.037367,65.44,ETH-25JUL25-3100-C,3038.28,sell,1.0,1.0,,,,,,,1752474212.88
294,ETH-257554515,1752475177043,2,0.036,0.036004,65.23,ETH-25JUL25-3100-C,3028.96,sell,7.0,7.0,,,,,,,1752475177.043
295,ETH-257554516,1752475177045,3,0.036,0.036004,65.23,ETH-25JUL25-3100-C,3028.96,buy,2.0,2.0,,,,,,,1752475177.045
296,ETH-257554517,1752475182504,3,0.036,0.03598,65.28,ETH-25JUL25-3100-C,3028.7,buy,1.0,1.0,,,,,,,1752475182.504
297,ETH-257556694,1752477827242,0,0.037,0.036926,65.88,ETH-25JUL25-3100-C,3033.46,sell,1.0,1.0,,,,,,,1752477827.242
298,ETH-257558295,1752478732631,0,0.0395,0.038782,67.13,ETH-25JUL25-3100-C,3044.89,buy,35.0,35.0,,,,,,,1752478732.631
299,ETH-257558886,1752478899614,1,0.0395,0.039029,66.94,ETH-25JUL25-3100-C,3046.08,buy,2.0,2.0,,,,,,,1752478899.614
300,ETH-257559227,1752479116381,2,0.0385,0.038558,66.46,ETH-25JUL25-3100-C,3040.85,sell,1.0,1.0,,,,,,,1752479116.381
301,ETH-257559228,1752479116385,3,0.0385,0.038558,66.46,ETH-25JUL25-3100-C,3040.85,sell,6.0,6.0,,,,,,,1752479116.385
302,ETH-257559360,1752479264802,3,0.0385,0.038481,66.65,ETH-25JUL25-3100-C,3040.13,sell,1.0,1.0,,,,,,,1752479264.802
303,ETH-257559363,1752479265432,3,0.0385,0.038481,66.65,ETH-25JUL25-3100-C,3040.13,sell,19.0,19.0,,,,,,,1752479265.432
304,ETH-257560099,1752479756146,0,0.0395,0.039565,66.46,ETH-25JUL25-3100-C,3048.36,sell,6.0,6.0,,,,,,,1752479756.146
305,ETH-257564717,1752484730317,2,0.038,0.037972,66.12,ETH-25JUL25-3100-C,3040.27,sell,15.0,15.0,,,,,,,1752484730.317
306,ETH-257567346,1752486234692,0,0.042,0.042069,66.33,ETH-25JUL25-3100-C,3067.95,sell,1.0,1.0,,,,,,,1752486234.692
307,ETH-257569061,1752486447484,1,0.042,0.041934,66.73,ETH-25JUL25-3100-C,3066.17,sell,10.0,10.0,,,,,,,1752486447.484
308,ETH-257570625,1752487126650,2,0.039,0.038907,66.47,ETH-25JUL25-3100-C,3046.85,buy,1.0,1.0,,,,,,,1752487126.65
309,ETH-257575536,1752489083694,0,0.0415,0.040835,67.04,ETH-25JUL25-3100-C,3061.16,buy,36.0,36.0,,,,,,,1752489083.694
310,ETH-257580608,1752491228291,0,0.0435,0.042768,67.8,ETH-25JUL25-3100-C,3071.23,buy,3.0,3.0,,,,,,,1752491228.291
311,ETH-257582937,1752491582622,0,0.044,0.043331,67.97,ETH-25JUL25-3100-C,3074.16,buy,3.0,3.0,,,,,,,1752491582.622
312,ETH-257583999,1752491900450,2,0.0425,0.042636,66.83,ETH-25JUL25-3100-C,3069.69,sell,23.0,23.0,,,,,,,1752491900.45
313,ETH-257588727,1752493439165,0,0.043,0.04299,66.91,ETH-25JUL25-3100-C,3073.31,buy,19.0,19.0,,,,,,,1752493439.165
314,ETH-257588728,1752493439976,1,0.043,0.043028,66.91,ETH-25JUL25-3100-C,3073.35,buy,14.0,14.0,,,,,,,1752493439.976
315,ETH-257589521,1752493626724,2,0.0425,0.042244,67.18,ETH-25JUL25-3100-C,3069.09,buy,1.0,1.0,,,,,,,1752493626.724
319,ETH-257590763,1752493925999,3,0.0405,0.041197,65.96,ETH-25JUL25-3100-C,3061.59,sell,291.0,291.0,,,,,,,1752493925.999
317,ETH-257590761,1752493925999,3,0.041,0.041197,66.69,ETH-25JUL25-3100-C,3061.59,sell,13.0,13.0,,,,,,,1752493925.999
318,ETH-257590762,1752493925999,2,0.0405,0.041197,65.96,ETH-25JUL25-3100-C,3061.59,sell,184.0,184.0,,,,,,,1752493925.999
316,ETH-257590760,1752493925999,2,0.041,0.041197,66.69,ETH-25JUL25-3100-C,3061.59,sell,12.0,12.0,,,,,,,1752493925.999
321,ETH-257590816,1752493942460,3,0.0405,0.041048,66.23,ETH-25JUL25-3100-C,3060.46,sell,16.0,16.0,,,,,,,1752493942.46
320,ETH-257590815,1752493942460,3,0.0405,0.041048,66.23,ETH-25JUL25-3100-C,3060.46,sell,20.0,20.0,,,,,,,1752493942.46
322,ETH-257590817,1752493942462,3,0.0405,0.041048,66.23,ETH-25JUL25-3100-C,3060.46,buy,36.0,36.0,,,,,,,1752493942.462
323,ETH-257590818,1752493942470,3,0.0405,0.041048,66.23,ETH-25JUL25-3100-C,3060.46,buy,72.0,72.0,,,,,,,1752493942.47
324,ETH-257590822,1752493947292,3,0.0405,0.041021,66.2,ETH-25JUL25-3100-C,3060.59,buy,20.0,20.0,,,,,,,1752493947.292
325,ETH-257590834,1752493955910,3,0.0405,0.040926,66.15,ETH-25JUL25-3100-C,3060.82,buy,2.0,2.0,,,,,,,1752493955.91
326,ETH-257590837,1752493965370,3,0.0405,0.040802,66.18,ETH-25JUL25-3100-C,3060.75,buy,2.0,2.0,,,,,,,1752493965.37
327,ETH-257590865,1752493972691,3,0.0405,0.040778,66.1,ETH-25JUL25-3100-C,3061.12,buy,132.0,132.0,,,,,,,1752493972.691
328,ETH-257590877,1752493972701,3,0.0405,0.040778,66.1,ETH-25JUL25-3100-C,3061.12,buy,6.0,6.0,,,,,,,1752493972.701
329,ETH-257590879,1752493972710,3,0.0405,0.040778,66.1,ETH-25JUL25-3100-C,3061.12,buy,1.0,1.0,,,,,,,1752493972.71
330,ETH-257590880,1752493972713,3,0.0405,0.040778,66.1,ETH-25JUL25-3100-C,3061.12,buy,2.0,2.0,,,,,,,1752493972.713
331,ETH-257590887,1752493972717,3,0.0405,0.040778,66.1,ETH-25JUL25-3100-C,3061.12,buy,1.0,1.0,,,,,,,1752493972.717
332,ETH-257590888,1752493972717,3,0.0405,0.040778,66.1,ETH-25JUL25-3100-C,3061.12,buy,5.0,5.0,,,,,,,1752493972.717
333,ETH-257590889,1752493972719,3,0.0405,0.040778,66.1,ETH-25JUL25-3100-C,3061.12,buy,3.0,3.0,,,,,,,1752493972.719
334,ETH-257590890,1752493972725,3,0.0405,0.040778,66.1,ETH-25JUL25-3100-C,3061.12,buy,1.0,1.0,,,,,,,1752493972.725
335,ETH-257590891,1752493972734,3,0.0405,0.040778,66.1,ETH-25JUL25-3100-C,3061.12,buy,2.0,2.0,,,,,,,1752493972.734
336,ETH-257590892,1752493972735,3,0.0405,0.040778,66.1,ETH-25JUL25-3100-C,3061.12,buy,1.0,1.0,,,,,,,1752493972.735
337,ETH-257590893,1752493972740,3,0.0405,0.040778,66.1,ETH-25JUL25-3100-C,3061.12,buy,1.0,1.0,,,,,,,1752493972.74
338,ETH-257590894,1752493972745,3,0.0405,0.040778,66.1,ETH-25JUL25-3100-C,3061.12,buy,1.0,1.0,,,,,,,1752493972.745
339,ETH-257590895,1752493972751,3,0.0405,0.040778,66.1,ETH-25JUL25-3100-C,3061.12,buy,9.0,9.0,,,,,,,1752493972.751
340,ETH-257590896,1752493972758,3,0.0405,0.040778,66.1,ETH-25JUL25-3100-C,3061.12,buy,1.0,1.0,,,,,,,1752493972.758
341,ETH-257590897,1752493972762,3,0.0405,0.040778,66.1,ETH-25JUL25-3100-C,3061.12,buy,8.0,8.0,,,,,,,1752493972.762
342,ETH-257590898,1752493972768,3,0.0405,0.040778,66.1,ETH-25JUL25-3100-C,3061.12,buy,3.0,3.0,,,,,,,1752493972.768
343,ETH-257590899,1752493972792,3,0.0405,0.040778,66.1,ETH-25JUL25-3100-C,3061.12,buy,16.0,16.0,,,,,,,1752493972.792
344,ETH-257590933,1752493975579,3,0.0405,0.040755,65.98,ETH-25JUL25-3100-C,3061.68,buy,2.0,2.0,,,,,,,1752493975.579
346,ETH-257590998,1752494027843,3,0.04,0.040318,65.63,ETH-25JUL25-3100-C,3060.14,sell,13.0,13.0,,,,,,,1752494027.843
345,ETH-257590997,1752494027843,2,0.04,0.040318,65.63,ETH-25JUL25-3100-C,3060.14,sell,397.0,397.0,,,,,,,1752494027.843
347,ETH-257590999,1752494027845,3,0.04,0.040318,65.63,ETH-25JUL25-3100-C,3060.14,buy,185.0,185.0,,,,,,,1752494027.845
348,ETH-257591000,1752494027846,3,0.04,0.040318,65.63,ETH-25JUL25-3100-C,3060.14,buy,25.0,25.0,,,,,,,1752494027.846
349,ETH-257591001,1752494027850,3,0.04,0.040318,65.63,ETH-25JUL25-3100-C,3060.14,buy,373.0,373.0,,,,,,,1752494027.85
350,ETH-257600367,1752497992329,2,0.039,0.039201,66.33,ETH-25JUL25-3100-C,3050.43,sell,8.0,8.0,,,,,,,1752497992.329
351,ETH-257600697,1752498074983,3,0.039,0.039108,66.35,ETH-25JUL25-3100-C,3050.9,buy,31.0,31.0,,,,,,,1752498074.983
352,ETH-257600938,1752498127652,3,0.039,0.038998,66.29,ETH-25JUL25-3100-C,3051.44,buy,130.0,130.0,,,,,,,1752498127.652
353,ETH-257600939,1752498127668,3,0.039,0.038998,66.29,ETH-25JUL25-3100-C,3051.44,buy,6.0,6.0,,,,,,,1752498127.668
354,ETH-257600940,1752498127680,3,0.039,0.038998,66.29,ETH-25JUL25-3100-C,3051.44,buy,2.0,2.0,,,,,,,1752498127.68
355,ETH-257600941,1752498127690,3,0.039,0.038998,66.29,ETH-25JUL25-3100-C,3051.44,buy,1.0,1.0,,,,,,,1752498127.69
356,ETH-257600942,1752498127702,3,0.039,0.038998,66.29,ETH-25JUL25-3100-C,3051.44,buy,1.0,1.0,,,,,,,1752498127.702
357,ETH-257600985,1752498133945,3,0.039,0.039062,66.16,ETH-25JUL25-3100-C,3051.99,buy,2.0,2.0,,,,,,,1752498133.945
358,ETH-257601030,1752498160505,3,0.039,0.038968,66.18,ETH-25JUL25-3100-C,3051.94,buy,187.0,187.0,,,,,,,1752498160.505
359,ETH-257601046,1752498171209,3,0.039,0.038995,66.09,ETH-25JUL25-3100-C,3052.35,buy,3.0,3.0,,,,,,,1752498171.209
360,ETH-257601081,1752498182600,3,0.039,0.039045,65.93,ETH-25JUL25-3100-C,3053.07,buy,149.0,149.0,,,,,,,1752498182.6
361,ETH-257601082,1752498182609,3,0.039,0.039045,65.93,ETH-25JUL25-3100-C,3053.07,buy,125.0,125.0,,,,,,,1752498182.609
362,ETH-257603703,1752499443411,2,0.0385,0.038105,66.74,ETH-25JUL25-3100-C,3045.14,buy,1.0,1.0,,,,,,,1752499443.411
363,ETH-257604023,1752499613550,3,0.0385,0.038504,66.22,ETH-25JUL25-3100-C,3048.03,sell,9.0,9.0,,,,,,,1752499613.55
364,ETH-257606726,1752501018161,0,0.0405,0.040405,66.1,ETH-25JUL25-3100-C,3062.16,buy,183.0,183.0,,,,,,,1752501018.161
365,ETH-257606728,1752501019137,1,0.0405,0.040505,66.0,ETH-25JUL25-3100-C,3062.62,buy,17.0,17.0,,,,,,,1752501019.137
366,ETH-257606737,1752501021222,1,0.0405,0.040585,65.92,ETH-25JUL25-3100-C,3062.98,buy,11.0,11.0,,,,,,,1752501021.222
367,ETH-257606762,1752501024393,1,0.0405,0.040657,65.81,ETH-25JUL25-3100-C,3063.47,buy,17.0,17.0,,,,,,,1752501024.393
368,ETH-257606765,1752501024432,1,0.0405,0.040657,65.81,ETH-25JUL25-3100-C,3063.47,buy,10.0,10.0,,,,,,,1752501024.432
369,ETH-257606766,1752501024440,1,0.0405,0.040657,65.81,ETH-25JUL25-3100-C,3063.47,buy,2.0,2.0,,,,,,,1752501024.44
370,ETH-257606767,1752501024446,1,0.0405,0.040657,65.81,ETH-25JUL25-3100-C,3063.47,buy,2.0,2.0,,,,,,,1752501024.446
371,ETH-257606768,1752501024480,1,0.0405,0.040657,65.81,ETH-25JUL25-3100-C,3063.47,buy,395.0,395.0,,,,,,,1752501024.48
372,ETH-257608069,1752501602776,1,0.0405,0.039843,67.2,ETH-25JUL25-3100-C,3057.54,buy,16.0,16.0,,,,,,,1752501602.776
373,ETH-257608070,1752501602780,1,0.0405,0.039843,67.2,ETH-25JUL25-3100-C,3057.54,sell,272.0,272.0,,,,,,,1752501602.78
374,ETH-257608071,1752501602792,1,0.0405,0.039843,67.2,ETH-25JUL25-3100-C,3057.54,sell,20.0,20.0,,,,,,,1752501602.792
375,ETH-257608072,1752501602817,1,0.0405,0.039843,67.2,ETH-25JUL25-3100-C,3057.54,sell,60.0,60.0,,,,,,,1752501602.817
376,ETH-257608073,1752501602823,1,0.0405,0.039843,67.2,ETH-25JUL25-3100-C,3057.54,sell,60.0,60.0,,,,,,,1752501602.823
377,ETH-257608074,1752501603381,1,0.0405,0.039843,67.2,ETH-25JUL25-3100-C,3057.54,sell,4.0,4.0,,,,,,,1752501603.381
378,ETH-257608075,1752501603405,1,0.0405,0.039843,67.2,ETH-25JUL25-3100-C,3057.54,sell,205.0,205.0,,,,,,,1752501603.405
379,ETH-257609123,1752502024965,1,0.0405,0.040519,66.58,ETH-25JUL25-3100-C,3060.44,buy,4.0,4.0,,,,,,,1752502024.965
380,ETH-257612229,1752503519674,2,0.0375,0.037257,67.15,ETH-25JUL25-3100-C,3037.55,buy,2.0,2.0,,,,,,,1752503519.674
381,ETH-257614986,1752504569477,2,0.037,0.036846,68.54,ETH-25JUL25-3100-C,3027.04,buy,50.0,50.0,,,,,,,1752504569.477
382,ETH-257615271,1752504622844,3,0.037,0.0364,69.24,ETH-25JUL25-3100-C,3023.62,buy,50.0,50.0,,,,,,,1752504622.844
383,ETH-257615552,1752504647958,3,0.037,0.036251,69.83,ETH-25JUL25-3100-C,3020.8,buy,23.0,23.0,,,,,,,1752504647.958
384,ETH-257615553,1752504647964,3,0.037,0.036251,69.83,ETH-25JUL25-3100-C,3020.8,buy,8.0,8.0,,,,,,,1752504647.964
385,ETH-257615554,1752504647971,3,0.037,0.036251,69.83,ETH-25JUL25-3100-C,3020.8,buy,3.0,3.0,,,,,,,1752504647.971
386,ETH-257615555,1752504647976,3,0.037,0.036251,69.83,ETH-25JUL25-3100-C,3020.8,buy,1.0,1.0,,,,,,,1752504647.976
387,ETH-257615556,1752504647981,3,0.037,0.036251,69.83,ETH-25JUL25-3100-C,3020.8,buy,1.0,1.0,,,,,,,1752504647.981
388,ETH-257615583,1752504648441,3,0.037,0.036251,69.83,ETH-25JUL25-3100-C,3020.8,buy,2.0,2.0,,,,,,,1752504648.441
389,ETH-257615588,1752504648449,3,0.037,0.036251,69.83,ETH-25JUL25-3100-C,3020.8,buy,8.0,8.0,,,,,,,1752504648.449
390,ETH-257615590,1752504648518,3,0.037,0.036251,69.83,ETH-25JUL25-3100-C,3020.8,buy,1.0,1.0,,,,,,,1752504648.518
391,ETH-257615607,1752504648656,3,0.037,0.036251,69.83,ETH-25JUL25-3100-C,3020.8,buy,3.0,3.0,,,,,,,1752504648.656
392,ETH-257616643,1752505101946,0,0.0385,0.038108,69.81,ETH-25JUL25-3100-C,3032.43,buy,41.0,41.0,,,,,,,1752505101.946
393,ETH-257617120,1752505378793,2,0.038,0.03773,69.89,ETH-25JUL25-3100-C,3028.92,buy,2.0,2.0,,,,,,,1752505378.793
394,ETH-257623217,1752508365676,2,0.0335,0.033528,69.76,ETH-25JUL25-3100-C,2995.74,sell,10.0,10.0,,,,,,,1752508365.676
395,ETH-257625070,1752508726797,0,0.0355,0.035645,69.5,ETH-25JUL25-3100-C,3012.26,sell,40.0,40.0,,,,,,,1752508726.797
396,ETH-257631159,1752512631387,0,0.037,0.036921,69.85,ETH-25JUL25-3100-C,3022.3,sell,185.0,185.0,,,,,,,1752512631.387
397,ETH-257631169,1752512653326,1,0.037,0.037008,69.89,ETH-25JUL25-3100-C,3022.0,sell,37.0,37.0,,,,,,,1752512653.326
398,ETH-257633611,1752514801144,2,0.0337,0.034248,68.17,ETH-25JUL25-3100-C,3006.41,sell,500.0,500.0,2.0,BLOCK-210664,ETH-STRG-25JUL25-2900_3100,,,,1752514801.144
399,ETH-257633751,1752514888661,0,0.034,0.034557,67.98,ETH-25JUL25-3100-C,3009.54,sell,500.0,500.0,1.0,BLOCK-210666,,,,,1752514888.661
400,ETH-257633824,1752514942347,2,0.0339,0.034472,68.02,ETH-25JUL25-3100-C,3008.58,sell,500.0,500.0,2.0,BLOCK-210671,ETH-STRG-25JUL25-2900_3100,,,,1752514942.347
401,ETH-257636652,1752517676216,0,0.0345,0.034288,68.97,ETH-25JUL25-3100-C,3009.31,sell,1.0,1.0,,,,,,,1752517676.216
402,ETH-257650439,1752537190340,2,0.033,0.033001,67.1,ETH-25JUL25-3100-C,3010.95,sell,20.0,20.0,,,,,,,1752537190.34
403,ETH-257654208,1752541334071,2,0.0305,0.03021,68.33,ETH-25JUL25-3100-C,2987.55,sell,10.0,10.0,,,,,,,1752541334.071
404,ETH-257654388,1752541408967,2,0.03,0.03005,68.0,ETH-25JUL25-3100-C,2984.92,sell,17.0,17.0,,,,,,,1752541408.967
405,ETH-257654416,1752541424741,3,0.03,0.030029,68.02,ETH-25JUL25-3100-C,2984.8,sell,3.0,3.0,,,,,,,1752541424.741
406,ETH-257655509,1752542399138,2,0.0295,0.029598,67.65,ETH-25JUL25-3100-C,2982.91,sell,20.0,20.0,,,,,,,1752542399.138
407,ETH-257656092,1752542420969,2,0.0285,0.028787,67.06,ETH-25JUL25-3100-C,2977.96,sell,20.0,20.0,,,,,,,1752542420.969
408,ETH-257661049,1752545142502,0,0.029,0.029065,67.03,ETH-25JUL25-3100-C,2981.65,buy,1.0,1.0,,,,,,,1752545142.502
409,ETH-257662257,1752545830106,2,0.027,0.026946,67.37,ETH-25JUL25-3100-C,2963.64,buy,2.0,2.0,,,,,,,1752545830.106
410,ETH-257662258,1752545830106,3,0.027,0.026946,67.37,ETH-25JUL25-3100-C,2963.64,buy,18.0,18.0,,,,,,,1752545830.106
411,ETH-257666367,1752547513969,0,0.028,0.02837,66.74,ETH-25JUL25-3100-C,2974.61,sell,20.0,20.0,,,,,,,1752547513.969
412,ETH-257666379,1752547529053,1,0.028,0.028339,66.67,ETH-25JUL25-3100-C,2974.89,sell,40.0,40.0,,,,,,,1752547529.053
413,ETH-257669986,1752549024450,2,0.025,0.024905,67.51,ETH-25JUL25-3100-C,2945.46,sell,19.0,19.0,,,,,,,1752549024.45
414,ETH-257669987,1752549024473,3,0.025,0.024905,67.51,ETH-25JUL25-3100-C,2945.46,sell,1.0,1.0,,,,,,,1752549024.473
415,ETH-257673578,1752549686570,2,0.024,0.024324,66.96,ETH-25JUL25-3100-C,2939.44,sell,2.0,2.0,,,,,,,1752549686.57
416,ETH-257673579,1752549686570,3,0.024,0.024324,66.96,ETH-25JUL25-3100-C,2939.44,sell,7.0,7.0,,,,,,,1752549686.57
417,ETH-257674653,1752550472195,0,0.0245,0.024419,67.84,ETH-25JUL25-3100-C,2939.1,buy,1.0,1.0,,,,,,,1752550472.195
418,ETH-257684625,1752559655853,0,0.0285,0.028469,66.62,ETH-25JUL25-3100-C,2980.91,sell,15.0,15.0,,,,,,,1752559655.853
419,ETH-257689457,1752564026160,1,0.0285,0.028725,65.3,ETH-25JUL25-3100-C,2988.14,sell,4.0,4.0,,,,,,,1752564026.16
420,ETH-257689458,1752564026164,1,0.0285,0.028725,65.3,ETH-25JUL25-3100-C,2988.14,buy,8.0,8.0,,,,,,,1752564026.164
421,ETH-257689459,1752564026164,1,0.0285,0.028725,65.3,ETH-25JUL25-3100-C,2988.14,buy,3.0,3.0,,,,,,,1752564026.164
422,ETH-257690544,1752565243314,2,0.027,0.026738,64.83,ETH-25JUL25-3100-C,2980.28,buy,1.0,1.0,,,,,,,1752565243.314
423,ETH-257690675,1752565338720,3,0.027,0.02692,64.56,ETH-25JUL25-3100-C,2981.46,buy,1.0,1.0,,,,,,,1752565338.72
424,ETH-257690676,1752565338755,3,0.027,0.02692,64.56,ETH-25JUL25-3100-C,2981.46,buy,1.0,1.0,,,,,,,1752565338.755
425,ETH-257692074,1752565972864,2,0.0265,0.026382,64.68,ETH-25JUL25-3100-C,2977.33,buy,1.0,1.0,,,,,,,1752565972.864
426,ETH-257692076,1752565972895,3,0.0265,0.026382,64.68,ETH-25JUL25-3100-C,2977.33,buy,10.0,10.0,,,,,,,1752565972.895
427,ETH-257694653,1752567704460,2,0.0245,0.024565,64.12,ETH-25JUL25-3100-C,2963.92,buy,1.0,1.0,,,,,,,1752567704.46
428,ETH-257694654,1752567704466,3,0.0245,0.024565,64.12,ETH-25JUL25-3100-C,2963.92,buy,2.0,2.0,,,,,,,1752567704.466
429,ETH-257695007,1752568083502,0,0.0255,0.025814,63.67,ETH-25JUL25-3100-C,2974.74,sell,2.0,2.0,,,,,,,1752568083.502
431,ETH-257697276,1752570707711,1,0.0265,0.026335,63.24,ETH-25JUL25-3100-C,2985.39,buy,27.0,27.0,,,,,,,1752570707.711
430,ETH-257697275,1752570707711,0,0.0265,0.026335,63.24,ETH-25JUL25-3100-C,2985.39,buy,1.0,1.0,,,,,,,1752570707.711
432,ETH-257697285,1752570712668,1,0.0265,0.026352,63.24,ETH-25JUL25-3100-C,2985.39,buy,5.0,5.0,,,,,,,1752570712.668
433,ETH-257698019,1752571551993,2,0.026,0.026364,62.67,ETH-25JUL25-3100-C,2984.03,sell,1.0,1.0,,,,,,,1752571551.993
434,ETH-257709779,1752582740688,0,0.029,0.028416,63.57,ETH-25JUL25-3100-C,3006.1,buy,2.0,2.0,,,,,,,1752582740.688
435,ETH-257711633,1752583339228,2,0.026,0.026217,62.56,ETH-25JUL25-3100-C,2987.8,sell,10.0,10.0,,,,,,,1752583339.228
436,ETH-257711639,1752583341737,2,0.0255,0.026168,61.87,ETH-25JUL25-3100-C,2987.25,sell,4.0,4.0,,,,,,,1752583341.737
437,ETH-257716051,1752584881483,0,0.0305,0.029953,63.85,ETH-25JUL25-3100-C,3017.16,buy,127.0,127.0,,,,,,,1752584881.483
438,ETH-257716052,1752584881483,1,0.0305,0.029953,63.85,ETH-25JUL25-3100-C,3017.16,buy,14.0,14.0,,,,,,,1752584881.483
439,ETH-257717034,1752585433652,0,0.031,0.030937,63.89,ETH-25JUL25-3100-C,3020.78,buy,50.0,50.0,,,,,,,1752585433.652
440,ETH-257717040,1752585435809,1,0.031,0.030868,64.08,ETH-25JUL25-3100-C,3019.89,buy,50.0,50.0,,,,,,,1752585435.809
441,ETH-257717046,1752585436345,1,0.031,0.030868,64.08,ETH-25JUL25-3100-C,3019.89,buy,50.0,50.0,,,,,,,1752585436.345
442,ETH-257718768,1752586147784,0,0.0325,0.032237,64.13,ETH-25JUL25-3100-C,3030.94,buy,5.0,5.0,,,,,,,1752586147.784
443,ETH-257719794,1752586506669,1,0.0325,0.032432,63.82,ETH-25JUL25-3100-C,3032.51,buy,1.0,1.0,,,,,,,1752586506.669
444,ETH-257721497,1752587139646,0,0.035,0.034818,64.23,ETH-25JUL25-3100-C,3048.15,buy,1.0,1.0,,,,,,,1752587139.646
445,ETH-257722718,1752587343801,0,0.0375,0.036866,65.45,ETH-25JUL25-3100-C,3060.04,sell,4.0,4.0,,,,,,,1752587343.801
446,ETH-257722719,1752587343913,1,0.0375,0.036866,65.45,ETH-25JUL25-3100-C,3060.04,sell,1.0,1.0,,,,,,,1752587343.913
447,ETH-257723689,1752587535961,2,0.0371,0.036796,65.6,ETH-25JUL25-3100-C,3056.92,buy,1000.0,1000.0,2.0,BLOCK-210895,ETH-RR-25JUL25-3000_3100,,,,1752587535.961
448,ETH-257723704,1752587537521,2,0.037,0.036623,65.75,ETH-25JUL25-3100-C,3055.62,buy,12.0,12.0,,,,,,,1752587537.521
449,ETH-257725422,1752587930544,2,0.0365,0.036348,65.61,ETH-25JUL25-3100-C,3052.75,buy,22.0,22.0,,,,,,,1752587930.544
450,ETH-257725652,1752588060168,3,0.0365,0.035902,66.38,ETH-25JUL25-3100-C,3049.01,buy,125.0,125.0,2.0,BLOCK-210901,ETH-STRD-25JUL25-3100,,,,1752588060.168
451,ETH-257725821,1752588107332,2,0.036,0.036406,64.72,ETH-25JUL25-3100-C,3052.92,buy,125.0,125.0,2.0,BLOCK-210902,ETH-STRD-25JUL25-3100,,,,1752588107.332
452,ETH-257725850,1752588140049,0,0.037,0.036481,66.23,ETH-25JUL25-3100-C,3053.06,buy,125.0,125.0,2.0,BLOCK-210904,ETH-STRD-25JUL25-3100,,,,1752588140.049
453,ETH-257729060,1752589461225,2,0.036,0.03645,65.68,ETH-25JUL25-3100-C,3048.38,sell,19.0,19.0,,,,,,,1752589461.225
454,ETH-257729064,1752589461233,3,0.036,0.03645,65.68,ETH-25JUL25-3100-C,3048.38,sell,1.0,1.0,,,,,,,1752589461.233
455,ETH-257729473,1752589685982,3,0.036,0.036245,65.82,ETH-25JUL25-3100-C,3047.69,sell,1.0,1.0,,,,,,,1752589685.982
456,ETH-257729952,1752589950184,2,0.0355,0.035399,66.23,ETH-25JUL25-3100-C,3041.75,buy,5.0,5.0,,,,,,,1752589950.184
457,ETH-257730223,1752590123389,0,0.036,0.036269,65.82,ETH-25JUL25-3100-C,3046.91,sell,1.0,1.0,,,,,,,1752590123.389
458,ETH-257730292,1752590141639,0,0.0362,0.035609,67.12,ETH-25JUL25-3100-C,3042.52,buy,1000.0,1000.0,2.0,BLOCK-210919,ETH-RR-25JUL25-3000_3100,,,,1752590141.639
459,ETH-257743992,1752594043956,2,0.0315,0.031739,66.37,ETH-25JUL25-3100-C,3012.21,sell,2.0,2.0,,,,,,,1752594043.956
460,ETH-257744352,1752594211607,0,0.034,0.033583,67.2,ETH-25JUL25-3100-C,3026.24,buy,147.0,147.0,,,,,,,1752594211.607
461,ETH-257744526,1752594243709,1,0.034,0.034036,66.5,ETH-25JUL25-3100-C,3029.94,sell,2.0,2.0,,,,,,,1752594243.709
462,ETH-257744957,1752594340302,0,0.035,0.035222,66.46,ETH-25JUL25-3100-C,3037.36,sell,1.0,1.0,,,,,,,1752594340.302
463,ETH-257747043,1752594624714,0,0.037,0.036763,67.61,ETH-25JUL25-3100-C,3045.76,sell,2.0,2.0,,,,,,,1752594624.714
464,ETH-257747621,1752594738187,1,0.037,0.037134,67.72,ETH-25JUL25-3100-C,3045.08,sell,2.0,2.0,,,,,,,1752594738.187
465,ETH-257747879,1752594761978,1,0.037,0.036841,68.06,ETH-25JUL25-3100-C,3043.59,sell,2.0,2.0,,,,,,,1752594761.978
466,ETH-257748362,1752594865242,2,0.0365,0.036469,68.07,ETH-25JUL25-3100-C,3040.37,sell,2.0,2.0,,,,,,,1752594865.242
467,ETH-257748373,1752594875158,3,0.0365,0.03657,67.9,ETH-25JUL25-3100-C,3041.14,sell,12.0,12.0,,,,,,,1752594875.158
468,ETH-257748374,1752594875167,3,0.0365,0.03657,67.9,ETH-25JUL25-3100-C,3041.14,sell,12.0,12.0,,,,,,,1752594875.167
469,ETH-257753221,1752596811074,3,0.0365,0.036742,67.24,ETH-25JUL25-3100-C,3045.59,sell,18.0,18.0,,,,,,,1752596811.074
470,ETH-257753222,1752596811087,3,0.0365,0.036742,67.24,ETH-25JUL25-3100-C,3045.59,sell,2.0,2.0,,,,,,,1752596811.087
471,ETH-257753223,1752596811132,3,0.0365,0.036742,67.24,ETH-25JUL25-3100-C,3045.59,sell,2.0,2.0,,,,,,,1752596811.132
472,ETH-257753240,1752596816222,3,0.0365,0.036529,67.55,ETH-25JUL25-3100-C,3044.16,sell,28.0,28.0,,,,,,,1752596816.222
473,ETH-257755357,1752598170752,0,0.038,0.038338,67.05,ETH-25JUL25-3100-C,3056.4,sell,1.0,1.0,,,,,,,1752598170.752
474,ETH-257756451,1752598888454,2,0.037,0.037217,67.42,ETH-25JUL25-3100-C,3047.68,sell,1.0,1.0,,,,,,,1752598888.454
475,ETH-257756849,1752599282292,2,0.0365,0.036591,67.46,ETH-25JUL25-3100-C,3044.13,buy,150.0,150.0,,,ETH-CDIAG-25JUL25_18JUL25-3100_2800,ETH-257756847,,,1752599282.292
476,ETH-257757948,1752600211204,0,0.0374,0.038033,66.53,ETH-25JUL25-3100-C,3054.69,sell,500.0,500.0,2.0,BLOCK-210976,,,,8822.0,1752600211.204
477,ETH-257759274,1752600591718,0,0.0415,0.041336,67.87,ETH-25JUL25-3100-C,3076.53,sell,6.0,6.0,,,,,,,1752600591.718
478,ETH-257761348,1752601455939,0,0.0425,0.04181,68.86,ETH-25JUL25-3100-C,3079.17,buy,217.0,217.0,,,,,,,1752601455.939
479,ETH-257761373,1752601455974,1,0.0425,0.04181,68.86,ETH-25JUL25-3100-C,3079.17,buy,6.0,6.0,,,,,,,1752601455.974
480,ETH-257761375,1752601455983,1,0.0425,0.04181,68.86,ETH-25JUL25-3100-C,3079.17,buy,20.0,20.0,,,,,,,1752601455.983
481,ETH-257761376,1752601455993,1,0.0425,0.04181,68.86,ETH-25JUL25-3100-C,3079.17,buy,138.0,138.0,,,,,,,1752601455.993
482,ETH-257761381,1752601456007,1,0.0425,0.04181,68.86,ETH-25JUL25-3100-C,3079.17,buy,119.0,119.0,,,,,,,1752601456.007
483,ETH-257763317,1752601888731,0,0.044,0.044075,68.13,ETH-25JUL25-3100-C,3091.84,sell,1.0,1.0,,,,,,,1752601888.731
484,ETH-257765830,1752602824866,1,0.044,0.044094,68.35,ETH-25JUL25-3100-C,3090.85,sell,20.0,20.0,,,,,,,1752602824.866
485,ETH-257765832,1752602824872,1,0.044,0.044094,68.35,ETH-25JUL25-3100-C,3090.85,sell,4.0,4.0,,,,,,,1752602824.872
486,ETH-257768538,1752603316836,0,0.045,0.04471,69.34,ETH-25JUL25-3100-C,3092.11,buy,20.0,20.0,,,,,,,1752603316.836
487,ETH-257768689,1752603362325,1,0.045,0.044688,69.69,ETH-25JUL25-3100-C,3090.75,buy,2.0,2.0,,,,,,,1752603362.325
488,ETH-257768690,1752603362327,1,0.045,0.044688,69.69,ETH-25JUL25-3100-C,3090.75,sell,3.0,3.0,,,,,,,1752603362.327
489,ETH-257769428,1752603681454,2,0.0445,0.044754,68.75,ETH-25JUL25-3100-C,3091.74,sell,300.0,300.0,1.0,BLOCK-210996,,,,8828.0,1752603681.454
490,ETH-257770334,1752603996849,2,0.044,0.044171,68.83,ETH-25JUL25-3100-C,3088.7,sell,42.0,42.0,,,,,,,1752603996.849
491,ETH-257773073,1752604422794,2,0.039,0.040071,67.55,ETH-25JUL25-3100-C,3061.81,sell,2.0,2.0,,,,,,,1752604422.794
492,ETH-257779399,1752606650833,0,0.0435,0.042922,69.6,ETH-25JUL25-3100-C,3082.7,buy,3.0,3.0,,,,,T,,1752606650.833
493,ETH-257779680,1752606895386,2,0.043,0.042928,68.98,ETH-25JUL25-3100-C,3082.43,sell,11.0,11.0,,,,,,,1752606895.386
494,ETH-257786254,1752609894067,2,0.0365,0.036573,69.09,ETH-25JUL25-3100-C,3038.28,sell,1.0,1.0,,,,,,,1752609894.067
495,ETH-257795341,1752619959522,0,0.043,0.043105,67.72,ETH-25JUL25-3100-C,3090.95,sell,8.0,8.0,,,,,,,1752619959.522
496,ETH-257795351,1752619961337,1,0.043,0.043156,67.78,ETH-25JUL25-3100-C,3090.69,sell,8.0,8.0,,,,,,,1752619961.337
497,ETH-257806119,1752623397146,0,0.0505,0.050468,68.76,ETH-25JUL25-3100-C,3135.63,sell,16.0,16.0,,,,,,,1752623397.146
498,ETH-257806141,1752623405072,1,0.0505,0.050473,68.81,ETH-25JUL25-3100-C,3135.48,sell,30.0,30.0,,,,,,,1752623405.072
499,ETH-257806155,1752623405214,1,0.0505,0.050473,68.81,ETH-25JUL25-3100-C,3135.48,sell,32.0,32.0,,,,,,,1752623405.214
500,ETH-257806156,1752623405314,1,0.0505,0.050473,68.81,ETH-25JUL25-3100-C,3135.48,sell,8.0,8.0,,,,,,,1752623405.314
501,ETH-257806157,1752623405412,1,0.0505,0.050473,68.81,ETH-25JUL25-3100-C,3135.48,sell,9.0,9.0,,,,,,,1752623405.412
502,ETH-257806158,1752623405512,1,0.0505,0.050473,68.81,ETH-25JUL25-3100-C,3135.48,sell,11.0,11.0,,,,,,,1752623405.512
503,ETH-257806159,1752623405615,1,0.0505,0.050473,68.81,ETH-25JUL25-3100-C,3135.48,sell,21.0,21.0,,,,,,,1752623405.615
504,ETH-257806160,1752623405712,1,0.0505,0.050473,68.81,ETH-25JUL25-3100-C,3135.48,sell,6.0,6.0,,,,,,,1752623405.712
505,ETH-257806161,1752623405812,1,0.0505,0.050473,68.81,ETH-25JUL25-3100-C,3135.48,sell,6.0,6.0,,,,,,,1752623405.812
506,ETH-257806162,1752623405913,1,0.0505,0.050473,68.81,ETH-25JUL25-3100-C,3135.48,sell,10.0,10.0,,,,,,,1752623405.913
507,ETH-257806163,1752623406016,1,0.0505,0.05038,68.98,ETH-25JUL25-3100-C,3134.85,sell,22.0,22.0,,,,,,,1752623406.016
508,ETH-257806385,1752623566705,1,0.0505,0.050451,69.19,ETH-25JUL25-3100-C,3133.94,sell,9.0,9.0,,,,,,,1752623566.705
509,ETH-257806396,1752623568281,1,0.0505,0.050418,69.27,ETH-25JUL25-3100-C,3133.69,sell,25.0,25.0,,,,,,,1752623568.281
510,ETH-257806579,1752623787711,0,0.0515,0.051542,69.35,ETH-25JUL25-3100-C,3139.25,sell,9.0,9.0,,,,,,,1752623787.711
511,ETH-257806580,1752623787812,1,0.0515,0.051542,69.35,ETH-25JUL25-3100-C,3139.25,sell,12.0,12.0,,,,,,,1752623787.812
512,ETH-257806581,1752623787911,1,0.0515,0.051542,69.35,ETH-25JUL25-3100-C,3139.25,sell,11.0,11.0,,,,,,,1752623787.911
513,ETH-257806582,1752623788013,1,0.0515,0.051542,69.35,ETH-25JUL25-3100-C,3139.25,sell,9.0,9.0,,,,,,,1752623788.013
514,ETH-257806583,1752623788110,1,0.0515,0.051542,69.35,ETH-25JUL25-3100-C,3139.25,sell,27.0,27.0,,,,,,,1752623788.11
515,ETH-257806584,1752623788212,1,0.0515,0.051542,69.35,ETH-25JUL25-3100-C,3139.25,sell,23.0,23.0,,,,,,,1752623788.212
516,ETH-257806585,1752623788311,1,0.0515,0.051542,69.35,ETH-25JUL25-3100-C,3139.25,sell,16.0,16.0,,,,,,,1752623788.311
517,ETH-257806586,1752623788412,1,0.0515,0.051542,69.35,ETH-25JUL25-3100-C,3139.25,sell,30.0,30.0,,,,,,,1752623788.412
518,ETH-257806587,1752623788981,1,0.0515,0.051564,69.37,ETH-25JUL25-3100-C,3139.18,sell,21.0,21.0,,,,,,,1752623788.981
519,ETH-257806590,1752623791594,1,0.0515,0.05155,69.45,ETH-25JUL25-3100-C,3138.89,sell,32.0,32.0,,,,,,,1752623791.594
520,ETH-257806591,1752623794164,1,0.0515,0.051504,69.5,ETH-25JUL25-3100-C,3138.71,sell,26.0,26.0,,,,,,,1752623794.164
521,ETH-257806592,1752623795972,1,0.0515,0.051481,69.53,ETH-25JUL25-3100-C,3138.63,sell,29.0,29.0,,,,,,,1752623795.972
522,ETH-257806600,1752623800582,1,0.0515,0.051497,69.49,ETH-25JUL25-3100-C,3138.77,sell,18.0,18.0,,,,,,,1752623800.582
523,ETH-257806601,1752623800718,1,0.0515,0.051497,69.49,ETH-25JUL25-3100-C,3138.77,sell,7.0,7.0,,,,,,,1752623800.718
524,ETH-257806602,1752623800812,1,0.0515,0.051497,69.49,ETH-25JUL25-3100-C,3138.77,sell,8.0,8.0,,,,,,,1752623800.812
525,ETH-257806603,1752623800960,1,0.0515,0.051497,69.49,ETH-25JUL25-3100-C,3138.77,sell,20.0,20.0,,,,,,,1752623800.96
526,ETH-257806604,1752623801111,1,0.0515,0.051497,69.49,ETH-25JUL25-3100-C,3138.77,sell,7.0,7.0,,,,,,,1752623801.111
527,ETH-257806605,1752623801111,1,0.0515,0.051497,69.49,ETH-25JUL25-3100-C,3138.77,sell,4.0,4.0,,,,,,,1752623801.111
528,ETH-257806606,1752623801212,1,0.0515,0.051497,69.49,ETH-25JUL25-3100-C,3138.77,sell,18.0,18.0,,,,,,,1752623801.212
529,ETH-257806607,1752623801311,1,0.0515,0.051497,69.49,ETH-25JUL25-3100-C,3138.77,sell,12.0,12.0,,,,,,,1752623801.311
530,ETH-257806608,1752623801411,1,0.0515,0.051497,69.49,ETH-25JUL25-3100-C,3138.77,sell,25.0,25.0,,,,,,,1752623801.411
531,ETH-257806609,1752623802086,1,0.0515,0.051508,69.47,ETH-25JUL25-3100-C,3138.84,sell,12.0,12.0,,,,,,,1752623802.086
532,ETH-257806616,1752623811225,1,0.0515,0.05152,69.5,ETH-25JUL25-3100-C,3138.73,sell,16.0,16.0,,,,,,,1752623811.225
533,ETH-257806626,1752623811312,1,0.0515,0.05152,69.5,ETH-25JUL25-3100-C,3138.73,sell,29.0,29.0,,,,,,,1752623811.312
534,ETH-257806627,1752623811411,1,0.0515,0.05152,69.5,ETH-25JUL25-3100-C,3138.73,sell,7.0,7.0,,,,,,,1752623811.411
535,ETH-257806632,1752623812841,1,0.0515,0.051509,69.56,ETH-25JUL25-3100-C,3138.55,sell,22.0,22.0,,,,,,,1752623812.841
536,ETH-257806640,1752623812911,1,0.0515,0.051509,69.56,ETH-25JUL25-3100-C,3138.55,sell,20.0,20.0,,,,,,,1752623812.911
537,ETH-257806641,1752623813327,1,0.0515,0.051509,69.56,ETH-25JUL25-3100-C,3138.55,sell,11.0,11.0,,,,,,,1752623813.327
538,ETH-257806642,1752623813411,1,0.0515,0.051509,69.56,ETH-25JUL25-3100-C,3138.55,sell,14.0,14.0,,,,,,,1752623813.411
539,ETH-257806643,1752623813512,1,0.0515,0.051479,69.61,ETH-25JUL25-3100-C,3138.35,sell,8.0,8.0,,,,,,,1752623813.512
540,ETH-257806644,1752623813611,1,0.0515,0.051479,69.61,ETH-25JUL25-3100-C,3138.35,sell,16.0,16.0,,,,,,,1752623813.611
541,ETH-257806645,1752623813711,1,0.0515,0.051479,69.61,ETH-25JUL25-3100-C,3138.35,sell,22.0,22.0,,,,,,,1752623813.711
542,ETH-257806646,1752623814197,1,0.0515,0.051479,69.61,ETH-25JUL25-3100-C,3138.35,sell,21.0,21.0,,,,,,,1752623814.197
543,ETH-257806647,1752623814312,1,0.0515,0.051479,69.61,ETH-25JUL25-3100-C,3138.35,sell,15.0,15.0,,,,,,,1752623814.312
544,ETH-257806844,1752623846613,0,0.0525,0.052496,69.85,ETH-25JUL25-3100-C,3143.31,sell,15.0,15.0,,,,,,,1752623846.613
545,ETH-257806845,1752623846620,1,0.0525,0.052496,69.85,ETH-25JUL25-3100-C,3143.31,sell,7.0,7.0,,,,,,,1752623846.62
546,ETH-257806846,1752623846797,1,0.0525,0.052496,69.85,ETH-25JUL25-3100-C,3143.31,sell,25.0,25.0,,,,,,,1752623846.797
547,ETH-257806847,1752623846912,1,0.0525,0.052496,69.85,ETH-25JUL25-3100-C,3143.31,sell,11.0,11.0,,,,,,,1752623846.912
548,ETH-257806848,1752623847013,1,0.0525,0.052496,69.85,ETH-25JUL25-3100-C,3143.31,sell,14.0,14.0,,,,,,,1752623847.013
549,ETH-257806849,1752623847112,1,0.0525,0.052496,69.85,ETH-25JUL25-3100-C,3143.31,sell,21.0,21.0,,,,,,,1752623847.112
550,ETH-257806850,1752623847211,1,0.0525,0.052496,69.85,ETH-25JUL25-3100-C,3143.31,sell,15.0,15.0,,,,,,,1752623847.211
551,ETH-257806851,1752623847312,1,0.0525,0.052496,69.85,ETH-25JUL25-3100-C,3143.31,sell,22.0,22.0,,,,,,,1752623847.312
552,ETH-257806955,1752623886894,2,0.052,0.052079,69.76,ETH-25JUL25-3100-C,3140.83,sell,20.0,20.0,,,,,,,1752623886.894
553,ETH-257806967,1752623889611,3,0.052,0.05199,69.99,ETH-25JUL25-3100-C,3139.99,sell,26.0,26.0,,,,,,,1752623889.611
554,ETH-257806968,1752623889719,3,0.052,0.05199,69.99,ETH-25JUL25-3100-C,3139.99,sell,15.0,15.0,,,,,,,1752623889.719
555,ETH-257806987,1752623891579,3,0.052,0.051908,70.01,ETH-25JUL25-3100-C,3139.93,sell,15.0,15.0,,,,,,,1752623891.579
556,ETH-257806988,1752623891580,3,0.052,0.051908,70.01,ETH-25JUL25-3100-C,3139.93,sell,1.0,1.0,,,,,,,1752623891.58
557,ETH-257806989,1752623891585,3,0.052,0.051908,70.01,ETH-25JUL25-3100-C,3139.93,sell,3.0,3.0,,,,,,,1752623891.585
558,ETH-257806993,1752623891657,3,0.052,0.051908,70.01,ETH-25JUL25-3100-C,3139.93,sell,3.0,3.0,,,,,,,1752623891.657
559,ETH-257807039,1752623928031,3,0.052,0.051963,70.09,ETH-25JUL25-3100-C,3139.7,sell,19.0,19.0,,,,,,,1752623928.031
560,ETH-257807057,1752623955626,3,0.052,0.05206,70.09,ETH-25JUL25-3100-C,3139.6,sell,26.0,26.0,,,,,,,1752623955.626
561,ETH-257807066,1752623971670,3,0.052,0.05205,70.15,ETH-25JUL25-3100-C,3139.42,sell,24.0,24.0,,,,,,,1752623971.67
562,ETH-257807067,1752623971852,3,0.052,0.05205,70.15,ETH-25JUL25-3100-C,3139.42,sell,22.0,22.0,,,,,,,1752623971.852
563,ETH-257807068,1752623972012,3,0.052,0.05205,70.15,ETH-25JUL25-3100-C,3139.42,sell,7.0,7.0,,,,,,,1752623972.012
564,ETH-257807069,1752623972413,3,0.052,0.05205,70.15,ETH-25JUL25-3100-C,3139.42,sell,27.0,27.0,,,,,,,1752623972.413
565,ETH-257807121,1752624000277,3,0.052,0.05207,70.14,ETH-25JUL25-3100-C,3139.39,sell,32.0,32.0,,,,,,,1752624000.277
566,ETH-257807122,1752624000466,3,0.052,0.05207,70.14,ETH-25JUL25-3100-C,3139.39,sell,25.0,25.0,,,,,,,1752624000.466
567,ETH-257807123,1752624000830,3,0.052,0.052076,70.25,ETH-25JUL25-3100-C,3138.98,sell,29.0,29.0,,,,,,,1752624000.83
568,ETH-257807124,1752624000911,3,0.052,0.052076,70.25,ETH-25JUL25-3100-C,3138.98,sell,30.0,30.0,,,,,,,1752624000.911
569,ETH-257807125,1752624001012,3,0.052,0.052076,70.25,ETH-25JUL25-3100-C,3138.98,sell,28.0,28.0,,,,,,,1752624001.012
570,ETH-257807126,1752624001112,3,0.052,0.052076,70.25,ETH-25JUL25-3100-C,3138.98,sell,18.0,18.0,,,,,,,1752624001.112
571,ETH-257807127,1752624001213,3,0.052,0.052076,70.25,ETH-25JUL25-3100-C,3138.98,sell,6.0,6.0,,,,,,,1752624001.213
572,ETH-257807128,1752624001481,3,0.052,0.052076,70.25,ETH-25JUL25-3100-C,3138.98,sell,13.0,13.0,,,,,,,1752624001.481
573,ETH-257807129,1752624001618,3,0.052,0.052076,70.25,ETH-25JUL25-3100-C,3138.98,sell,23.0,23.0,,,,,,,1752624001.618
574,ETH-257807130,1752624001711,3,0.052,0.052008,70.3,ETH-25JUL25-3100-C,3138.79,sell,10.0,10.0,,,,,,,1752624001.711
575,ETH-257807131,1752624002228,3,0.052,0.052008,70.3,ETH-25JUL25-3100-C,3138.79,sell,6.0,6.0,,,,,,,1752624002.228
576,ETH-257807196,1752624049855,3,0.052,0.052053,70.3,ETH-25JUL25-3100-C,3139.01,sell,15.0,15.0,,,,,,,1752624049.855
577,ETH-257807205,1752624050028,3,0.052,0.052053,70.3,ETH-25JUL25-3100-C,3139.01,sell,1.0,1.0,,,,,,,1752624050.028
578,ETH-257807206,1752624050029,3,0.052,0.052053,70.3,ETH-25JUL25-3100-C,3139.01,sell,10.0,10.0,,,,,,,1752624050.029
579,ETH-257807207,1752624050130,3,0.052,0.052053,70.3,ETH-25JUL25-3100-C,3139.01,sell,16.0,16.0,,,,,,,1752624050.13
580,ETH-257807208,1752624050216,3,0.052,0.052053,70.3,ETH-25JUL25-3100-C,3139.01,sell,14.0,14.0,,,,,,,1752624050.216
581,ETH-257807209,1752624050314,3,0.052,0.052053,70.3,ETH-25JUL25-3100-C,3139.01,sell,26.0,26.0,,,,,,,1752624050.314
582,ETH-257807210,1752624050413,3,0.052,0.052053,70.3,ETH-25JUL25-3100-C,3139.01,sell,25.0,25.0,,,,,,,1752624050.413
583,ETH-257807212,1752624050650,3,0.052,0.052053,70.3,ETH-25JUL25-3100-C,3139.01,sell,15.0,15.0,,,,,,,1752624050.65
584,ETH-257807213,1752624050720,3,0.052,0.052064,70.24,ETH-25JUL25-3100-C,3139.2,sell,8.0,8.0,,,,,,,1752624050.72
585,ETH-257807218,1752624050812,3,0.052,0.052064,70.24,ETH-25JUL25-3100-C,3139.2,sell,8.0,8.0,,,,,,,1752624050.812
586,ETH-257807221,1752624050914,3,0.052,0.052064,70.24,ETH-25JUL25-3100-C,3139.2,sell,29.0,29.0,,,,,,,1752624050.914
587,ETH-257807222,1752624051012,3,0.052,0.052064,70.24,ETH-25JUL25-3100-C,3139.2,sell,16.0,16.0,,,,,,,1752624051.012
588,ETH-257807223,1752624051112,3,0.052,0.052064,70.24,ETH-25JUL25-3100-C,3139.2,sell,12.0,12.0,,,,,,,1752624051.112
589,ETH-257807224,1752624051214,3,0.052,0.052064,70.24,ETH-25JUL25-3100-C,3139.2,sell,8.0,8.0,,,,,,,1752624051.214
590,ETH-257807225,1752624051312,3,0.052,0.052064,70.24,ETH-25JUL25-3100-C,3139.2,sell,20.0,20.0,,,,,,,1752624051.312
591,ETH-257807229,1752624051411,3,0.052,0.052064,70.24,ETH-25JUL25-3100-C,3139.2,sell,29.0,29.0,,,,,,,1752624051.411
592,ETH-257807239,1752624051821,3,0.052,0.052101,70.64,ETH-25JUL25-3100-C,3137.77,sell,11.0,11.0,,,,,,,1752624051.821
593,ETH-257807240,1752624051913,3,0.052,0.052101,70.64,ETH-25JUL25-3100-C,3137.77,sell,29.0,29.0,,,,,,,1752624051.913
594,ETH-257807241,1752624052579,3,0.052,0.052101,70.64,ETH-25JUL25-3100-C,3137.77,sell,30.0,30.0,,,,,,,1752624052.579
595,ETH-257807242,1752624052712,3,0.052,0.051862,70.82,ETH-25JUL25-3100-C,3137.1,sell,17.0,17.0,,,,,,,1752624052.712
596,ETH-257807293,1752624060730,2,0.0515,0.051441,70.65,ETH-25JUL25-3100-C,3134.76,sell,8.0,8.0,,,,,,,1752624060.73
597,ETH-257807346,1752624067917,3,0.0515,0.051501,70.7,ETH-25JUL25-3100-C,3134.54,sell,11.0,11.0,,,,,,,1752624067.917
598,ETH-257807407,1752624107479,2,0.051,0.050892,70.61,ETH-25JUL25-3100-C,3131.74,sell,10.0,10.0,,,,,,,1752624107.479
599,ETH-257821099,1752634219741,2,0.045,0.044995,65.01,ETH-25JUL25-3100-C,3118.76,buy,1.0,1.0,,,,,,,1752634219.741
600,ETH-257821100,1752634219763,3,0.045,0.044995,65.01,ETH-25JUL25-3100-C,3118.76,buy,8.0,8.0,,,,,,,1752634219.763
601,ETH-257821102,1752634219945,3,0.045,0.044995,65.01,ETH-25JUL25-3100-C,3118.76,buy,1.0,1.0,,,,,,,1752634219.945
602,ETH-257821103,1752634219952,3,0.045,0.044995,65.01,ETH-25JUL25-3100-C,3118.76,buy,8.0,8.0,,,,,,,1752634219.952
603,ETH-257822322,1752635399426,2,0.043,0.043007,65.02,ETH-25JUL25-3100-C,3107.4,buy,1.0,1.0,,,,,,,1752635399.426
604,ETH-257833268,1752646664236,0,0.047,0.046681,63.67,ETH-25JUL25-3100-C,3137.51,buy,2.0,2.0,,,,,,,1752646664.236
605,ETH-257833272,1752646680990,1,0.047,0.046708,63.61,ETH-25JUL25-3100-C,3137.75,buy,2.0,2.0,,,,,,,1752646680.99
606,ETH-257833319,1752646723989,1,0.047,0.046778,63.52,ETH-25JUL25-3100-C,3138.13,buy,2.0,2.0,,,,,,,1752646723.989
607,ETH-257833388,1752646836479,0,0.048,0.047645,63.73,ETH-25JUL25-3100-C,3143.11,buy,2.0,2.0,,,,,,,1752646836.479
608,ETH-257834158,1752647150332,0,0.0495,0.049033,64.05,ETH-25JUL25-3100-C,3150.91,buy,41.0,41.0,,,,,,,1752647150.332
609,ETH-257834349,1752647251812,2,0.049,0.048649,63.81,ETH-25JUL25-3100-C,3148.91,buy,2.0,2.0,,,,,,,1752647251.812
610,ETH-257834382,1752647283233,3,0.049,0.048584,63.96,ETH-25JUL25-3100-C,3148.48,buy,2.0,2.0,,,,,,,1752647283.233
611,ETH-257834398,1752647302661,3,0.049,0.048733,63.79,ETH-25JUL25-3100-C,3149.01,buy,4.0,4.0,,,,,,,1752647302.661
612,ETH-257834445,1752647383560,0,0.0495,0.048877,64.3,ETH-25JUL25-3100-C,3150.04,buy,41.0,41.0,,,,,,,1752647383.56
613,ETH-257834543,1752647517916,2,0.049,0.04863,64.21,ETH-25JUL25-3100-C,3147.51,buy,41.0,41.0,,,,,,,1752647517.916
614,ETH-257834597,1752647564225,3,0.049,0.048699,64.06,ETH-25JUL25-3100-C,3148.02,buy,2.0,2.0,,,,,,,1752647564.225
615,ETH-257834604,1752647606732,3,0.049,0.048873,63.85,ETH-25JUL25-3100-C,3148.69,buy,2.0,2.0,,,,,,,1752647606.732
616,ETH-257834660,1752647718595,3,0.049,0.048669,64.12,ETH-25JUL25-3100-C,3148.0,buy,41.0,41.0,,,,,,,1752647718.595
617,ETH-257841766,1752650786033,0,0.0525,0.052463,65.42,ETH-25JUL25-3100-C,3163.79,buy,2.0,2.0,,,,,,,1752650786.033
618,ETH-257841767,1752650786418,1,0.0525,0.052486,65.4,ETH-25JUL25-3100-C,3163.87,sell,113.0,113.0,,,,,,,1752650786.418
619,ETH-257841768,1752650786472,1,0.0525,0.052486,65.4,ETH-25JUL25-3100-C,3163.87,sell,113.0,113.0,,,,,,,1752650786.472
620,ETH-257841773,1752650792245,1,0.0525,0.05254,65.36,ETH-25JUL25-3100-C,3164.05,sell,12.0,12.0,,,,,,,1752650792.245
621,ETH-257841836,1752650836626,1,0.0525,0.052555,65.4,ETH-25JUL25-3100-C,3163.98,sell,110.0,110.0,,,,,,,1752650836.626
622,ETH-257850314,1752653516126,2,0.052,0.052241,66.01,ETH-25JUL25-3100-C,3159.77,sell,1.0,1.0,,,,,,,1752653516.126
623,ETH-257867773,1752667199193,2,0.0498,0.050173,65.57,ETH-25JUL25-3100-C,3150.75,buy,2.0,2.0,,,ETH-STRD-25JUL25-3100,ETH-257867772,,,1752667199.193
624,ETH-257886109,1752673756300,0,0.0575,0.058166,67.69,ETH-25JUL25-3100-C,3187.63,sell,2.0,2.0,,,,,,,1752673756.3
625,ETH-257886343,1752673817831,1,0.0575,0.057498,68.42,ETH-25JUL25-3100-C,3185.07,sell,2.0,2.0,,,,,,,1752673817.831
626,ETH-257886489,1752673881313,2,0.057,0.057529,67.63,ETH-25JUL25-3100-C,3184.72,sell,2.0,2.0,,,,,,,1752673881.313
627,ETH-257886597,1752673893773,2,0.0565,0.05693,67.9,ETH-25JUL25-3100-C,3181.16,sell,2.0,2.0,,,,,,,1752673893.773
628,ETH-257886770,1752673932001,0,0.057,0.057357,67.96,ETH-25JUL25-3100-C,3183.74,sell,2.0,2.0,,,,,,,1752673932.001
629,ETH-257886857,1752673966795,0,0.0575,0.05767,68.2,ETH-25JUL25-3100-C,3185.6,sell,2.0,2.0,,,,,,,1752673966.795
630,ETH-257886858,1752673966870,1,0.0575,0.057695,68.18,ETH-25JUL25-3100-C,3185.66,sell,1.0,1.0,,,,,,,1752673966.87
631,ETH-257886863,1752673967164,1,0.0575,0.057695,68.18,ETH-25JUL25-3100-C,3185.66,sell,1.0,1.0,,,,,,,1752673967.164
632,ETH-257886953,1752674005526,0,0.058,0.058274,68.21,ETH-25JUL25-3100-C,3188.31,sell,2.0,2.0,,,,,,,1752674005.526
633,ETH-257887078,1752674061479,1,0.058,0.058303,68.1,ETH-25JUL25-3100-C,3188.72,sell,2.0,2.0,,,,,,,1752674061.479
634,ETH-257887657,1752674164007,0,0.059,0.05954,67.66,ETH-25JUL25-3100-C,3195.36,sell,2.0,2.0,,,,,,,1752674164.007
635,ETH-257889032,1752674407621,0,0.0595,0.059637,68.1,ETH-25JUL25-3100-C,3197.3,sell,2.0,2.0,,,,,,,1752674407.621
636,ETH-257891152,1752674721856,0,0.06,0.060918,66.88,ETH-25JUL25-3100-C,3203.36,sell,18.0,18.0,,,,,,,1752674721.856
638,ETH-257910092,1752677949570,1,0.0705,0.070479,69.1,ETH-25JUL25-3100-C,3254.0,sell,3.0,3.0,,,,,,,1752677949.57
637,ETH-257910091,1752677949570,0,0.0705,0.070479,69.1,ETH-25JUL25-3100-C,3254.0,sell,3.0,3.0,,,,,,,1752677949.57
640,ETH-257910949,1752678129361,1,0.072,0.072223,68.72,ETH-25JUL25-3100-C,3261.71,sell,3.0,3.0,,,,,,,1752678129.361
639,ETH-257910948,1752678129361,0,0.072,0.072223,68.72,ETH-25JUL25-3100-C,3261.71,sell,3.0,3.0,,,,,,,1752678129.361
642,ETH-257911237,1752678217016,1,0.072,0.072033,69.36,ETH-25JUL25-3100-C,3260.28,sell,3.0,3.0,,,,,,,1752678217.016
641,ETH-257911236,1752678217016,1,0.072,0.072033,69.36,ETH-25JUL25-3100-C,3260.28,sell,3.0,3.0,,,,,,,1752678217.016
643,ETH-257911611,1752678335408,2,0.0715,0.071284,69.21,ETH-25JUL25-3100-C,3258.5,buy,12.0,12.0,,,,,,,1752678335.408
645,ETH-257911961,1752678423338,3,0.0715,0.071755,68.78,ETH-25JUL25-3100-C,3259.95,sell,3.0,3.0,,,,,,,1752678423.338
644,ETH-257911960,1752678423338,3,0.0715,0.071755,68.78,ETH-25JUL25-3100-C,3259.95,sell,3.0,3.0,,,,,,,1752678423.338
646,ETH-257913186,1752678744413,2,0.069,0.069164,69.05,ETH-25JUL25-3100-C,3246.26,sell,3.0,3.0,,,,,,,1752678744.413
647,ETH-257913266,1752678775634,3,0.069,0.069116,69.05,ETH-25JUL25-3100-C,3246.3,sell,3.0,3.0,,,,,,,1752678775.634
648,ETH-257922348,1752680628701,2,0.0665,0.066292,69.12,ETH-25JUL25-3100-C,3232.83,buy,5.0,5.0,,,,,,,1752680628.701
649,ETH-257946227,1752686682803,0,0.0768,0.077268,68.35,ETH-25JUL25-3100-C,3288.69,sell,250.0,250.0,2.0,BLOCK-211284,ETH-CS-25JUL25-3100_3400,,,,1752686682.803
650,ETH-257948171,1752687727035,0,0.077,0.076967,68.8,ETH-25JUL25-3100-C,3289.32,buy,11.0,11.0,,,,,,,1752687727.035
651,ETH-257948173,1752687727104,1,0.077,0.076967,68.8,ETH-25JUL25-3100-C,3289.32,buy,1.0,1.0,,,,,,,1752687727.104
652,ETH-257948178,1752687727194,1,0.077,0.076967,68.8,ETH-25JUL25-3100-C,3289.32,buy,1.0,1.0,,,,,,,1752687727.194
653,ETH-257960319,1752689749678,0,0.089,0.088417,71.82,ETH-25JUL25-3100-C,3341.2,buy,1.0,1.0,,,,,,,1752689749.678
654,ETH-257998543,1752696893500,0,0.0993,0.0988,72.23,ETH-25JUL25-3100-C,3394.3,sell,2.0,2.0,,,ETH-CDIAG-1AUG25_25JUL25-3200_3100,ETH-257998542,,,1752696893.5
655,ETH-258002613,1752697174124,0,0.1035,0.103765,70.36,ETH-25JUL25-3100-C,3417.3,sell,10.0,10.0,,,,,,,1752697174.124
656,ETH-258003126,1752697226895,0,0.104,0.103925,71.81,ETH-25JUL25-3100-C,3417.52,sell,10.0,10.0,,,,,,,1752697226.895
657,ETH-258024207,1752701459659,2,0.0985,0.098616,71.57,ETH-25JUL25-3100-C,3392.46,sell,30.0,30.0,,,,,,,1752701459.659
658,ETH-258024208,1752701459659,3,0.0985,0.098616,71.57,ETH-25JUL25-3100-C,3392.46,sell,10.0,10.0,,,,,,,1752701459.659
659,ETH-258026715,1752701960202,2,0.093,0.092932,71.1,ETH-25JUL25-3100-C,3366.13,buy,10.0,10.0,,,,,,,1752701960.202
660,ETH-258043034,1752705700491,2,0.0895,0.090087,67.13,ETH-25JUL25-3100-C,3359.45,sell,1.0,1.0,,,,,,,1752705700.491
661,ETH-258062474,1752711887305,0,0.097,0.096971,67.26,ETH-25JUL25-3100-C,3394.62,buy,1.0,1.0,,,,,,,1752711887.305
662,ETH-258065636,1752713645669,0,0.098,0.097857,68.59,ETH-25JUL25-3100-C,3396.76,buy,1.0,1.0,,,,,,,1752713645.669
663,ETH-258076111,1752717032280,2,0.0795,0.080947,63.83,ETH-25JUL25-3100-C,3319.0,sell,1.0,1.0,,,,,,,1752717032.28
664,ETH-258076998,1752717487243,0,0.085,0.084899,67.55,ETH-25JUL25-3100-C,3337.85,buy,9.0,9.0,,,,,,,1752717487.243
665,ETH-258116434,1752736326075,0,0.105,0.10629,75.92,ETH-25JUL25-3100-C,3416.93,sell,2.0,2.0,,,,,,,1752736326.075
666,ETH-258295878,1752788253296,0,0.111,0.111014,75.46,ETH-25JUL25-3100-C,3452.35,sell,90.0,90.0,,,,,,,1752788253.296
667,ETH-258310637,1752794116571,0,0.1215,0.120198,80.26,ETH-25JUL25-3100-C,3494.21,buy,1.0,1.0,,,,,,,1752794116.571
668,ETH-258394054,1752818224098,0,0.1585,0.159331,78.31,ETH-25JUL25-3100-C,3667.67,buy,1.0,1.0,,,,,,,1752818224.098
669,ETH-258394058,1752818224533,0,0.159,0.159331,81.44,ETH-25JUL25-3100-C,3667.67,buy,1.0,1.0,,,,,,,1752818224.533
670,ETH-258394277,1752818246309,0,0.1595,0.160088,79.29,ETH-25JUL25-3100-C,3671.48,buy,1.0,1.0,,,,,,,1752818246.309
671,ETH-258416357,1752823878790,2,0.155,0.156414,79.27,ETH-25JUL25-3100-C,3649.44,sell,1.0,1.0,,,,,,,1752823878.79
672,ETH-258454762,1752830085317,2,0.1456,0.146258,73.08,ETH-25JUL25-3100-C,3613.3,buy,250.0,250.0,2.0,BLOCK-212025,ETH-CS-25JUL25-3100_3300,,,,1752830085.317
673,ETH-258457912,1752831170590,2,0.1436,0.143629,77.34,ETH-25JUL25-3100-C,3601.84,buy,400.0,400.0,2.0,BLOCK-212033,ETH-CS-25JUL25-3100_3400,,,,1752831170.59
674,ETH-258467716,1752836092375,0,0.148,0.147878,77.89,ETH-25JUL25-3100-C,3621.81,buy,200.0,200.0,3.0,BLOCK-212048,,,,,1752836092.375
675,ETH-258472423,1752837264615,2,0.1455,0.145369,77.03,ETH-25JUL25-3100-C,3610.67,buy,90.0,90.0,,,,,,,1752837264.615
676,ETH-258476549,1752840274795,0,0.146,0.147254,69.11,ETH-25JUL25-3100-C,3618.72,sell,1.0,1.0,,,,,,,1752840274.795
677,ETH-258478774,1752841668480,2,0.1425,0.142696,75.88,ETH-25JUL25-3100-C,3598.79,buy,2.0,2.0,,,,,,,1752841668.48
678,ETH-258495698,1752847010552,0,0.1545,0.154278,80.86,ETH-25JUL25-3100-C,3649.83,buy,1.0,1.0,,,,,,,1752847010.552
679,ETH-258603023,1752873013684,2,0.1275,0.129323,68.18,ETH-25JUL25-3100-C,3541.93,sell,1.0,1.0,,,,,,,1752873013.684
680,ETH-258656355,1752920548920,0,0.134,0.133735,79.92,ETH-25JUL25-3100-C,3561.09,buy,1.0,1.0,,,,,,,1752920548.92
681,ETH-258711413,1752982421695,0,0.158,0.156619,94.88,ETH-25JUL25-3100-C,3664.62,sell,1.0,1.0,,,,,,,1752982421.695
682,ETH-258730429,1752995206232,2,0.155,0.156331,74.3,ETH-25JUL25-3100-C,3661.02,sell,1.0,1.0,,,,,,,1752995206.232
683,ETH-258780673,1753013421863,0,0.177,0.17705,98.22,ETH-25JUL25-3100-C,3752.9,buy,3.0,3.0,,,,,,,1753013421.863
684,ETH-258840575,1753041973388,2,0.171,0.17074,100.33,ETH-25JUL25-3100-C,3727.47,buy,5.0,5.0,,,,,,,1753041973.388
685,ETH-258842035,1753042646347,0,0.174,0.174182,95.87,ETH-25JUL25-3100-C,3742.91,buy,2.0,2.0,,,,,,,1753042646.347
686,ETH-258842039,1753042647750,1,0.174,0.174197,95.37,ETH-25JUL25-3100-C,3743.1,buy,3.0,3.0,,,,,,,1753042647.75
687,ETH-258842842,1753043560175,0,0.1745,0.174496,96.48,ETH-25JUL25-3100-C,3744.75,buy,5.0,5.0,,,,,,,1753043560.175
688,ETH-258845197,1753045733897,2,0.172,0.172057,96.7,ETH-25JUL25-3100-C,3733.25,buy,5.0,5.0,,,,,,,1753045733.897
689,ETH-258890856,1753065245768,0,0.1745,0.17449,98.07,ETH-25JUL25-3100-C,3744.3,sell,1.0,1.0,,,,,,,1753065245.768
690,ETH-258940409,1753098794724,0,0.191,0.190635,110.96,ETH-25JUL25-3100-C,3820.33,buy,100.0,100.0,,,,,,,1753098794.724
691,ETH-259075319,1753160785815,2,0.159,0.157983,112.64,ETH-25JUL25-3100-C,3674.36,buy,71.0,71.0,,,,,,,1753160785.815
692,ETH-259075350,1753160785879,3,0.159,0.157983,112.64,ETH-25JUL25-3100-C,3674.36,buy,200.0,200.0,,,,,,,1753160785.879
693,ETH-259075376,1753160786490,3,0.159,0.157983,102.16,ETH-25JUL25-3100-C,3678.01,sell,20.0,20.0,,,,,,,1753160786.49
694,ETH-259251724,1753268802031,2,0.1555,0.155443,108.26,ETH-25JUL25-3100-C,3666.5,buy,1.0,1.0,,,,,,,1753268802.031
695,ETH-259319902,1753298126809,2,0.14,0.140159,95.0,ETH-25JUL25-3100-C,3602.78,sell,1.0,1.0,,,,,,,1753298126.809
696,ETH-259359830,1753326628132,0,0.1525,0.151454,155.96,ETH-25JUL25-3100-C,3652.96,buy,1.0,1.0,,,,,,,1753326628.132
697,ETH-259368096,1753333395424,2,0.141,0.141594,0.0,ETH-25JUL25-3100-C,3610.27,buy,1.0,1.0,,,,,,,1753333395.424
698,ETH-259368098,1753333407037,3,0.141,0.141535,0.0,ETH-25JUL25-3100-C,3610.15,buy,1.0,1.0,,,,,,,1753333407.037
699,ETH-259368111,1753333418706,3,0.141,0.141327,0.0,ETH-25JUL25-3100-C,3609.12,buy,1.0,1.0,,,,,,,1753333418.706
700,ETH-259368140,1753333430291,2,0.1405,0.140795,0.0,ETH-25JUL25-3100-C,3607.11,buy,1.0,1.0,,,,,,,1753333430.291
701,ETH-259368165,1753333443058,2,0.14,0.140134,78.4,ETH-25JUL25-3100-C,3604.38,buy,1.0,1.0,,,,,,,1753333443.058
