trade_seq,trade_id,timestamp,tick_direction,price,mark_price,iv,instrument_name,index_price,direction,contracts,amount,liquidation,combo_trade_id,combo_id,block_trade_leg_count,block_trade_id,block_rfq_id,unix_sec
873,ETH-256177307,1751315127447,2,0.012,0.011942,67.11,ETH-25JUL25-2100-P,2517.05,buy,1.0,1.0,,,,,,,1751315127.447
874,ETH-256180718,1751319048374,0,0.0125,0.012853,65.85,ETH-25JUL25-2100-P,2494.98,sell,1.0,1.0,,,,,,,1751319048.374
875,ETH-256190201,1751331003604,1,0.0125,0.012658,65.59,ETH-25JUL25-2100-P,2491.06,buy,1.0,1.0,,,,,,,1751331003.604
876,ETH-256190202,1751331003726,1,0.0125,0.012656,65.59,ETH-25JUL25-2100-P,2491.12,buy,7.0,7.0,,,,,,,1751331003.726
877,ETH-256197229,1751344717987,0,0.013,0.012973,65.32,ETH-25JUL25-2100-P,2477.61,buy,1.0,1.0,,,,,,,1751344717.987
878,ETH-256197563,1751345219686,1,0.013,0.013097,65.09,ETH-25JUL25-2100-P,2475.26,buy,3.0,3.0,,,,,,,1751345219.686
879,ETH-256198029,1751345719133,0,0.0135,0.013425,65.27,ETH-25JUL25-2100-P,2469.2,buy,1.0,1.0,,,,,,,1751345719.133
880,ETH-256199736,1751346708268,0,0.014,0.013995,65.11,ETH-25JUL25-2100-P,2459.75,buy,1.0,1.0,,,,,,,1751346708.268
881,ETH-256200022,1751347057194,1,0.014,0.013972,65.14,ETH-25JUL25-2100-P,2459.77,buy,1.0,1.0,,,,,,,1751347057.194
882,ETH-256213660,1751363019550,1,0.014,0.01386,64.65,ETH-25JUL25-2100-P,2453.91,sell,10.0,10.0,,,,,,,1751363019.55
883,ETH-256218964,1751370703974,1,0.014,0.013688,64.07,ETH-25JUL25-2100-P,2448.23,buy,27.0,27.0,,,,,,,1751370703.974
884,ETH-256226028,1751377248837,0,0.0145,0.014551,63.86,ETH-25JUL25-2100-P,2438.1,buy,4.0,4.0,,,,,,,1751377248.837
885,ETH-256237290,1751382161131,0,0.016,0.015345,64.51,ETH-25JUL25-2100-P,2421.88,buy,1.0,1.0,,,,,,,1751382161.131
886,ETH-256244004,1751388623564,2,0.015,0.01501,63.71,ETH-25JUL25-2100-P,2427.69,buy,2.0,2.0,,,,,,,1751388623.564
887,ETH-256244452,1751389437995,3,0.015,0.01543,62.95,ETH-25JUL25-2100-P,2421.08,sell,2.0,2.0,,,,,,,1751389437.995
888,ETH-256254399,1751399441163,0,0.016,0.015755,64.02,ETH-25JUL25-2100-P,2415.29,sell,8.0,8.0,,,,,,,1751399441.163
889,ETH-256270707,1751412800601,0,0.017,0.016865,63.74,ETH-25JUL25-2100-P,2398.84,sell,1.0,1.0,,,,,,,1751412800.601
890,ETH-256270708,1751412800604,1,0.017,0.016865,63.74,ETH-25JUL25-2100-P,2398.84,sell,1.0,1.0,,,,,,,1751412800.604
891,ETH-256270709,1751412800605,1,0.017,0.016865,63.74,ETH-25JUL25-2100-P,2398.84,sell,3.0,3.0,,,,,,,1751412800.605
893,ETH-256276173,1751419065590,1,0.0185,0.018678,63.13,ETH-25JUL25-2100-P,2376.48,sell,2.0,2.0,,,,,,,1751419065.59
892,ETH-256276172,1751419065590,0,0.0185,0.018678,63.13,ETH-25JUL25-2100-P,2376.48,sell,2.0,2.0,,,,,,,1751419065.59
894,ETH-256278590,1751419520490,2,0.0165,0.016618,62.7,ETH-25JUL25-2100-P,2395.89,buy,4.0,4.0,,,,,,,1751419520.49
899,ETH-256279847,1751420219699,3,0.0155,0.015698,62.52,ETH-25JUL25-2100-P,2406.79,sell,19.0,19.0,,,,,,,1751420219.699
898,ETH-256279846,1751420219699,3,0.0155,0.015698,62.52,ETH-25JUL25-2100-P,2406.79,sell,52.0,52.0,,,,,,,1751420219.699
897,ETH-256279845,1751420219699,3,0.0155,0.015698,62.52,ETH-25JUL25-2100-P,2406.79,sell,125.0,125.0,,,,,,,1751420219.699
896,ETH-256279844,1751420219699,3,0.0155,0.015698,62.52,ETH-25JUL25-2100-P,2406.79,sell,2.0,2.0,,,,,,,1751420219.699
895,ETH-256279843,1751420219699,2,0.0155,0.015698,62.52,ETH-25JUL25-2100-P,2406.79,sell,493.0,493.0,,,,,,,1751420219.699
900,ETH-256279848,1751420219702,3,0.0155,0.015698,62.52,ETH-25JUL25-2100-P,2406.79,buy,309.0,309.0,,,,,,,1751420219.702
902,ETH-256280671,1751421602008,3,0.015,0.015186,62.39,ETH-25JUL25-2100-P,2411.74,sell,125.0,125.0,,,,,,,1751421602.008
903,ETH-256280672,1751421602008,3,0.015,0.015186,62.39,ETH-25JUL25-2100-P,2411.74,sell,62.0,62.0,,,,,,,1751421602.008
901,ETH-256280670,1751421602008,2,0.015,0.015186,62.39,ETH-25JUL25-2100-P,2411.74,sell,201.0,201.0,,,,,,,1751421602.008
904,ETH-256280673,1751421602010,3,0.015,0.015186,62.39,ETH-25JUL25-2100-P,2411.74,buy,325.0,325.0,,,,,,,1751421602.01
905,ETH-256280674,1751421602014,3,0.015,0.015186,62.39,ETH-25JUL25-2100-P,2411.74,buy,287.0,287.0,,,,,,,1751421602.014
906,ETH-256281353,1751422071044,3,0.015,0.015084,62.47,ETH-25JUL25-2100-P,2412.53,sell,2.0,2.0,,,,,,,1751422071.044
907,ETH-256281364,1751422075869,2,0.0145,0.015082,61.68,ETH-25JUL25-2100-P,2412.64,sell,6.0,6.0,,,,,,,1751422075.869
908,ETH-256286774,1751428083537,2,0.014,0.014052,63.12,ETH-25JUL25-2100-P,2430.74,sell,1.0,1.0,,,,,,,1751428083.537
909,ETH-256286813,1751428138025,3,0.014,0.014021,63.1,ETH-25JUL25-2100-P,2430.68,sell,1.0,1.0,,,,,,,1751428138.025
910,ETH-256286876,1751428169999,3,0.014,0.013965,63.16,ETH-25JUL25-2100-P,2431.19,sell,1.0,1.0,,,,,,,1751428169.999
911,ETH-256287042,1751428441035,3,0.014,0.014003,63.11,ETH-25JUL25-2100-P,2430.68,sell,1.0,1.0,,,,,,,1751428441.035
912,ETH-256287124,1751428710054,3,0.014,0.013994,63.1,ETH-25JUL25-2100-P,2430.78,sell,1.0,1.0,,,,,,,1751428710.054
913,ETH-256287415,1751429030857,2,0.0135,0.014095,62.01,ETH-25JUL25-2100-P,2428.67,sell,1.0,1.0,,,,,,,1751429030.857
914,ETH-256287460,1751429152295,3,0.0135,0.014089,62.0,ETH-25JUL25-2100-P,2428.35,sell,1.0,1.0,,,,,,,1751429152.295
915,ETH-256288195,1751430819927,3,0.0135,0.013922,62.24,ETH-25JUL25-2100-P,2430.39,sell,1.0,1.0,,,,,,,1751430819.927
916,ETH-256289847,1751433328714,2,0.013,0.013201,63.04,ETH-25JUL25-2100-P,2444.15,buy,1.0,1.0,,,,,,,1751433328.714
917,ETH-256290448,1751433465258,2,0.0125,0.013059,62.1,ETH-25JUL25-2100-P,2443.94,sell,1.0,1.0,,,,,,,1751433465.258
918,ETH-256293969,1751439448848,3,0.0125,0.012744,63.11,ETH-25JUL25-2100-P,2452.39,sell,1.0,1.0,,,,,,,1751439448.848
919,ETH-256301418,1751446677958,3,0.0125,0.012795,62.77,ETH-25JUL25-2100-P,2449.15,sell,25.0,25.0,,,,,,,1751446677.958
920,ETH-256310319,1751459373641,3,0.0125,0.012559,62.52,ETH-25JUL25-2100-P,2443.24,sell,1.0,1.0,,,,,,,1751459373.641
922,ETH-256310382,1751459489340,3,0.0125,0.012622,62.42,ETH-25JUL25-2100-P,2442.71,sell,2.0,2.0,,,,,,,1751459489.34
921,ETH-256310381,1751459489340,3,0.0125,0.012622,62.42,ETH-25JUL25-2100-P,2442.71,sell,1.0,1.0,,,,,,,1751459489.34
923,ETH-256313377,1751462881840,3,0.0125,0.012531,62.93,ETH-25JUL25-2100-P,2446.68,sell,1.0,1.0,,,,,,,1751462881.84
924,ETH-256313378,1751462881862,3,0.0125,0.012531,62.93,ETH-25JUL25-2100-P,2446.68,sell,1.0,1.0,,,,,,,1751462881.862
926,ETH-256325633,1751469179627,3,0.01,0.010125,63.83,ETH-25JUL25-2100-P,2497.64,sell,1.0,1.0,,,,,,,1751469179.627
925,ETH-256325632,1751469179627,2,0.01,0.010125,63.83,ETH-25JUL25-2100-P,2497.64,sell,2.0,2.0,,,,,,,1751469179.627
927,ETH-256330564,1751470965014,0,0.0105,0.010542,64.28,ETH-25JUL25-2100-P,2492.62,sell,1.0,1.0,,,,,,,1751470965.014
928,ETH-256353810,1751476471478,2,0.0085,0.008514,67.6,ETH-25JUL25-2100-P,2565.94,sell,2.0,2.0,,,,,,,1751476471.478
929,ETH-256353811,1751476471478,3,0.0085,0.008514,67.6,ETH-25JUL25-2100-P,2565.94,sell,2.0,2.0,,,,,,,1751476471.478
930,ETH-256353845,1751476480855,3,0.0085,0.00854,67.52,ETH-25JUL25-2100-P,2565.12,buy,1.0,1.0,,,,,,,1751476480.855
931,ETH-256356499,1751476927356,2,0.008,0.008433,67.27,ETH-25JUL25-2100-P,2575.1,sell,25.0,25.0,,,,,,,1751476927.356
932,ETH-256370899,1751483390465,0,0.009,0.009029,69.3,ETH-25JUL25-2100-P,2570.18,sell,2.0,2.0,,,,,,,1751483390.465
933,ETH-256370900,1751483390465,1,0.009,0.009029,69.3,ETH-25JUL25-2100-P,2570.18,sell,1.0,1.0,,,,,,,1751483390.465
935,ETH-256371003,1751483414477,1,0.009,0.009068,69.18,ETH-25JUL25-2100-P,2568.96,sell,2.0,2.0,,,,,,,1751483414.477
934,ETH-256371002,1751483414477,1,0.009,0.009068,69.18,ETH-25JUL25-2100-P,2568.96,sell,2.0,2.0,,,,,,,1751483414.477
936,ETH-256373742,1751486188120,2,0.0085,0.008341,70.13,ETH-25JUL25-2100-P,2589.72,sell,2.0,2.0,,,,,,,1751486188.12
938,ETH-256381396,1751487569001,1,0.0095,0.009427,72.38,ETH-25JUL25-2100-P,2589.12,sell,2.0,2.0,,,,,,,1751487569.001
937,ETH-256381395,1751487569001,0,0.0095,0.009427,72.38,ETH-25JUL25-2100-P,2589.12,sell,2.0,2.0,,,,,,,1751487569.001
939,ETH-256381821,1751487818743,1,0.0095,0.009519,72.4,ETH-25JUL25-2100-P,2589.56,buy,1.0,1.0,,,,,,,1751487818.743
940,ETH-256384514,1751489196768,1,0.0095,0.009336,73.56,ETH-25JUL25-2100-P,2601.57,buy,1.0,1.0,,,,,,,1751489196.768
941,ETH-256384576,1751489236026,1,0.0095,0.009338,73.56,ETH-25JUL25-2100-P,2601.44,buy,1.0,1.0,,,,,,,1751489236.026
942,ETH-256384773,1751489441100,1,0.0095,0.009329,73.61,ETH-25JUL25-2100-P,2601.7,buy,187.0,187.0,,,,,,,1751489441.1
943,ETH-256391788,1751495521071,1,0.0095,0.009169,73.22,ETH-25JUL25-2100-P,2597.65,buy,30.0,30.0,,,,,,,1751495521.071
944,ETH-256391789,1751495521071,1,0.0095,0.009169,73.22,ETH-25JUL25-2100-P,2597.65,buy,70.0,70.0,,,,,,,1751495521.071
948,ETH-256391800,1751495539803,1,0.0095,0.009164,73.23,ETH-25JUL25-2100-P,2597.67,buy,125.0,125.0,,,,,,,1751495539.803
946,ETH-256391798,1751495539803,1,0.0095,0.009164,73.23,ETH-25JUL25-2100-P,2597.67,buy,20.0,20.0,,,,,,,1751495539.803
947,ETH-256391799,1751495539803,1,0.0095,0.009164,73.23,ETH-25JUL25-2100-P,2597.67,buy,36.0,36.0,,,,,,,1751495539.803
945,ETH-256391797,1751495539803,1,0.0095,0.009164,73.23,ETH-25JUL25-2100-P,2597.67,buy,92.0,92.0,,,,,,,1751495539.803
949,ETH-256391801,1751495539807,1,0.0095,0.009164,73.23,ETH-25JUL25-2100-P,2597.67,sell,127.0,127.0,,,,,,,1751495539.807
950,ETH-256393464,1751495979776,2,0.009,0.009042,73.11,ETH-25JUL25-2100-P,2608.23,sell,2.0,2.0,,,,,,,1751495979.776
951,ETH-256393465,1751495979776,3,0.009,0.009042,73.11,ETH-25JUL25-2100-P,2608.23,sell,1.0,1.0,,,,,,,1751495979.776
952,ETH-256396356,1751497639127,0,0.0095,0.009548,72.71,ETH-25JUL25-2100-P,2592.26,sell,2.0,2.0,,,,,,,1751497639.127
953,ETH-256409350,1751512753547,0,0.01,0.009625,71.22,ETH-25JUL25-2100-P,2562.8,buy,1.0,1.0,,,,,,,1751512753.547
954,ETH-256409665,1751513332534,2,0.0091,0.009214,70.08,ETH-25JUL25-2100-P,2571.03,sell,80.0,80.0,,ETH-256409662,ETH-PBUT-25JUL25-1900_2100_2300,,,,1751513332.534
955,ETH-256410157,1751514046936,0,0.0092,0.009283,70.24,ETH-25JUL25-2100-P,2569.91,buy,20.0,20.0,,ETH-256410155,ETH-PBUT-25JUL25-1900_2100_2300,,,,1751514046.936
956,ETH-256417147,1751522419637,2,0.0085,0.008621,70.75,ETH-25JUL25-2100-P,2589.92,sell,30.0,30.0,,,,,,,1751522419.637
957,ETH-256418948,1751524603940,3,0.0085,0.008613,71.22,ETH-25JUL25-2100-P,2594.47,sell,80.0,80.0,,ETH-256418945,ETH-PBUT-25JUL25-1900_2100_2300,,,,1751524603.94
958,ETH-256418999,1751524664175,3,0.0085,0.008554,71.47,ETH-25JUL25-2100-P,2596.45,buy,20.0,20.0,,ETH-256418997,ETH-PBUT-25JUL25-1900_2100_2300,,,,1751524664.175
959,ETH-256427088,1751531248401,2,0.0081,0.008041,70.88,ETH-25JUL25-2100-P,2599.84,sell,2.0,2.0,,ETH-256427085,ETH-PBUT-25JUL25-1900_2100_2300,,,,1751531248.401
960,ETH-256428170,1751531878399,2,0.0079,0.008307,69.89,ETH-25JUL25-2100-P,2594.87,sell,150.0,150.0,,,,3.0,BLOCK-208441,,1751531878.399
961,ETH-256444564,1751540940371,0,0.0085,0.008462,71.4,ETH-25JUL25-2100-P,2593.1,buy,2.0,2.0,,,,,,,1751540940.371
962,ETH-256485345,1751554467597,1,0.0085,0.008462,72.18,ETH-25JUL25-2100-P,2597.47,buy,1.0,1.0,,,,,,,1751554467.597
963,ETH-256500595,1751561904164,1,0.0085,0.008893,70.28,ETH-25JUL25-2100-P,2577.09,sell,1.0,1.0,,,,,,,1751561904.164
964,ETH-256505159,1751567940347,1,0.0085,0.008248,71.13,ETH-25JUL25-2100-P,2584.61,buy,25.0,25.0,,,,,,,1751567940.347
965,ETH-256505163,1751567952213,2,0.008,0.008253,69.92,ETH-25JUL25-2100-P,2584.61,sell,30.0,30.0,,,,,,,1751567952.213
967,ETH-256505203,1751567971172,3,0.008,0.008217,70.04,ETH-25JUL25-2100-P,2585.79,sell,10.0,10.0,,,,,,,1751567971.172
966,ETH-256505202,1751567971172,3,0.008,0.008217,70.04,ETH-25JUL25-2100-P,2585.79,sell,20.0,20.0,,,,,,,1751567971.172
968,ETH-256514320,1751585707284,3,0.008,0.008238,70.49,ETH-25JUL25-2100-P,2586.54,sell,10.0,10.0,,,,,,,1751585707.284
969,ETH-256527240,1751603837943,3,0.008,0.008125,69.9,ETH-25JUL25-2100-P,2576.57,sell,125.0,125.0,,,ETH-PS-25JUL25-2200_2100,2.0,BLOCK-208613,7785.0,1751603837.943
970,ETH-256536470,1751613014092,0,0.0085,0.008466,69.3,ETH-25JUL25-2100-P,2556.92,buy,2.0,2.0,,,,,,,1751613014.092
971,ETH-256541009,1751615372452,0,0.009,0.008911,69.16,ETH-25JUL25-2100-P,2543.75,buy,1.0,1.0,,,,,,,1751615372.452
972,ETH-256541011,1751615372497,1,0.009,0.008911,69.16,ETH-25JUL25-2100-P,2543.75,buy,1.0,1.0,,,,,,,1751615372.497
974,ETH-256546211,1751616799291,1,0.0095,0.009314,68.82,ETH-25JUL25-2100-P,2530.04,buy,18.0,18.0,,,,,,,1751616799.291
973,ETH-256546210,1751616799291,0,0.0095,0.009314,68.82,ETH-25JUL25-2100-P,2530.04,buy,2.0,2.0,,,,,,,1751616799.291
975,ETH-256548422,1751617871694,2,0.009,0.008729,69.33,ETH-25JUL25-2100-P,2545.41,buy,2.0,2.0,,,,,,,1751617871.694
976,ETH-256551944,1751621172355,2,0.008,0.008116,68.1,ETH-25JUL25-2100-P,2555.47,sell,5.0,5.0,,,,,,,1751621172.355
977,ETH-256555022,1751627623613,2,0.0075,0.007423,66.85,ETH-25JUL25-2100-P,2554.21,buy,2.0,2.0,,,,,,,1751627623.613
978,ETH-256560765,1751635145510,0,0.008,0.007925,66.72,ETH-25JUL25-2100-P,2539.76,buy,1.0,1.0,,,,,,,1751635145.51
979,ETH-256561962,1751635808279,2,0.0075,0.008024,65.21,ETH-25JUL25-2100-P,2536.7,sell,9.0,9.0,,,,,,,1751635808.279
980,ETH-256563044,1751636359894,3,0.0075,0.008145,64.87,ETH-25JUL25-2100-P,2533.33,sell,1.0,1.0,,,,,,,1751636359.894
981,ETH-256563553,1751636768883,0,0.008,0.008204,66.04,ETH-25JUL25-2100-P,2533.02,sell,10.0,10.0,,,,,,,1751636768.883
982,ETH-256583290,1751646236838,0,0.0115,0.011271,68.11,ETH-25JUL25-2100-P,2480.87,buy,1.0,1.0,,,,,,,1751646236.838
983,ETH-256584603,1751647099084,2,0.011,0.010756,68.23,ETH-25JUL25-2100-P,2490.06,sell,1.0,1.0,,,,,,,1751647099.084
984,ETH-256584604,1751647099084,3,0.011,0.010756,68.23,ETH-25JUL25-2100-P,2490.06,sell,1.0,1.0,,,,,,,1751647099.084
985,ETH-256600770,1751673477647,2,0.01,0.010154,68.79,ETH-25JUL25-2100-P,2508.76,buy,2.0,2.0,,,,,,,1751673477.647
986,ETH-256601302,1751674986277,2,0.0095,0.009809,68.63,ETH-25JUL25-2100-P,2516.35,sell,4.0,4.0,,,,,,,1751674986.277
987,ETH-256610634,1751696515071,2,0.009,0.008886,68.48,ETH-25JUL25-2100-P,2521.6,sell,1.0,1.0,,,,,,,1751696515.071
988,ETH-256622356,1751718535189,2,0.0085,0.008589,66.78,ETH-25JUL25-2100-P,2513.64,buy,5.0,5.0,,,,,,,1751718535.189
989,ETH-256625445,1751726515483,2,0.008,0.008389,66.26,ETH-25JUL25-2100-P,2518.77,sell,10.0,10.0,,,,,,,1751726515.483
990,ETH-256626201,1751729511665,0,0.0085,0.008224,67.28,ETH-25JUL25-2100-P,2516.27,buy,10.0,10.0,,,,,,,1751729511.665
991,ETH-256626202,1751729511665,1,0.0085,0.008224,67.28,ETH-25JUL25-2100-P,2516.27,buy,10.0,10.0,,,,,,,1751729511.665
992,ETH-256626203,1751729511665,1,0.0085,0.008224,67.28,ETH-25JUL25-2100-P,2516.27,buy,3.0,3.0,,,,,,,1751729511.665
993,ETH-256628166,1751732062755,0,0.009,0.008587,67.89,ETH-25JUL25-2100-P,2510.34,buy,10.0,10.0,,,,,,,1751732062.755
994,ETH-256629651,1751733609837,1,0.009,0.009218,66.49,ETH-25JUL25-2100-P,2497.47,buy,1.0,1.0,,,,,,,1751733609.837
995,ETH-256630424,1751735102675,0,0.0095,0.00886,68.4,ETH-25JUL25-2100-P,2504.65,buy,5.0,5.0,,,,,,,1751735102.675
996,ETH-256632416,1751741609520,1,0.0095,0.00904,67.58,ETH-25JUL25-2100-P,2495.77,buy,300.0,300.0,,,,,,,1751741609.52
997,ETH-256632686,1751742248148,2,0.009,0.009272,66.08,ETH-25JUL25-2100-P,2492.28,sell,1.0,1.0,,,,,,,1751742248.148
998,ETH-256646931,1751793639072,2,0.0075,0.00799,65.72,ETH-25JUL25-2100-P,2514.34,sell,1.0,1.0,,,,,,,1751793639.072
999,ETH-256649127,1751798730798,0,0.008,0.008468,66.84,ETH-25JUL25-2100-P,2512.24,sell,1.0,1.0,,,,,,,1751798730.798
1000,ETH-256661725,1751810271218,2,0.007,0.006895,69.76,ETH-25JUL25-2100-P,2561.62,buy,16.0,16.0,,,,,,,1751810271.218
1001,ETH-256676725,1751827541928,0,0.0075,0.007517,67.99,ETH-25JUL25-2100-P,2528.08,buy,1.0,1.0,,,,,,,1751827541.928
1002,ETH-256702169,1751853433520,2,0.0065,0.006529,69.52,ETH-25JUL25-2100-P,2562.33,buy,228.0,228.0,,,,,,,1751853433.52
1003,ETH-256711291,1751870597501,0,0.007,0.006641,71.81,ETH-25JUL25-2100-P,2568.2,buy,2.0,2.0,,,,,,,1751870597.501
1004,ETH-256749805,1751905291978,0,0.008,0.007665,69.98,ETH-25JUL25-2100-P,2519.67,buy,29.0,29.0,,,,,,,1751905291.978
1005,ETH-256749806,1751905292139,1,0.008,0.007665,69.98,ETH-25JUL25-2100-P,2519.67,buy,4.0,4.0,,,,,,,1751905292.139
1006,ETH-256754136,1751907292596,2,0.007,0.007584,68.34,ETH-25JUL25-2100-P,2527.91,sell,1.0,1.0,,,,,,,1751907292.596
1007,ETH-256755777,1751908542452,3,0.007,0.007327,68.71,ETH-25JUL25-2100-P,2531.36,sell,20.0,20.0,,,,,,,1751908542.452
1008,ETH-256773612,1751931100957,2,0.0065,0.006692,68.92,ETH-25JUL25-2100-P,2542.0,sell,2500.0,2500.0,,,,1.0,BLOCK-209003,,1751931100.957
1009,ETH-256782955,1751942748986,3,0.0065,0.007013,67.86,ETH-25JUL25-2100-P,2529.29,sell,1.0,1.0,,,,,,,1751942748.986
1011,ETH-256785052,1751949760781,3,0.0055,0.006128,66.3,ETH-25JUL25-2100-P,2541.75,sell,1.0,1.0,,,,,,,1751949760.781
1010,ETH-256785051,1751949760781,2,0.0055,0.006128,66.3,ETH-25JUL25-2100-P,2541.75,sell,1.0,1.0,,,,,,,1751949760.781
1012,ETH-256789294,1751959633094,0,0.0058,0.005914,68.5,ETH-25JUL25-2100-P,2551.4,sell,20.0,20.0,,ETH-256789292,ETH-PS-25JUL25-2300_2100,,,,1751959633.094
1013,ETH-256790063,1751961114789,1,0.0058,0.005816,68.92,ETH-25JUL25-2100-P,2555.18,buy,30.0,30.0,,ETH-256790061,ETH-PS-25JUL25-2300_2100,,,,1751961114.789
1014,ETH-256791584,1751962377824,2,0.0057,0.005723,68.81,ETH-25JUL25-2100-P,2558.92,buy,30.0,30.0,,ETH-256791583,ETH-PS-25JUL25-2300_2100,,,,1751962377.824
1016,ETH-256793411,1751964802949,1,0.006,0.005578,68.96,ETH-25JUL25-2100-P,2548.63,buy,46.0,46.0,,,,,,,1751964802.949
1015,ETH-256793410,1751964802949,0,0.006,0.005578,68.96,ETH-25JUL25-2100-P,2548.63,buy,4.0,4.0,,,,,,,1751964802.949
1017,ETH-256798117,1751972740700,2,0.005,0.004969,68.96,ETH-25JUL25-2100-P,2576.86,sell,2.0,2.0,,,,,,,1751972740.7
1018,ETH-256798118,1751972740700,3,0.005,0.004969,68.96,ETH-25JUL25-2100-P,2576.86,sell,18.0,18.0,,,,,,,1751972740.7
1019,ETH-256801121,1751977467054,2,0.0049,0.004826,68.59,ETH-25JUL25-2100-P,2575.51,buy,2.0,2.0,,,,,,,1751977467.054
1020,ETH-256801205,1751977656684,0,0.005,0.004886,68.67,ETH-25JUL25-2100-P,2573.06,buy,15.0,15.0,,,,,,,1751977656.684
1021,ETH-256806769,1751982770617,2,0.0047,0.004912,69.26,ETH-25JUL25-2100-P,2588.36,buy,20.0,20.0,,,,,,,1751982770.617
1022,ETH-256808390,1751983877118,0,0.005,0.004979,69.36,ETH-25JUL25-2100-P,2578.62,buy,20.0,20.0,,,,,,,1751983877.118
1023,ETH-256812004,1751988263388,0,0.0055,0.005333,69.59,ETH-25JUL25-2100-P,2563.46,buy,1.0,1.0,,,,,,,1751988263.388
1024,ETH-256825084,1751997140168,2,0.0041,0.003916,70.83,ETH-25JUL25-2100-P,2622.79,buy,19.0,19.0,,,,,,,1751997140.168
1025,ETH-256834732,1752006284427,0,0.0044,0.004234,70.92,ETH-25JUL25-2100-P,2609.44,buy,10.0,10.0,,,,,,,1752006284.427
1026,ETH-256834750,1752006296101,0,0.0045,0.00427,71.35,ETH-25JUL25-2100-P,2609.94,buy,15.0,15.0,,,,,,,1752006296.101
1027,ETH-256842019,1752020430405,2,0.0042,0.004119,70.55,ETH-25JUL25-2100-P,2609.69,buy,20.0,20.0,,,,,,,1752020430.405
1028,ETH-256844898,1752023963402,0,0.0043,0.004227,71.63,ETH-25JUL25-2100-P,2615.43,buy,20.0,20.0,,,,,,,1752023963.402
1029,ETH-256847300,1752029140745,0,0.0046,0.004317,72.14,ETH-25JUL25-2100-P,2607.78,buy,1.0,1.0,,,,,,,1752029140.745
1030,ETH-256847397,1752029399865,2,0.0042,0.00438,70.36,ETH-25JUL25-2100-P,2605.43,buy,7.0,7.0,,,,,,,1752029399.865
1031,ETH-256849146,1752032737101,0,0.0045,0.004521,70.42,ETH-25JUL25-2100-P,2593.84,buy,1.0,1.0,,,,,,,1752032737.101
1032,ETH-256849316,1752033219927,1,0.0045,0.004534,70.43,ETH-25JUL25-2100-P,2593.99,buy,10.0,10.0,,,,,,,1752033219.927
1033,ETH-256849318,1752033223489,1,0.0045,0.004531,70.43,ETH-25JUL25-2100-P,2594.0,buy,10.0,10.0,,,,,,,1752033223.489
1034,ETH-256849325,1752033253249,1,0.0045,0.004527,70.44,ETH-25JUL25-2100-P,2594.15,buy,10.0,10.0,,,,,,,1752033253.249
1035,ETH-256849484,1752033465553,0,0.0046,0.004573,70.63,ETH-25JUL25-2100-P,2592.21,buy,1.0,1.0,,,,,,,1752033465.553
1036,ETH-256857762,1752040607386,2,0.0042,0.004034,73.09,ETH-25JUL25-2100-P,2630.45,buy,10.0,10.0,,,,,,,1752040607.386
1037,ETH-256859452,1752043163970,2,0.004,0.004094,72.02,ETH-25JUL25-2100-P,2626.86,buy,10.0,10.0,,,,,,,1752043163.97
1038,ETH-256866669,1752051779834,2,0.0038,0.003863,70.17,ETH-25JUL25-2100-P,2614.51,buy,1.0,1.0,,,,,,,1752051779.834
1039,ETH-256874496,1752063006382,2,0.0036,0.003407,71.69,ETH-25JUL25-2100-P,2636.05,sell,2.0,2.0,,,,,,,1752063006.382
1040,ETH-256876264,1752063297518,2,0.0035,0.003311,72.66,ETH-25JUL25-2100-P,2650.72,sell,1.0,1.0,,,,,,,1752063297.518
1041,ETH-256904151,1752077793398,2,0.0034,0.003264,72.89,ETH-25JUL25-2100-P,2653.66,buy,1.0,1.0,,,,,,,1752077793.398
1042,ETH-256904155,1752077799094,3,0.0034,0.003263,72.88,ETH-25JUL25-2100-P,2653.59,buy,1.0,1.0,,,,,,,1752077799.094
1043,ETH-256906254,1752079756387,2,0.0032,0.003104,73.3,ETH-25JUL25-2100-P,2667.03,sell,3.0,3.0,,,,,,,1752079756.387
1044,ETH-256911792,1752084520287,2,0.0029,0.002738,73.33,ETH-25JUL25-2100-P,2682.41,sell,1.0,1.0,,,,,,,1752084520.287
1045,ETH-256913190,1752084540411,2,0.0027,0.002574,73.94,ETH-25JUL25-2100-P,2700.43,buy,63.0,63.0,,,,,,,1752084540.411
1046,ETH-256923972,1752088383819,2,0.0025,0.002539,74.87,ETH-25JUL25-2100-P,2722.75,sell,1.0,1.0,,,,,,,1752088383.819
1047,ETH-256929439,1752089762332,0,0.0027,0.002512,77.56,ETH-25JUL25-2100-P,2739.54,buy,146.0,146.0,,,,,,,1752089762.332
1048,ETH-256954887,1752096300835,2,0.0026,0.00237,78.21,ETH-25JUL25-2100-P,2750.66,buy,1.0,1.0,,,,,,,1752096300.835
1049,ETH-256974540,1752109407908,0,0.0027,0.002602,79.74,ETH-25JUL25-2100-P,2757.44,buy,1.0,1.0,,,,,,,1752109407.908
1050,ETH-256974710,1752109577364,2,0.0026,0.00254,79.47,ETH-25JUL25-2100-P,2760.9,sell,1.0,1.0,,,,,,,1752109577.364
1051,ETH-256975071,1752109977242,2,0.0025,0.002488,79.25,ETH-25JUL25-2100-P,2765.55,sell,1.0,1.0,,,,,,,1752109977.242
1052,ETH-256989186,1752123052102,0,0.0026,0.002395,81.58,ETH-25JUL25-2100-P,2779.99,buy,1.0,1.0,,,,,,,1752123052.102
1053,ETH-256990419,1752124963513,2,0.0024,0.00249,80.13,ETH-25JUL25-2100-P,2777.59,buy,1.0,1.0,,,,,,,1752124963.513
1054,ETH-256990436,1752124970680,3,0.0024,0.002486,80.17,ETH-25JUL25-2100-P,2778.0,buy,1.0,1.0,,,,,,,1752124970.68
1055,ETH-256990531,1752125151417,3,0.0024,0.002468,80.3,ETH-25JUL25-2100-P,2779.43,buy,1.0,1.0,,,,,,,1752125151.417
1056,ETH-257010831,1752135772749,2,0.0023,0.002321,81.32,ETH-25JUL25-2100-P,2794.32,buy,3.0,3.0,,,,,,,1752135772.749
1057,ETH-257013576,1752137344824,0,0.0028,0.002568,83.97,ETH-25JUL25-2100-P,2788.66,buy,20.0,20.0,,,,,,,1752137344.824
1058,ETH-257013577,1752137344824,1,0.0028,0.002568,83.97,ETH-25JUL25-2100-P,2788.66,buy,30.0,30.0,,,,,,,1752137344.824
1059,ETH-257015107,1752138752729,2,0.0027,0.002789,83.0,ETH-25JUL25-2100-P,2783.96,sell,33.0,33.0,,,,,,,1752138752.729
1060,ETH-257020609,1752145124652,0,0.003,0.00278,85.12,ETH-25JUL25-2100-P,2786.22,buy,1.0,1.0,,,,,,,1752145124.652
1061,ETH-257022657,1752147524105,2,0.0026,0.002824,82.17,ETH-25JUL25-2100-P,2778.25,sell,10.0,10.0,,,,,,,1752147524.105
1062,ETH-257039078,1752159110066,0,0.0027,0.002762,82.92,ETH-25JUL25-2100-P,2777.45,sell,5.0,5.0,,,,,,,1752159110.066
1063,ETH-257039079,1752159110066,1,0.0027,0.002762,82.92,ETH-25JUL25-2100-P,2777.45,sell,21.0,21.0,,,,,,,1752159110.066
1064,ETH-257041157,1752161410399,0,0.003,0.002788,84.48,ETH-25JUL25-2100-P,2775.21,buy,25.0,25.0,,,,,,,1752161410.399
1065,ETH-257058947,1752168655496,2,0.0027,0.002482,87.02,ETH-25JUL25-2100-P,2819.48,buy,300.0,300.0,,,,2.0,BLOCK-209632,,1752168655.496
1066,ETH-257063587,1752170692278,2,0.0023,0.002416,85.63,ETH-25JUL25-2100-P,2832.84,sell,27.0,27.0,,,,,,,1752170692.278
1067,ETH-257097508,1752183621959,2,0.0022,0.001886,92.36,ETH-25JUL25-2100-P,2919.89,buy,20.0,20.0,,,,,,,1752183621.959
1068,ETH-257152314,1752191016851,2,0.0019,0.002031,91.92,ETH-25JUL25-2100-P,2941.08,sell,1.0,1.0,,,,,,,1752191016.851
1069,ETH-257152315,1752191016851,3,0.0019,0.002031,91.92,ETH-25JUL25-2100-P,2941.08,sell,4.0,4.0,,,,,,,1752191016.851
1070,ETH-257152335,1752191029450,3,0.0019,0.002036,91.89,ETH-25JUL25-2100-P,2940.59,sell,1.0,1.0,,,,,,,1752191029.45
1071,ETH-257163147,1752196034374,0,0.0021,0.00213,93.69,ETH-25JUL25-2100-P,2940.36,sell,20.0,20.0,,,,,,,1752196034.374
1072,ETH-257167062,1752199122408,2,0.0017,0.001832,91.54,ETH-25JUL25-2100-P,2954.49,sell,1.0,1.0,,,,,,,1752199122.408
1073,ETH-257167063,1752199122408,3,0.0017,0.001832,91.54,ETH-25JUL25-2100-P,2954.49,sell,9.0,9.0,,,,,,,1752199122.408
1074,ETH-257168821,1752199765385,3,0.0017,0.00175,91.75,ETH-25JUL25-2100-P,2956.73,sell,1.0,1.0,,,,,,,1752199765.385
1075,ETH-257168883,1752199826565,2,0.0016,0.001751,90.63,ETH-25JUL25-2100-P,2954.19,sell,5.0,5.0,,,,,,,1752199826.565
1076,ETH-257169790,1752199984098,0,0.0017,0.001689,92.04,ETH-25JUL25-2100-P,2959.97,buy,1.0,1.0,,,,,,,1752199984.098
1077,ETH-257169970,1752200059923,1,0.0017,0.001698,91.92,ETH-25JUL25-2100-P,2958.51,buy,2.0,2.0,,,,,,,1752200059.923
1078,ETH-257170649,1752200410969,1,0.0017,0.001644,92.35,ETH-25JUL25-2100-P,2963.92,buy,1.0,1.0,,,,,,,1752200410.969
1079,ETH-257170650,1752200411100,1,0.0017,0.001644,92.35,ETH-25JUL25-2100-P,2963.92,buy,1.0,1.0,,,,,,,1752200411.1
1080,ETH-257170654,1752200414360,1,0.0017,0.001647,92.3,ETH-25JUL25-2100-P,2963.33,buy,2.0,2.0,,,,,,,1752200414.36
1081,ETH-257170702,1752200441973,1,0.0017,0.001649,92.33,ETH-25JUL25-2100-P,2963.65,buy,1.0,1.0,,,,,,,1752200441.973
1082,ETH-257170726,1752200448777,1,0.0017,0.001642,92.43,ETH-25JUL25-2100-P,2964.79,buy,1.0,1.0,,,,,,,1752200448.777
1083,ETH-257170729,1752200450033,1,0.0017,0.001637,92.44,ETH-25JUL25-2100-P,2964.94,buy,4.0,4.0,,,,,,,1752200450.033
1084,ETH-257170750,1752200454256,1,0.0017,0.001643,92.37,ETH-25JUL25-2100-P,2964.13,buy,3.0,3.0,,,,,,,1752200454.256
1085,ETH-257170752,1752200456324,1,0.0017,0.001643,92.37,ETH-25JUL25-2100-P,2964.16,buy,1.0,1.0,,,,,,,1752200456.324
1086,ETH-257170937,1752200519115,1,0.0017,0.001663,92.22,ETH-25JUL25-2100-P,2962.43,buy,2.0,2.0,,,,,,,1752200519.115
1087,ETH-257170938,1752200519812,1,0.0017,0.001663,92.22,ETH-25JUL25-2100-P,2962.43,buy,1.0,1.0,,,,,,,1752200519.812
1089,ETH-257214982,1752216934686,1,0.0019,0.001782,97.61,ETH-25JUL25-2100-P,2997.37,buy,2.0,2.0,,,,,,,1752216934.686
1088,ETH-257214981,1752216934686,0,0.0019,0.001782,97.61,ETH-25JUL25-2100-P,2997.37,buy,3.0,3.0,,,,,,,1752216934.686
1090,ETH-257215049,1752216955092,1,0.0019,0.001798,97.43,ETH-25JUL25-2100-P,2995.25,buy,1998.0,1998.0,,,,,,,1752216955.092
1091,ETH-257234793,1752221308278,0,0.0021,0.001938,98.17,ETH-25JUL25-2100-P,2980.85,buy,500.0,500.0,,,,,,,1752221308.278
1092,ETH-257235414,1752221469692,1,0.0021,0.001969,98.09,ETH-25JUL25-2100-P,2979.8,buy,500.0,500.0,,,,,,,1752221469.692
1093,ETH-257235505,1752221485143,1,0.0021,0.001986,97.88,ETH-25JUL25-2100-P,2977.26,buy,500.0,500.0,,,,,,,1752221485.143
1094,ETH-257239877,1752223090556,2,0.0019,0.001869,97.45,ETH-25JUL25-2100-P,2992.75,sell,1.0,1.0,,,,,,,1752223090.556
1095,ETH-257243043,1752224165980,2,0.0017,0.001795,96.34,ETH-25JUL25-2100-P,3001.1,sell,20.0,20.0,,,,,,,1752224165.98
1096,ETH-257245506,1752225568408,2,0.0015,0.001651,95.47,ETH-25JUL25-2100-P,3015.29,sell,1.0,1.0,,,,,,,1752225568.408
1097,ETH-257247031,1752226492086,3,0.0015,0.00155,96.31,ETH-25JUL25-2100-P,3025.63,buy,4.0,4.0,,,,,,,1752226492.086
1098,ETH-257251507,1752227509468,3,0.0015,0.001569,96.54,ETH-25JUL25-2100-P,3027.58,sell,1.0,1.0,,,,,,,1752227509.468
1099,ETH-257265938,1752234190908,3,0.0015,0.001611,93.72,ETH-25JUL25-2100-P,2987.16,sell,1.0,1.0,,,,,,,1752234190.908
1100,ETH-257265939,1752234190927,3,0.0015,0.001611,93.72,ETH-25JUL25-2100-P,2987.16,buy,2.0,2.0,,,,,,,1752234190.927
1101,ETH-257265946,1752234194647,3,0.0015,0.001615,93.67,ETH-25JUL25-2100-P,2986.62,buy,5.0,5.0,,,,,,,1752234194.647
1102,ETH-257286519,1752243847613,0,0.0017,0.001505,97.18,ETH-25JUL25-2100-P,3001.34,buy,15.0,15.0,,ETH-257286516,ETH-PBUT-25JUL25-2100_2400_2700,,,,1752243847.613
1103,ETH-257288922,1752245306247,1,0.0017,0.001575,97.42,ETH-25JUL25-2100-P,3003.57,sell,10.0,10.0,,ETH-257288921,ETH-PBUT-25JUL25-2100_2400_2700,,,,1752245306.247
1104,ETH-257294246,1752247322355,0,0.0018,0.001568,97.05,ETH-25JUL25-2100-P,2986.01,buy,3.0,3.0,,,,,,,1752247322.355
1105,ETH-257306738,1752250950443,2,0.0015,0.001413,92.0,ETH-25JUL25-2100-P,2956.8,buy,222.0,222.0,,,,,,,1752250950.443
1106,ETH-257306846,1752250976243,2,0.0014,0.001401,91.14,ETH-25JUL25-2100-P,2958.86,sell,1.0,1.0,,,,,,,1752250976.243
1107,ETH-257306847,1752250976260,3,0.0014,0.001401,91.14,ETH-25JUL25-2100-P,2958.86,buy,777.0,777.0,,,,,,,1752250976.26
1108,ETH-257316985,1752257748695,0,0.0015,0.001398,95.51,ETH-25JUL25-2100-P,2998.97,buy,1.0,1.0,,,,,,,1752257748.695
1109,ETH-257335903,1752272657367,1,0.0015,0.00149,91.61,ETH-25JUL25-2100-P,2942.0,buy,67.0,67.0,,,,,,,1752272657.367
1110,ETH-257353682,1752291004032,2,0.0014,0.001572,93.25,ETH-25JUL25-2100-P,2968.71,sell,4.0,4.0,,,,,,,1752291004.032
1111,ETH-257431437,1752384281363,0,0.0019,0.001767,101.67,ETH-25JUL25-2100-P,2956.52,buy,1.0,1.0,,,,,,,1752384281.363
1112,ETH-257434479,1752389963483,2,0.0018,0.001838,101.37,ETH-25JUL25-2100-P,2961.09,buy,1.0,1.0,,,,,,,1752389963.483
1113,ETH-257450047,1752415291386,2,0.0015,0.001582,101.84,ETH-25JUL25-2100-P,2989.27,sell,1.0,1.0,,,,,,,1752415291.386
1114,ETH-257450048,1752415291393,3,0.0015,0.001582,101.84,ETH-25JUL25-2100-P,2989.27,buy,2.0,2.0,,,,,,,1752415291.393
1115,ETH-257450052,1752415293970,3,0.0015,0.001579,101.9,ETH-25JUL25-2100-P,2989.91,buy,7.0,7.0,,,,,,,1752415293.97
1117,ETH-257513295,1752457652967,3,0.0013,0.001336,100.2,ETH-25JUL25-2100-P,2971.86,sell,1.0,1.0,,,,,,,1752457652.967
1116,ETH-257513294,1752457652967,2,0.0013,0.001336,100.2,ETH-25JUL25-2100-P,2971.86,sell,1.0,1.0,,,,,,,1752457652.967
1119,ETH-257513303,1752457658676,3,0.0012,0.001333,98.98,ETH-25JUL25-2100-P,2972.22,sell,5.0,5.0,,,,,,,1752457658.676
1118,ETH-257513302,1752457658676,2,0.0012,0.001333,98.98,ETH-25JUL25-2100-P,2972.22,sell,3.0,3.0,,,,,,,1752457658.676
1120,ETH-257561792,1752480929591,2,0.0011,0.001105,103.67,ETH-25JUL25-2100-P,3030.56,sell,1.0,1.0,,,,,,,1752480929.591
1121,ETH-257569112,1752486463198,2,0.001,0.001025,105.05,ETH-25JUL25-2100-P,3062.78,sell,1.0,1.0,,,,,,,1752486463.198
1122,ETH-257569828,1752486626179,3,0.001,0.000984,104.38,ETH-25JUL25-2100-P,3054.44,buy,13.0,13.0,,,,,,,1752486626.179
1123,ETH-257569829,1752486626179,3,0.001,0.000984,104.38,ETH-25JUL25-2100-P,3054.44,buy,14.0,14.0,,,,,,,1752486626.179
1124,ETH-257602852,1752498866221,3,0.001,0.001029,104.89,ETH-25JUL25-2100-P,3053.52,sell,1.0,1.0,,,,,,,1752498866.221
1125,ETH-257602887,1752498884005,2,0.0009,0.001022,103.39,ETH-25JUL25-2100-P,3054.77,sell,1.0,1.0,,,,,,,1752498884.005
1126,ETH-257613789,1752504146206,0,0.0012,0.001068,106.36,ETH-25JUL25-2100-P,3031.82,buy,111.0,111.0,,,,,,,1752504146.206
1127,ETH-257622858,1752508343458,0,0.0014,0.001456,106.61,ETH-25JUL25-2100-P,3002.16,buy,5.0,5.0,,,,,,,1752508343.458
1128,ETH-257633791,1752514924358,1,0.0014,0.001521,107.63,ETH-25JUL25-2100-P,3009.41,sell,10.0,10.0,,,,,,,1752514924.358
1129,ETH-257633792,1752514924358,1,0.0014,0.001521,107.63,ETH-25JUL25-2100-P,3009.41,sell,10.0,10.0,,,,,,,1752514924.358
1130,ETH-257634629,1752515670570,1,0.0014,0.001477,107.51,ETH-25JUL25-2100-P,3007.58,sell,20.0,20.0,,,,,,,1752515670.57
1131,ETH-257634855,1752516042997,1,0.0014,0.001447,107.79,ETH-25JUL25-2100-P,3010.19,sell,23.0,23.0,,,,,,,1752516042.997
1132,ETH-257634891,1752516094577,1,0.0014,0.001436,107.91,ETH-25JUL25-2100-P,3011.58,sell,34.0,34.0,,,,,,,1752516094.577
1133,ETH-257717862,1752585783953,2,0.0009,0.000883,105.38,ETH-25JUL25-2100-P,3017.98,sell,3.0,3.0,,,,,,,1752585783.953
1134,ETH-257726201,1752588228971,2,0.0007,0.000811,104.45,ETH-25JUL25-2100-P,3048.86,sell,1.0,1.0,,,,,,,1752588228.971
1135,ETH-257726219,1752588234862,3,0.0007,0.000805,104.34,ETH-25JUL25-2100-P,3047.59,sell,1.0,1.0,,,,,,,1752588234.862
1136,ETH-257734370,1752591011600,0,0.0009,0.000842,105.81,ETH-25JUL25-2100-P,3017.2,buy,1.0,1.0,,,,,,,1752591011.6
1137,ETH-257738634,1752591505921,1,0.0009,0.000901,102.05,ETH-25JUL25-2100-P,2972.98,buy,6.0,6.0,,,,,,,1752591505.921
1138,ETH-257767768,1752603022457,2,0.0007,0.000675,108.6,ETH-25JUL25-2100-P,3085.24,buy,1.0,1.0,,,,,,,1752603022.457
1139,ETH-257767770,1752603024571,3,0.0007,0.000674,108.59,ETH-25JUL25-2100-P,3085.11,buy,4.0,4.0,,,,,,,1752603024.571
1140,ETH-257767835,1752603028794,3,0.0007,0.000672,108.67,ETH-25JUL25-2100-P,3086.13,buy,2.0,2.0,,,,,,,1752603028.794
1141,ETH-257767841,1752603035086,3,0.0007,0.00067,108.7,ETH-25JUL25-2100-P,3086.38,buy,3.0,3.0,,,,,,,1752603035.086
1142,ETH-257787958,1752611321575,3,0.0007,0.000772,105.85,ETH-25JUL25-2100-P,3046.25,sell,1.0,1.0,,,,,,,1752611321.575
1143,ETH-257815445,1752629847522,2,0.0006,0.000658,112.64,ETH-25JUL25-2100-P,3144.29,sell,1.0,1.0,,,,,,,1752629847.522
1144,ETH-257820254,1752633480786,0,0.0007,0.000621,112.6,ETH-25JUL25-2100-P,3112.95,buy,2.0,2.0,,,,,,,1752633480.786
1145,ETH-257820319,1752633548342,1,0.0007,0.000608,112.94,ETH-25JUL25-2100-P,3116.69,buy,2.0,2.0,,,,,,,1752633548.342
1146,ETH-257820423,1752633650527,1,0.0007,0.000613,112.83,ETH-25JUL25-2100-P,3115.66,buy,4.0,4.0,,,,,,,1752633650.527
1147,ETH-257820425,1752633651143,1,0.0007,0.000614,112.73,ETH-25JUL25-2100-P,3114.44,buy,2.0,2.0,,,,,,,1752633651.143
1148,ETH-257824310,1752638945778,1,0.0007,0.000678,112.89,ETH-25JUL25-2100-P,3111.47,buy,50.0,50.0,,,,,,,1752638945.778
1149,ETH-257824311,1752638945780,1,0.0007,0.000678,112.89,ETH-25JUL25-2100-P,3111.47,buy,17.0,17.0,,,,,,,1752638945.78
1150,ETH-257852296,1752654659883,2,0.0006,0.000583,116.03,ETH-25JUL25-2100-P,3165.25,buy,10.0,10.0,,,,,,,1752654659.883
1151,ETH-257866024,1752664978339,3,0.0006,0.000592,115.51,ETH-25JUL25-2100-P,3149.17,buy,7.0,7.0,,,,,,,1752664978.339
1152,ETH-257874109,1752670547157,3,0.0006,0.000542,117.61,ETH-25JUL25-2100-P,3169.68,buy,6.0,6.0,,,,,,,1752670547.157
1153,ETH-257874119,1752670553332,3,0.0006,0.000541,117.61,ETH-25JUL25-2100-P,3169.58,buy,2.0,2.0,,,,,,,1752670553.332
1154,ETH-257874122,1752670555426,3,0.0006,0.000541,117.62,ETH-25JUL25-2100-P,3169.71,buy,2.0,2.0,,,,,,,1752670555.426
1155,ETH-257874246,1752670623726,3,0.0006,0.000549,117.42,ETH-25JUL25-2100-P,3167.07,buy,2.0,2.0,,,,,,,1752670623.726
1156,ETH-257881295,1752672678555,3,0.0006,0.000565,117.76,ETH-25JUL25-2100-P,3168.9,buy,12.0,12.0,,,,,,,1752672678.555
1157,ETH-257881301,1752672680176,3,0.0006,0.000564,117.78,ETH-25JUL25-2100-P,3169.14,buy,2.0,2.0,,,,,,,1752672680.176
1158,ETH-257881303,1752672682683,3,0.0006,0.000564,117.75,ETH-25JUL25-2100-P,3168.81,buy,1.0,1.0,,,,,,,1752672682.683
1159,ETH-257881304,1752672684739,3,0.0006,0.000564,117.75,ETH-25JUL25-2100-P,3168.75,buy,1.0,1.0,,,,,,,1752672684.739
1160,ETH-257881305,1752672686807,3,0.0006,0.000564,117.74,ETH-25JUL25-2100-P,3168.7,buy,2.0,2.0,,,,,,,1752672686.807
1161,ETH-257881323,1752672690954,3,0.0006,0.000563,117.76,ETH-25JUL25-2100-P,3168.89,buy,2.0,2.0,,,,,,,1752672690.954
1162,ETH-257881328,1752672695067,3,0.0006,0.000562,117.79,ETH-25JUL25-2100-P,3169.2,buy,1.0,1.0,,,,,,,1752672695.067
1163,ETH-257881337,1752672695681,3,0.0006,0.000562,117.79,ETH-25JUL25-2100-P,3169.21,buy,1.0,1.0,,,,,,,1752672695.681
1164,ETH-257881343,1752672697142,3,0.0006,0.000562,117.75,ETH-25JUL25-2100-P,3168.68,buy,6.0,6.0,,,,,,,1752672697.142
1165,ETH-257881379,1752672711696,3,0.0006,0.000563,117.78,ETH-25JUL25-2100-P,3169.12,buy,1.0,1.0,,,,,,,1752672711.696
1166,ETH-257881380,1752672713754,3,0.0006,0.000563,117.77,ETH-25JUL25-2100-P,3168.96,buy,1.0,1.0,,,,,,,1752672713.754
1167,ETH-257881381,1752672714320,3,0.0006,0.000563,117.77,ETH-25JUL25-2100-P,3168.96,buy,1.0,1.0,,,,,,,1752672714.32
1168,ETH-257911978,1752678427214,2,0.0005,0.000479,122.29,ETH-25JUL25-2100-P,3257.49,buy,1.0,1.0,,,,,,,1752678427.214
1169,ETH-257912003,1752678430086,3,0.0005,0.000482,122.29,ETH-25JUL25-2100-P,3257.48,buy,1.0,1.0,,,,,,,1752678430.086
1170,ETH-257919974,1752680115706,3,0.0005,0.000446,120.43,ETH-25JUL25-2100-P,3230.99,buy,4.0,4.0,,,,,,,1752680115.706
1171,ETH-257919978,1752680117032,3,0.0005,0.000446,120.41,ETH-25JUL25-2100-P,3230.66,buy,1.0,1.0,,,,,,,1752680117.032
1172,ETH-257919983,1752680117760,3,0.0005,0.00045,120.41,ETH-25JUL25-2100-P,3230.74,buy,11.0,11.0,,,,,,,1752680117.76
1173,ETH-257920011,1752680118731,3,0.0005,0.000449,120.38,ETH-25JUL25-2100-P,3230.32,buy,1.0,1.0,,,,,,,1752680118.731
1174,ETH-257920021,1752680120791,3,0.0005,0.00045,120.32,ETH-25JUL25-2100-P,3229.64,buy,1.0,1.0,,,,,,,1752680120.791
1175,ETH-257920028,1752680121848,3,0.0005,0.000451,120.29,ETH-25JUL25-2100-P,3229.22,buy,9.0,9.0,,,,,,,1752680121.848
1176,ETH-257920034,1752680123952,3,0.0005,0.000453,120.26,ETH-25JUL25-2100-P,3228.9,buy,1.0,1.0,,,,,,,1752680123.952
1177,ETH-257920243,1752680150513,3,0.0005,0.000444,120.56,ETH-25JUL25-2100-P,3232.45,buy,1.0,1.0,,,,,,,1752680150.513
1178,ETH-257920274,1752680152066,3,0.0005,0.000444,120.54,ETH-25JUL25-2100-P,3232.31,buy,1.0,1.0,,,,,,,1752680152.066
1179,ETH-257920276,1752680152152,3,0.0005,0.000444,120.54,ETH-25JUL25-2100-P,3232.31,buy,1.0,1.0,,,,,,,1752680152.152
1180,ETH-257920386,1752680176136,3,0.0005,0.000455,120.17,ETH-25JUL25-2100-P,3227.77,buy,1.0,1.0,,,,,,,1752680176.136
1181,ETH-257920393,1752680178371,3,0.0005,0.000456,120.16,ETH-25JUL25-2100-P,3227.54,buy,1.0,1.0,,,,,,,1752680178.371
1182,ETH-257920395,1752680179200,3,0.0005,0.000456,120.16,ETH-25JUL25-2100-P,3227.54,buy,1.0,1.0,,,,,,,1752680179.2
1183,ETH-257920396,1752680179214,3,0.0005,0.000456,120.16,ETH-25JUL25-2100-P,3227.54,buy,4.0,4.0,,,,,,,1752680179.214
1184,ETH-257920403,1752680180991,3,0.0005,0.000457,120.08,ETH-25JUL25-2100-P,3226.59,buy,2.0,2.0,,,,,,,1752680180.991
1185,ETH-257921031,1752680249044,3,0.0005,0.000481,119.21,ETH-25JUL25-2100-P,3215.58,buy,8.0,8.0,,,,,,,1752680249.044
1186,ETH-257946866,1752686918004,0,0.0006,0.000489,128.12,ETH-25JUL25-2100-P,3285.55,buy,1.0,1.0,,,,,,,1752686918.004
1187,ETH-257946872,1752686921514,1,0.0006,0.000491,128.17,ETH-25JUL25-2100-P,3286.19,sell,1.0,1.0,,,,,,,1752686921.514
1188,ETH-258101801,1752733469463,0,0.0007,0.000488,145.87,ETH-25JUL25-2100-P,3420.92,buy,1.0,1.0,T,,,,,,1752733469.463
1189,ETH-258155684,1752743531903,1,0.0007,0.000557,149.89,ETH-25JUL25-2100-P,3460.97,buy,1.0,1.0,,,,,,,1752743531.903
1190,ETH-258155725,1752743536992,1,0.0007,0.000557,149.86,ETH-25JUL25-2100-P,3460.52,buy,1.0,1.0,,,,,,,1752743536.992
1191,ETH-258157189,1752744138935,2,0.0006,0.000543,147.2,ETH-25JUL25-2100-P,3463.74,sell,1.0,1.0,,,,,,,1752744138.935
1192,ETH-258161821,1752745513156,0,0.0007,0.000539,151.05,ETH-25JUL25-2100-P,3473.89,buy,3.0,3.0,,,,,,,1752745513.156
1193,ETH-258163495,1752745867438,1,0.0007,0.000535,151.44,ETH-25JUL25-2100-P,3477.72,buy,1.0,1.0,,,,,,,1752745867.438
1194,ETH-258163536,1752745889560,1,0.0007,0.000539,151.29,ETH-25JUL25-2100-P,3475.99,buy,1.0,1.0,,,,,,,1752745889.56
1195,ETH-258171806,1752749632664,2,0.0005,0.000541,144.04,ETH-25JUL25-2100-P,3457.66,sell,1.0,1.0,,,,,,,1752749632.664
1197,ETH-258171812,1752749637970,3,0.0004,0.000533,140.19,ETH-25JUL25-2100-P,3457.82,sell,90.0,90.0,,,,,,,1752749637.97
1196,ETH-258171811,1752749637970,2,0.0004,0.000533,140.19,ETH-25JUL25-2100-P,3457.82,sell,4.0,4.0,,,,,,,1752749637.97
1198,ETH-258171816,1752749648448,3,0.0004,0.000517,140.16,ETH-25JUL25-2100-P,3457.45,sell,99.0,99.0,,,,,,,1752749648.448
1199,ETH-258201913,1752759898691,0,0.0005,0.000419,139.13,ETH-25JUL25-2100-P,3382.33,buy,10.0,10.0,,,,,,,1752759898.691
1200,ETH-258283752,1752786173812,2,0.0002,0.000297,131.33,ETH-25JUL25-2100-P,3434.26,sell,27.0,27.0,,,,,,,1752786173.812
1201,ETH-258365520,1752808570597,2,0.0001,0.000167,135.41,ETH-25JUL25-2100-P,3593.1,sell,1.0,1.0,,,,,,,1752808570.597
1205,ETH-258365524,1752808570597,3,0.0001,0.000167,135.41,ETH-25JUL25-2100-P,3593.1,sell,1.0,1.0,,,,,,,1752808570.597
1203,ETH-258365522,1752808570597,3,0.0001,0.000167,135.41,ETH-25JUL25-2100-P,3593.1,sell,5.0,5.0,,,,,,,1752808570.597
1202,ETH-258365521,1752808570597,3,0.0001,0.000167,135.41,ETH-25JUL25-2100-P,3593.1,sell,3.0,3.0,,,,,,,1752808570.597
1204,ETH-258365523,1752808570597,3,0.0001,0.000167,135.41,ETH-25JUL25-2100-P,3593.1,sell,10.0,10.0,,,,,,,1752808570.597
1206,ETH-258365525,1752808570601,3,0.0001,0.000167,135.41,ETH-25JUL25-2100-P,3593.1,buy,70.0,70.0,,,,,,,1752808570.601
1207,ETH-258365565,1752808590001,3,0.0001,0.000166,135.46,ETH-25JUL25-2100-P,3593.83,buy,200.0,200.0,,,,,,,1752808590.001
1208,ETH-258424276,1752824567199,0,0.0002,0.000118,149.98,ETH-25JUL25-2100-P,3631.34,buy,6.0,6.0,,,,,,,1752824567.199
1209,ETH-258477163,1752840818041,2,0.0001,0.000144,140.15,ETH-25JUL25-2100-P,3608.82,sell,10.0,10.0,,,,,,,1752840818.041
1210,ETH-258513032,1752849557539,0,0.0002,0.000156,148.0,ETH-25JUL25-2100-P,3563.72,buy,1.0,1.0,,,,,,,1752849557.539
1211,ETH-258515227,1752849797476,1,0.0002,0.000143,148.6,ETH-25JUL25-2100-P,3571.05,buy,1.0,1.0,,,,,,,1752849797.476
1212,ETH-258516402,1752849987457,1,0.0002,0.000139,149.46,ETH-25JUL25-2100-P,3583.08,buy,1.0,1.0,,,,,,,1752849987.457
1213,ETH-258518258,1752850275209,1,0.0002,0.000136,150.08,ETH-25JUL25-2100-P,3591.3,buy,1.0,1.0,,,,,,,1752850275.209
1214,ETH-258521826,1752851034478,1,0.0002,0.000146,149.76,ETH-25JUL25-2100-P,3586.64,buy,1.0,1.0,,,,,,,1752851034.478
1215,ETH-258604785,1752874320704,2,0.0001,0.000138,140.61,ETH-25JUL25-2100-P,3558.08,sell,20.0,20.0,,,,,,,1752874320.704
1216,ETH-258604786,1752874320704,3,0.0001,0.000138,140.61,ETH-25JUL25-2100-P,3558.08,sell,1.0,1.0,,,,,,,1752874320.704
1217,ETH-258604787,1752874320707,3,0.0001,0.000138,140.61,ETH-25JUL25-2100-P,3558.08,buy,79.0,79.0,,,,,,,1752874320.707
1218,ETH-258648100,1752912954148,3,0.0001,0.000147,146.12,ETH-25JUL25-2100-P,3560.96,sell,3.0,3.0,,,,,,,1752912954.148
1219,ETH-258648101,1752912954148,3,0.0001,0.000147,146.12,ETH-25JUL25-2100-P,3560.96,sell,1.0,1.0,,,,,,,1752912954.148
1220,ETH-258702594,1752977024567,3,0.0001,5.6e-05,159.88,ETH-25JUL25-2100-P,3609.39,buy,6.0,6.0,,,,,,,1752977024.567
1221,ETH-258730004,1752994394839,3,0.0001,0.000142,166.74,ETH-25JUL25-2100-P,3657.31,sell,5.0,5.0,,,,,,,1752994394.839
1222,ETH-258730712,1752995762369,3,0.0001,0.000138,167.62,ETH-25JUL25-2100-P,3665.19,sell,3.0,3.0,,,,,,,1752995762.369
1223,ETH-258734033,1752997570169,0,0.0002,0.000142,181.12,ETH-25JUL25-2100-P,3679.24,buy,1.0,1.0,,,,,,,1752997570.169
1224,ETH-258734635,1752997769012,1,0.0002,0.000139,182.04,ETH-25JUL25-2100-P,3689.74,buy,1.0,1.0,,,,,,,1752997769.012
1225,ETH-258739901,1753000236489,1,0.0002,0.000139,182.32,ETH-25JUL25-2100-P,3686.48,buy,1.0,1.0,,,,,,,1753000236.489
1226,ETH-258741701,1753000811160,1,0.0002,0.000135,183.65,ETH-25JUL25-2100-P,3701.09,buy,1.0,1.0,,,,,,,1753000811.16
1228,ETH-258741824,1753000824508,3,0.0001,0.000139,171.25,ETH-25JUL25-2100-P,3698.69,sell,1.0,1.0,,,,,,,1753000824.508
1227,ETH-258741823,1753000824508,2,0.0001,0.000139,171.25,ETH-25JUL25-2100-P,3698.69,sell,14.0,14.0,,,,,,,1753000824.508
1229,ETH-258742063,1753000836342,3,0.0001,0.000137,171.69,ETH-25JUL25-2100-P,3704.05,sell,1.0,1.0,,,,,,,1753000836.342
1230,ETH-258945632,1753101484611,3,0.0001,1.6e-05,205.77,ETH-25JUL25-2100-P,3816.66,buy,30.0,30.0,,,,,,,1753101484.611
1231,ETH-259108177,1753174823938,3,0.0001,8e-06,217.12,ETH-25JUL25-2100-P,3651.33,buy,70.0,70.0,,,,,,,1753174823.938
1232,ETH-259108237,1753174848759,0,0.0002,8e-06,232.34,ETH-25JUL25-2100-P,3648.54,buy,20.0,20.0,,,,,,,1753174848.759
