trade_seq,trade_id,timestamp,tick_direction,price,mark_price,iv,instrument_name,index_price,direction,contracts,block_trade_leg_count,block_trade_id,amount,unix_sec
1798,373873858,1751308441121,2,0.0003,0.0003171,51.18,BTC-25JUL25-150000-C,107160.15,sell,0.1,,,0.1,1751308441.121
1799,373885718,1751316838735,3,0.0003,0.00029172,50.72,BTC-25JUL25-150000-C,107623.26,sell,0.1,,,0.1,1751316838.735
1800,373886648,1751318111679,3,0.0003,0.00028994,50.89,BTC-25JUL25-150000-C,107501.77,sell,0.1,,,0.1,1751318111.679
1801,373886664,1751318418332,3,0.0003,0.00028813,50.92,BTC-25JUL25-150000-C,107483.31,sell,0.1,,,0.1,1751318418.332
1802,373886813,1751318718358,3,0.0003,0.0002838,51.04,BTC-25JUL25-150000-C,107387.7,sell,0.1,,,0.1,1751318718.358
1803,373886977,1751319018424,3,0.0003,0.00028425,51.06,BTC-25JUL25-150000-C,107372.74,sell,0.1,,,0.1,1751319018.424
1804,373887305,1751319402265,3,0.0003,0.00028803,51.03,BTC-25JUL25-150000-C,107400.04,sell,0.1,,,0.1,1751319402.265
1805,373887339,1751319702287,3,0.0003,0.0002875,51.04,BTC-25JUL25-150000-C,107397.61,sell,0.1,,,0.1,1751319702.287
1806,373892563,1751324802935,3,0.0003,0.00029368,51.36,BTC-25JUL25-150000-C,107167.14,sell,0.1,,,0.1,1751324802.935
1807,373899919,1751338396133,3,0.0003,0.00029866,51.56,BTC-25JUL25-150000-C,107147.01,sell,0.1,,,0.1,1751338396.133
1808,373900117,1751338696160,3,0.0003,0.00031085,51.55,BTC-25JUL25-150000-C,107133.29,sell,0.1,,,0.1,1751338696.16
1809,373900605,1751339143799,3,0.0003,0.00032186,51.52,BTC-25JUL25-150000-C,107136.03,sell,0.1,,,0.1,1751339143.799
1810,373900941,1751339443826,3,0.0003,0.00032299,51.53,BTC-25JUL25-150000-C,107141.66,sell,0.1,,,0.1,1751339443.826
1811,373901096,1751339743870,3,0.0003,0.0003241,51.54,BTC-25JUL25-150000-C,107133.57,sell,0.1,,,0.1,1751339743.87
1812,373901539,1751340043902,3,0.0003,0.00032975,51.47,BTC-25JUL25-150000-C,107173.6,sell,0.1,,,0.1,1751340043.902
1813,373902357,1751341097191,3,0.0003,0.00030788,51.49,BTC-25JUL25-150000-C,107203.58,sell,0.1,,,0.1,1751341097.191
1814,373902542,1751341397213,3,0.0003,0.00029857,51.49,BTC-25JUL25-150000-C,107208.97,sell,0.1,,,0.1,1751341397.213
1815,373902725,1751341697254,3,0.0003,0.00029697,51.55,BTC-25JUL25-150000-C,107153.38,sell,0.1,,,0.1,1751341697.254
1816,373902810,1751341997272,3,0.0003,0.0002952,51.49,BTC-25JUL25-150000-C,107191.23,sell,0.1,,,0.1,1751341997.272
1817,373902904,1751342297296,3,0.0003,0.00029314,51.45,BTC-25JUL25-150000-C,107225.28,sell,0.1,,,0.1,1751342297.296
1818,373903041,1751342597331,3,0.0003,0.0002903,51.45,BTC-25JUL25-150000-C,107225.51,sell,0.1,,,0.1,1751342597.331
1819,373903091,1751342890912,3,0.0003,0.0002882,51.48,BTC-25JUL25-150000-C,107221.5,buy,0.1,,,0.1,1751342890.912
1820,373903095,1751342903667,3,0.0003,0.00028832,51.47,BTC-25JUL25-150000-C,107223.77,buy,0.1,,,0.1,1751342903.667
1821,373903096,1751342903740,3,0.0003,0.00028832,51.47,BTC-25JUL25-150000-C,107223.77,sell,0.1,,,0.1,1751342903.74
1822,373903101,1751343021271,3,0.0003,0.00028816,51.47,BTC-25JUL25-150000-C,107226.14,buy,0.1,,,0.1,1751343021.271
1823,373903105,1751343032958,3,0.0003,0.00028806,51.47,BTC-25JUL25-150000-C,107225.26,buy,0.1,,,0.1,1751343032.958
1824,373903154,1751343162216,3,0.0003,0.00028729,51.49,BTC-25JUL25-150000-C,107216.72,buy,0.1,,,0.1,1751343162.216
1825,373903156,1751343171756,3,0.0003,0.00028718,51.49,BTC-25JUL25-150000-C,107216.65,buy,0.1,,,0.1,1751343171.756
1826,373903161,1751343203759,3,0.0003,0.00028717,51.49,BTC-25JUL25-150000-C,107218.44,sell,0.1,,,0.1,1751343203.759
1827,373903270,1751343503813,3,0.0003,0.00028322,51.59,BTC-25JUL25-150000-C,107150.67,sell,0.1,,,0.1,1751343503.813
1828,373903554,1751343803840,3,0.0003,0.00028718,51.53,BTC-25JUL25-150000-C,107183.7,sell,0.1,,,0.1,1751343803.84
1829,373903687,1751344103875,3,0.0003,0.00028433,51.61,BTC-25JUL25-150000-C,107126.06,sell,0.1,,,0.1,1751344103.875
1830,373903851,1751344403896,3,0.0003,0.00028533,51.62,BTC-25JUL25-150000-C,107120.5,sell,0.1,,,0.1,1751344403.896
1831,373903943,1751344703950,3,0.0003,0.00028646,51.62,BTC-25JUL25-150000-C,107125.71,sell,0.1,,,0.1,1751344703.95
1832,373904019,1751345003988,3,0.0003,0.0002862,51.64,BTC-25JUL25-150000-C,107119.29,sell,0.1,,,0.1,1751345003.988
1833,373904296,1751345304024,3,0.0003,0.00028003,51.81,BTC-25JUL25-150000-C,106998.63,sell,0.1,,,0.1,1751345304.024
1834,373904524,1751345604073,3,0.0003,0.00028103,51.88,BTC-25JUL25-150000-C,106957.16,sell,0.1,,,0.1,1751345604.073
1835,373904828,1751345904121,3,0.0003,0.00028386,51.88,BTC-25JUL25-150000-C,106944.79,sell,0.1,,,0.1,1751345904.121
1836,373905051,1751346204168,3,0.0003,0.00028737,51.84,BTC-25JUL25-150000-C,106970.22,sell,0.1,,,0.1,1751346204.168
1837,373905195,1751346504209,3,0.0003,0.0002847,51.91,BTC-25JUL25-150000-C,106929.6,sell,0.1,,,0.1,1751346504.209
1838,373905406,1751346804266,3,0.0003,0.00028155,52.02,BTC-25JUL25-150000-C,106824.82,sell,0.1,,,0.1,1751346804.266
1839,373905620,1751347104314,3,0.0003,0.00028437,52.01,BTC-25JUL25-150000-C,106843.76,sell,0.1,,,0.1,1751347104.314
1840,373905763,1751347404333,3,0.0003,0.00028442,52.05,BTC-25JUL25-150000-C,106812.91,sell,0.1,,,0.1,1751347404.333
1841,373905906,1751347795420,3,0.0003,0.00028607,52.08,BTC-25JUL25-150000-C,106787.31,sell,0.1,,,0.1,1751347795.42
1842,373906372,1751348095433,3,0.0003,0.00029018,51.99,BTC-25JUL25-150000-C,106866.11,sell,0.1,,,0.1,1751348095.433
1843,373906464,1751348263008,3,0.0003,0.00028499,52.1,BTC-25JUL25-150000-C,106786.17,buy,0.1,,,0.1,1751348263.008
1844,373906468,1751348272599,3,0.0003,0.00028473,52.1,BTC-25JUL25-150000-C,106785.34,buy,0.1,,,0.1,1751348272.599
1845,373906583,1751348371163,3,0.0003,0.00028993,51.99,BTC-25JUL25-150000-C,106842.72,buy,0.1,,,0.1,1751348371.163
1846,373906584,1751348379599,3,0.0003,0.00028847,52.02,BTC-25JUL25-150000-C,106836.85,buy,0.1,,,0.1,1751348379.599
1847,373906587,1751348395498,3,0.0003,0.00028796,52.03,BTC-25JUL25-150000-C,106829.6,sell,0.1,,,0.1,1751348395.498
1848,373906667,1751348695526,3,0.0003,0.00028902,52.0,BTC-25JUL25-150000-C,106862.32,sell,0.1,,,0.1,1751348695.526
1849,373907008,1751348995568,3,0.0003,0.00029318,51.89,BTC-25JUL25-150000-C,106935.5,sell,0.1,,,0.1,1751348995.568
1850,373907278,1751349295608,3,0.0003,0.00029123,51.88,BTC-25JUL25-150000-C,106967.2,sell,0.1,,,0.1,1751349295.608
1851,373907354,1751349595639,3,0.0003,0.00028944,51.89,BTC-25JUL25-150000-C,106972.24,sell,0.1,,,0.1,1751349595.639
1852,373907566,1751349895654,3,0.0003,0.00028658,51.96,BTC-25JUL25-150000-C,106921.12,sell,0.1,,,0.1,1751349895.654
1853,373907964,1751350195694,3,0.0003,0.00028358,52.06,BTC-25JUL25-150000-C,106840.5,sell,0.1,,,0.1,1751350195.694
1854,373908035,1751350495731,3,0.0003,0.00028478,52.08,BTC-25JUL25-150000-C,106826.28,sell,0.1,,,0.1,1751350495.731
1855,373908689,1751351096024,3,0.0003,0.00028772,52.06,BTC-25JUL25-150000-C,106846.22,sell,0.1,,,0.1,1751351096.024
1856,373908796,1751351396039,3,0.0003,0.00028498,52.12,BTC-25JUL25-150000-C,106810.93,sell,0.1,,,0.1,1751351396.039
1857,373908890,1751351696057,3,0.0003,0.00028667,52.11,BTC-25JUL25-150000-C,106816.64,sell,0.1,,,0.1,1751351696.057
1858,373908970,1751351996081,3,0.0003,0.00028776,52.08,BTC-25JUL25-150000-C,106833.34,sell,0.1,,,0.1,1751351996.081
1859,373909074,1751352296118,3,0.0003,0.00028912,52.05,BTC-25JUL25-150000-C,106855.83,sell,0.1,,,0.1,1751352296.118
1860,373909339,1751352596141,3,0.0003,0.00029015,52.0,BTC-25JUL25-150000-C,106914.48,sell,0.1,,,0.1,1751352596.141
1861,373909374,1751352896160,3,0.0003,0.00028987,51.98,BTC-25JUL25-150000-C,106926.39,sell,0.1,,,0.1,1751352896.16
1862,373909415,1751353196185,3,0.0003,0.00028843,51.99,BTC-25JUL25-150000-C,106925.32,sell,0.1,,,0.1,1751353196.185
1863,373909664,1751353496231,3,0.0003,0.00029179,51.86,BTC-25JUL25-150000-C,107024.97,sell,0.1,,,0.1,1751353496.231
1864,373909789,1751353796269,3,0.0003,0.00029065,51.85,BTC-25JUL25-150000-C,107038.74,sell,0.1,,,0.1,1751353796.269
1865,373909899,1751354096308,3,0.0003,0.00028629,51.94,BTC-25JUL25-150000-C,106980.33,sell,0.1,,,0.1,1751354096.308
1866,373910571,1751354396345,3,0.0003,0.00027298,52.29,BTC-25JUL25-150000-C,106725.72,sell,0.1,,,0.1,1751354396.345
1867,373911262,1751354696402,3,0.0003,0.00028062,52.28,BTC-25JUL25-150000-C,106727.04,sell,0.1,,,0.1,1751354696.402
1868,373911567,1751354819784,3,0.0003,0.00028386,52.25,BTC-25JUL25-150000-C,106751.37,sell,1.0,,,1.0,1751354819.784
1869,373911698,1751354853280,3,0.0003,0.00028732,52.18,BTC-25JUL25-150000-C,106806.97,sell,4.0,,,4.0,1751354853.28
1870,373911840,1751354875169,3,0.0003,0.00028746,52.17,BTC-25JUL25-150000-C,106808.24,sell,1.0,,,1.0,1751354875.169
1871,373912307,1751354996456,3,0.0003,0.00029332,52.05,BTC-25JUL25-150000-C,106925.02,sell,0.1,,,0.1,1751354996.456
1872,373913955,1751355296476,3,0.0003,0.00029363,51.94,BTC-25JUL25-150000-C,107026.59,sell,0.1,,,0.1,1751355296.476
1873,373915295,1751355596496,3,0.0003,0.0002911,51.95,BTC-25JUL25-150000-C,107023.64,sell,0.1,,,0.1,1751355596.496
1874,373916206,1751355896542,3,0.0003,0.0002872,52.03,BTC-25JUL25-150000-C,106981.12,sell,0.1,,,0.1,1751355896.542
1875,373917247,1751356196600,3,0.0003,0.00029047,51.95,BTC-25JUL25-150000-C,107042.51,sell,0.1,,,0.1,1751356196.6
1876,373919667,1751356505060,3,0.0003,0.00029421,51.77,BTC-25JUL25-150000-C,107181.96,sell,0.1,,,0.1,1751356505.06
1877,373920403,1751356641246,3,0.0003,0.00029033,51.79,BTC-25JUL25-150000-C,107184.84,buy,1.0,,,1.0,1751356641.246
1878,373920541,1751356678115,2,0.0002,0.00029003,49.55,BTC-25JUL25-150000-C,107184.41,sell,1.0,,,1.0,1751356678.115
1879,373920646,1751356697209,0,0.0003,0.00029011,51.79,BTC-25JUL25-150000-C,107187.54,sell,1.0,,,1.0,1751356697.209
1880,373920759,1751356742721,1,0.0003,0.00028845,51.79,BTC-25JUL25-150000-C,107185.64,buy,1.0,,,1.0,1751356742.721
1881,373920927,1751356783111,1,0.0003,0.00028812,51.76,BTC-25JUL25-150000-C,107204.98,buy,1.0,,,1.0,1751356783.111
1882,373923061,1751358183431,1,0.0003,0.00028616,52.06,BTC-25JUL25-150000-C,106963.02,sell,0.1,,,0.1,1751358183.431
1883,373923439,1751358496930,1,0.0003,0.00028722,52.07,BTC-25JUL25-150000-C,106975.47,sell,0.1,,,0.1,1751358496.93
1884,373923827,1751358796967,1,0.0003,0.00028547,52.12,BTC-25JUL25-150000-C,106934.21,sell,0.1,,,0.1,1751358796.967
1885,373924357,1751359097008,1,0.0003,0.00028431,52.18,BTC-25JUL25-150000-C,106901.46,sell,0.1,,,0.1,1751359097.008
1886,373924955,1751359397048,1,0.0003,0.00028221,52.35,BTC-25JUL25-150000-C,106776.54,sell,0.1,,,0.1,1751359397.048
1887,373925726,1751359697064,1,0.0003,0.00028459,52.35,BTC-25JUL25-150000-C,106784.52,sell,0.1,,,0.1,1751359697.064
1888,373926348,1751359997093,1,0.0003,0.00028261,52.43,BTC-25JUL25-150000-C,106743.44,sell,0.1,,,0.1,1751359997.093
1889,373931634,1751363465587,1,0.0003,0.00028819,52.67,BTC-25JUL25-150000-C,106556.98,sell,0.1,,,0.1,1751363465.587
1890,373932205,1751363765617,1,0.0003,0.00028787,52.66,BTC-25JUL25-150000-C,106571.28,sell,0.1,,,0.1,1751363765.617
1891,373933175,1751364065646,1,0.0003,0.00028703,52.68,BTC-25JUL25-150000-C,106568.27,sell,0.1,,,0.1,1751364065.646
1892,373933984,1751364365678,1,0.0003,0.00028863,52.62,BTC-25JUL25-150000-C,106603.42,sell,0.1,,,0.1,1751364365.678
1893,373934568,1751364749683,1,0.0003,0.0002864,52.66,BTC-25JUL25-150000-C,106567.12,sell,0.1,,,0.1,1751364749.683
1894,373934984,1751365049704,1,0.0003,0.00028497,52.72,BTC-25JUL25-150000-C,106531.07,sell,0.1,,,0.1,1751365049.704
1895,373935342,1751365349741,1,0.0003,0.0002869,52.69,BTC-25JUL25-150000-C,106543.51,sell,0.1,,,0.1,1751365349.741
1896,373935697,1751365649822,1,0.0003,0.00028624,52.71,BTC-25JUL25-150000-C,106541.04,sell,0.1,,,0.1,1751365649.822
1897,373936859,1751365949861,1,0.0003,0.00028311,52.8,BTC-25JUL25-150000-C,106474.7,sell,0.1,,,0.1,1751365949.861
1898,373937225,1751366249924,1,0.0003,0.00028575,52.78,BTC-25JUL25-150000-C,106486.21,sell,0.1,,,0.1,1751366249.924
1899,373938108,1751366550022,1,0.0003,0.00028302,52.89,BTC-25JUL25-150000-C,106396.28,sell,0.1,,,0.1,1751366550.022
1900,373938535,1751366850069,1,0.0003,0.00028565,52.87,BTC-25JUL25-150000-C,106398.91,sell,0.1,,,0.1,1751366850.069
1901,373939393,1751367150098,1,0.0003,0.00028971,52.82,BTC-25JUL25-150000-C,106437.76,sell,0.1,,,0.1,1751367150.098
1902,373940545,1751367450133,1,0.0003,0.00028825,52.87,BTC-25JUL25-150000-C,106416.11,sell,0.1,,,0.1,1751367450.133
1903,373941273,1751367750148,1,0.0003,0.00029489,52.67,BTC-25JUL25-150000-C,106576.59,sell,0.1,,,0.1,1751367750.148
1904,373941740,1751368050161,1,0.0003,0.00029281,52.65,BTC-25JUL25-150000-C,106595.73,sell,0.1,,,0.1,1751368050.161
1905,373942317,1751368350211,1,0.0003,0.00028452,52.79,BTC-25JUL25-150000-C,106493.2,sell,0.1,,,0.1,1751368350.211
1906,373943119,1751368650229,1,0.0003,0.00027983,52.97,BTC-25JUL25-150000-C,106362.05,sell,0.1,,,0.1,1751368650.229
1907,373943701,1751368950265,1,0.0003,0.00028727,52.86,BTC-25JUL25-150000-C,106433.79,sell,0.1,,,0.1,1751368950.265
1908,373944775,1751369787088,1,0.0003,0.00029279,52.64,BTC-25JUL25-150000-C,106630.95,sell,2.0,,,2.0,1751369787.088
1909,373972259,1751382051094,1,0.0003,0.00031175,53.78,BTC-25JUL25-150000-C,105846.33,buy,1.0,,,1.0,1751382051.094
1910,373972325,1751382079075,1,0.0003,0.00031202,53.7,BTC-25JUL25-150000-C,105894.7,buy,1.0,,,1.0,1751382079.075
1911,373972362,1751382090514,1,0.0003,0.00031533,53.65,BTC-25JUL25-150000-C,105933.67,buy,1.0,,,1.0,1751382090.514
1912,373972411,1751382100949,1,0.0003,0.00031748,53.59,BTC-25JUL25-150000-C,105974.89,buy,1.0,,,1.0,1751382100.949
1913,373972422,1751382112367,1,0.0003,0.00031773,53.62,BTC-25JUL25-150000-C,105952.2,buy,1.0,,,1.0,1751382112.367
1914,373972459,1751382125877,1,0.0003,0.00031713,53.61,BTC-25JUL25-150000-C,105962.83,buy,1.0,,,1.0,1751382125.877
1915,373972468,1751382136288,1,0.0003,0.00031717,53.6,BTC-25JUL25-150000-C,105963.87,buy,1.0,,,1.0,1751382136.288
1916,373972562,1751382182046,1,0.0003,0.00030441,53.81,BTC-25JUL25-150000-C,105834.22,buy,1.0,,,1.0,1751382182.046
1917,373972608,1751382194445,1,0.0003,0.00030973,53.7,BTC-25JUL25-150000-C,105901.9,buy,1.0,,,1.0,1751382194.445
1918,373972626,1751382214199,1,0.0003,0.00030885,53.71,BTC-25JUL25-150000-C,105895.77,buy,1.0,,,1.0,1751382214.199
1919,373972628,1751382225602,1,0.0003,0.00030803,53.71,BTC-25JUL25-150000-C,105894.12,buy,1.0,,,1.0,1751382225.602
1920,373972647,1751382239180,1,0.0003,0.00030834,53.7,BTC-25JUL25-150000-C,105900.22,buy,1.0,,,1.0,1751382239.18
1921,373972650,1751382249842,1,0.0003,0.00030694,53.72,BTC-25JUL25-150000-C,105888.05,buy,1.0,,,1.0,1751382249.842
1922,373973651,1751382483125,1,0.0003,0.00030089,53.76,BTC-25JUL25-150000-C,105869.21,buy,1.0,,,1.0,1751382483.125
1923,373973722,1751382537249,1,0.0003,0.00030016,53.79,BTC-25JUL25-150000-C,105837.59,buy,1.0,,,1.0,1751382537.249
1924,373973735,1751382547555,1,0.0003,0.00029747,53.83,BTC-25JUL25-150000-C,105819.48,buy,1.0,,,1.0,1751382547.555
1925,373973753,1751382556085,1,0.0003,0.00029946,53.8,BTC-25JUL25-150000-C,105832.31,buy,1.0,,,1.0,1751382556.085
1926,373973755,1751382564278,1,0.0003,0.00029877,53.8,BTC-25JUL25-150000-C,105829.79,buy,1.0,,,1.0,1751382564.278
1927,373973757,1751382572620,1,0.0003,0.00029873,53.79,BTC-25JUL25-150000-C,105840.72,buy,1.0,,,1.0,1751382572.62
1928,373973777,1751382580905,1,0.0003,0.00030053,53.78,BTC-25JUL25-150000-C,105853.55,buy,1.0,,,1.0,1751382580.905
1929,373973783,1751382590350,1,0.0003,0.00029982,53.78,BTC-25JUL25-150000-C,105850.31,buy,1.0,,,1.0,1751382590.35
1930,373973784,1751382598691,1,0.0003,0.00029989,53.78,BTC-25JUL25-150000-C,105847.51,buy,1.0,,,1.0,1751382598.691
1931,373973786,1751382606972,1,0.0003,0.00029977,53.79,BTC-25JUL25-150000-C,105838.38,buy,1.0,,,1.0,1751382606.972
1932,373973790,1751382615500,1,0.0003,0.0002986,53.81,BTC-25JUL25-150000-C,105826.39,buy,1.0,,,1.0,1751382615.5
1933,373973819,1751382623647,1,0.0003,0.00029725,53.85,BTC-25JUL25-150000-C,105798.14,buy,1.0,,,1.0,1751382623.647
1934,373973842,1751382632070,1,0.0003,0.00029664,53.86,BTC-25JUL25-150000-C,105793.6,buy,1.0,,,1.0,1751382632.07
1935,373974189,1751382722482,1,0.0003,0.00029653,53.9,BTC-25JUL25-150000-C,105763.16,buy,1.0,,,1.0,1751382722.482
1936,373974207,1751382730768,1,0.0003,0.0002958,53.92,BTC-25JUL25-150000-C,105745.45,buy,1.0,,,1.0,1751382730.768
1937,373974213,1751382738036,1,0.0003,0.0002947,53.94,BTC-25JUL25-150000-C,105736.96,buy,1.0,,,1.0,1751382738.036
1938,373974227,1751382746394,1,0.0003,0.00029541,53.93,BTC-25JUL25-150000-C,105746.6,buy,1.0,,,1.0,1751382746.394
1939,373974257,1751382754705,1,0.0003,0.00029646,53.91,BTC-25JUL25-150000-C,105760.17,buy,1.0,,,1.0,1751382754.705
1940,373974260,1751382763072,1,0.0003,0.00029588,53.93,BTC-25JUL25-150000-C,105743.4,buy,1.0,,,1.0,1751382763.072
1941,373974270,1751382771443,1,0.0003,0.00029554,53.93,BTC-25JUL25-150000-C,105738.24,buy,1.0,,,1.0,1751382771.443
1942,373974278,1751382780964,1,0.0003,0.00029575,53.92,BTC-25JUL25-150000-C,105744.27,buy,1.0,,,1.0,1751382780.964
1943,373974298,1751382788281,1,0.0003,0.00029532,53.94,BTC-25JUL25-150000-C,105733.56,buy,1.0,,,1.0,1751382788.281
1944,373974408,1751382797535,1,0.0003,0.00029594,53.92,BTC-25JUL25-150000-C,105749.45,buy,1.0,,,1.0,1751382797.535
1945,373974416,1751382804852,1,0.0003,0.00029567,53.93,BTC-25JUL25-150000-C,105737.9,buy,1.0,,,1.0,1751382804.852
1946,373974429,1751382813240,1,0.0003,0.00029415,53.97,BTC-25JUL25-150000-C,105715.22,buy,1.0,,,1.0,1751382813.24
1947,373974441,1751382822604,1,0.0003,0.00029351,53.98,BTC-25JUL25-150000-C,105700.33,buy,1.0,,,1.0,1751382822.604
1948,373975090,1751383053331,1,0.0003,0.00030594,53.91,BTC-25JUL25-150000-C,105756.94,buy,1.0,,,1.0,1751383053.331
1949,373975133,1751383064646,1,0.0003,0.00030603,53.91,BTC-25JUL25-150000-C,105765.7,buy,1.0,,,1.0,1751383064.646
1950,373975179,1751383081663,1,0.0003,0.00030387,53.96,BTC-25JUL25-150000-C,105723.14,buy,1.0,,,1.0,1751383081.663
1951,373975183,1751383092853,1,0.0003,0.00030392,53.95,BTC-25JUL25-150000-C,105730.11,buy,1.0,,,1.0,1751383092.853
1952,373975184,1751383102301,1,0.0003,0.00030364,53.96,BTC-25JUL25-150000-C,105729.71,buy,1.0,,,1.0,1751383102.301
1953,374039478,1751440742367,1,0.0003,0.00029913,53.19,BTC-25JUL25-150000-C,106912.62,buy,4.0,,,4.0,1751440742.367
1954,374043260,1751443024524,1,0.0003,0.00032103,52.9,BTC-25JUL25-150000-C,107177.71,buy,1.0,,,1.0,1751443024.524
1955,374046704,1751443970525,1,0.0003,0.00034706,52.61,BTC-25JUL25-150000-C,107396.88,sell,1.0,,,1.0,1751443970.525
1956,374063264,1751456197930,1,0.0003,0.0003094,52.48,BTC-25JUL25-150000-C,107588.08,buy,1.0,,,1.0,1751456197.93
1957,374063272,1751456210561,1,0.0003,0.00030921,52.48,BTC-25JUL25-150000-C,107591.53,buy,1.0,,,1.0,1751456210.561
1958,374063319,1751456222929,1,0.0003,0.00031096,52.45,BTC-25JUL25-150000-C,107608.74,buy,1.0,,,1.0,1751456222.929
1959,374063333,1751456234616,1,0.0003,0.00031097,52.44,BTC-25JUL25-150000-C,107606.57,buy,1.0,,,1.0,1751456234.616
1960,374063420,1751456248103,1,0.0003,0.0003091,52.47,BTC-25JUL25-150000-C,107581.33,buy,1.0,,,1.0,1751456248.103
1961,374063478,1751456259389,1,0.0003,0.00030878,52.48,BTC-25JUL25-150000-C,107576.89,buy,1.0,,,1.0,1751456259.389
1962,374063479,1751456269844,1,0.0003,0.00030944,52.47,BTC-25JUL25-150000-C,107586.69,buy,1.0,,,1.0,1751456269.844
1963,374063484,1751456287490,1,0.0003,0.00030904,52.47,BTC-25JUL25-150000-C,107586.24,buy,1.0,,,1.0,1751456287.49
1964,374063506,1751456302077,1,0.0003,0.00030867,52.47,BTC-25JUL25-150000-C,107574.53,buy,1.0,,,1.0,1751456302.077
1965,374063561,1751456313494,1,0.0003,0.00030688,52.5,BTC-25JUL25-150000-C,107561.84,buy,1.0,,,1.0,1751456313.494
1966,374063564,1751456323887,1,0.0003,0.00030713,52.5,BTC-25JUL25-150000-C,107558.33,buy,1.0,,,1.0,1751456323.887
1967,374063610,1751456334316,1,0.0003,0.00030779,52.48,BTC-25JUL25-150000-C,107572.72,buy,1.0,,,1.0,1751456334.316
1968,374063612,1751456343703,1,0.0003,0.00030798,52.48,BTC-25JUL25-150000-C,107572.68,buy,1.0,,,1.0,1751456343.703
1969,374063615,1751456355146,1,0.0003,0.00030767,52.49,BTC-25JUL25-150000-C,107567.83,buy,1.0,,,1.0,1751456355.146
1970,374063729,1751456463122,1,0.0003,0.0003086,52.49,BTC-25JUL25-150000-C,107570.07,buy,1.0,,,1.0,1751456463.122
1971,374063761,1751456490321,1,0.0003,0.00030862,52.49,BTC-25JUL25-150000-C,107568.31,buy,1.0,,,1.0,1751456490.321
1972,374063762,1751456498583,1,0.0003,0.00030862,52.49,BTC-25JUL25-150000-C,107568.75,buy,1.0,,,1.0,1751456498.583
1973,374063769,1751456507964,1,0.0003,0.00030854,52.49,BTC-25JUL25-150000-C,107568.37,buy,1.0,,,1.0,1751456507.964
1974,374063775,1751456517457,1,0.0003,0.00030855,52.49,BTC-25JUL25-150000-C,107568.37,buy,1.0,,,1.0,1751456517.457
1975,374063776,1751456525718,1,0.0003,0.00030828,52.49,BTC-25JUL25-150000-C,107567.98,buy,1.0,,,1.0,1751456525.718
1976,374063847,1751456535097,1,0.0003,0.00030894,52.47,BTC-25JUL25-150000-C,107591.06,buy,1.0,,,1.0,1751456535.097
1977,374063895,1751456544591,1,0.0003,0.0003117,52.42,BTC-25JUL25-150000-C,107618.74,buy,1.0,,,1.0,1751456544.591
1978,374063896,1751456554901,1,0.0003,0.00031164,52.41,BTC-25JUL25-150000-C,107618.69,buy,1.0,,,1.0,1751456554.901
1979,374063901,1751456563424,1,0.0003,0.00031153,52.41,BTC-25JUL25-150000-C,107617.49,buy,1.0,,,1.0,1751456563.424
1980,374063903,1751456572558,1,0.0003,0.00031152,52.41,BTC-25JUL25-150000-C,107616.72,buy,1.0,,,1.0,1751456572.558
1981,374063904,1751456581950,1,0.0003,0.00031142,52.41,BTC-25JUL25-150000-C,107617.58,buy,1.0,,,1.0,1751456581.95
1982,374063917,1751456591452,1,0.0003,0.00031146,52.41,BTC-25JUL25-150000-C,107616.13,buy,1.0,,,1.0,1751456591.452
1983,374063928,1751456601791,1,0.0003,0.00031075,52.42,BTC-25JUL25-150000-C,107610.99,buy,1.0,,,1.0,1751456601.791
1984,374063929,1751456612187,1,0.0003,0.00031074,52.42,BTC-25JUL25-150000-C,107610.97,buy,1.0,,,1.0,1751456612.187
1985,374063944,1751456625649,1,0.0003,0.00030996,52.43,BTC-25JUL25-150000-C,107603.6,buy,1.0,,,1.0,1751456625.649
1986,374063945,1751456636087,1,0.0003,0.00030976,52.43,BTC-25JUL25-150000-C,107603.93,buy,1.0,,,1.0,1751456636.087
1987,374063968,1751456644476,1,0.0003,0.0003098,52.44,BTC-25JUL25-150000-C,107590.97,buy,1.0,,,1.0,1751456644.476
1988,374063972,1751456653832,1,0.0003,0.00030855,52.45,BTC-25JUL25-150000-C,107588.66,buy,1.0,,,1.0,1751456653.832
1989,374063975,1751456663203,1,0.0003,0.00030844,52.46,BTC-25JUL25-150000-C,107587.87,buy,1.0,,,1.0,1751456663.203
1990,374063978,1751456672745,1,0.0003,0.00030813,52.46,BTC-25JUL25-150000-C,107590.15,buy,1.0,,,1.0,1751456672.745
1991,374063979,1751456680877,1,0.0003,0.00030813,52.46,BTC-25JUL25-150000-C,107588.9,buy,1.0,,,1.0,1751456680.877
1992,374064033,1751456690244,1,0.0003,0.00030766,52.47,BTC-25JUL25-150000-C,107578.33,buy,1.0,,,1.0,1751456690.244
1993,374064035,1751456698580,1,0.0003,0.00030665,52.48,BTC-25JUL25-150000-C,107570.76,buy,1.0,,,1.0,1751456698.58
1994,374064082,1751456709095,1,0.0003,0.00030603,52.49,BTC-25JUL25-150000-C,107563.01,buy,1.0,,,1.0,1751456709.095
1995,374064084,1751456717322,1,0.0003,0.00030598,52.5,BTC-25JUL25-150000-C,107561.75,buy,1.0,,,1.0,1751456717.322
1996,374064085,1751456725671,1,0.0003,0.00030565,52.5,BTC-25JUL25-150000-C,107562.58,buy,1.0,,,1.0,1751456725.671
1997,374064086,1751456733999,1,0.0003,0.00030557,52.5,BTC-25JUL25-150000-C,107562.15,buy,1.0,,,1.0,1751456733.999
1998,374064093,1751456742330,1,0.0003,0.0003054,52.51,BTC-25JUL25-150000-C,107557.11,buy,1.0,,,1.0,1751456742.33
1999,374113012,1751472433276,0,0.0004,0.0004843,52.17,BTC-25JUL25-150000-C,109272.87,sell,4.0,,,4.0,1751472433.276
2000,374236623,1751536211192,0,0.0005,0.00047195,53.52,BTC-25JUL25-150000-C,109988.14,buy,1.0,,,1.0,1751536211.192
2001,374240728,1751536746681,1,0.0005,0.00051534,53.5,BTC-25JUL25-150000-C,109987.25,sell,0.1,,,0.1,1751536746.681
2002,374244532,1751537066895,1,0.0005,0.00051994,53.61,BTC-25JUL25-150000-C,109914.08,sell,0.1,,,0.1,1751537066.895
2003,374256056,1751542177897,0,0.0006,0.00056261,55.25,BTC-25JUL25-150000-C,109680.41,sell,0.5,,,0.5,1751542177.897
2004,374262228,1751544946549,2,0.0005,0.00052461,54.13,BTC-25JUL25-150000-C,109591.53,sell,0.5,,,0.5,1751544946.549
2005,374308274,1751558229134,2,0.0004,0.00042045,53.49,BTC-25JUL25-150000-C,109152.68,sell,0.1,,,0.1,1751558229.134
2006,374316063,1751565213624,3,0.0004,0.00039834,52.95,BTC-25JUL25-150000-C,109621.25,sell,0.1,,,0.1,1751565213.624
2008,374396663,1751616289794,3,0.0003,0.00042901,53.15,BTC-25JUL25-150000-C,108763.57,sell,4.9,,,4.9,1751616289.794
2007,374396662,1751616289794,2,0.0003,0.00042901,53.15,BTC-25JUL25-150000-C,108763.57,sell,5.1,,,5.1,1751616289.794
2009,374411268,1751630215591,3,0.0003,0.00032085,53.22,BTC-25JUL25-150000-C,108914.51,sell,0.1,,,0.1,1751630215.591
2010,374472045,1751678924939,3,0.0003,0.00030393,55.22,BTC-25JUL25-150000-C,107984.24,buy,0.1,,,0.1,1751678924.939
2011,374472046,1751678935288,3,0.0003,0.00030343,55.22,BTC-25JUL25-150000-C,107979.65,buy,0.1,,,0.1,1751678935.288
2012,374472050,1751679005395,3,0.0003,0.00030334,55.22,BTC-25JUL25-150000-C,107977.56,buy,0.1,,,0.1,1751679005.395
2013,374472051,1751679012758,3,0.0003,0.00030342,55.22,BTC-25JUL25-150000-C,107977.47,buy,0.1,,,0.1,1751679012.758
2014,374472143,1751679111666,3,0.0003,0.00030324,55.23,BTC-25JUL25-150000-C,107973.81,buy,0.1,,,0.1,1751679111.666
2015,374472149,1751679118885,3,0.0003,0.00030378,55.22,BTC-25JUL25-150000-C,107978.05,buy,0.1,,,0.1,1751679118.885
2016,374472202,1751679206814,3,0.0003,0.00030545,55.18,BTC-25JUL25-150000-C,108011.77,buy,0.1,,,0.1,1751679206.814
2017,374472203,1751679216249,3,0.0003,0.00030534,55.18,BTC-25JUL25-150000-C,108013.29,buy,0.1,,,0.1,1751679216.249
2018,374472238,1751679310286,3,0.0003,0.00030328,55.17,BTC-25JUL25-150000-C,108020.78,buy,0.1,,,0.1,1751679310.286
2019,374472243,1751679317456,3,0.0003,0.00030335,55.17,BTC-25JUL25-150000-C,108022.42,buy,0.1,,,0.1,1751679317.456
2020,374472291,1751679500227,3,0.0003,0.00029769,55.21,BTC-25JUL25-150000-C,107998.26,buy,0.1,,,0.1,1751679500.227
2021,374472292,1751679509683,3,0.0003,0.00029795,55.21,BTC-25JUL25-150000-C,107998.17,buy,0.1,,,0.1,1751679509.683
2022,374472298,1751679575810,3,0.0003,0.00029737,55.22,BTC-25JUL25-150000-C,107998.43,buy,0.1,,,0.1,1751679575.81
2023,374472310,1751679586003,3,0.0003,0.0002978,55.2,BTC-25JUL25-150000-C,108017.11,buy,0.1,,,0.1,1751679586.003
2024,374472314,1751679651272,3,0.0003,0.00029879,55.18,BTC-25JUL25-150000-C,108019.22,buy,0.1,,,0.1,1751679651.272
2025,374472315,1751679659381,3,0.0003,0.00029903,55.18,BTC-25JUL25-150000-C,108019.22,buy,0.1,,,0.1,1751679659.381
2026,374472322,1751679725682,3,0.0003,0.00029921,55.19,BTC-25JUL25-150000-C,108013.49,buy,0.1,,,0.1,1751679725.682
2027,374472324,1751679732762,3,0.0003,0.00029926,55.19,BTC-25JUL25-150000-C,108012.55,buy,0.1,,,0.1,1751679732.762
2028,374472329,1751679814313,3,0.0003,0.00029795,55.2,BTC-25JUL25-150000-C,108005.05,buy,0.1,,,0.1,1751679814.313
2029,374472331,1751679821549,3,0.0003,0.00029805,55.2,BTC-25JUL25-150000-C,108005.22,buy,0.1,,,0.1,1751679821.549
2030,374472336,1751679886584,3,0.0003,0.00029864,55.18,BTC-25JUL25-150000-C,108021.83,buy,0.1,,,0.1,1751679886.584
2031,374472338,1751679894886,3,0.0003,0.00029879,55.18,BTC-25JUL25-150000-C,108021.51,buy,0.1,,,0.1,1751679894.886
2032,374472350,1751679973399,3,0.0003,0.00029889,55.2,BTC-25JUL25-150000-C,108007.04,buy,0.1,,,0.1,1751679973.399
2033,374472351,1751679981683,3,0.0003,0.00029908,55.2,BTC-25JUL25-150000-C,108006.93,buy,0.1,,,0.1,1751679981.683
2034,374472366,1751680058154,3,0.0003,0.00030193,55.21,BTC-25JUL25-150000-C,108005.84,buy,0.1,,,0.1,1751680058.154
2035,374472368,1751680067287,3,0.0003,0.00030186,55.21,BTC-25JUL25-150000-C,108006.41,buy,0.1,,,0.1,1751680067.287
2036,374472387,1751680149967,3,0.0003,0.00030485,55.21,BTC-25JUL25-150000-C,108013.89,buy,0.1,,,0.1,1751680149.967
2037,374472389,1751680159294,3,0.0003,0.00030478,55.21,BTC-25JUL25-150000-C,108015.05,buy,0.1,,,0.1,1751680159.294
2038,374472402,1751680228511,3,0.0003,0.00030595,55.22,BTC-25JUL25-150000-C,108004.64,buy,0.1,,,0.1,1751680228.511
2039,374472403,1751680235753,3,0.0003,0.00030625,55.22,BTC-25JUL25-150000-C,108004.59,buy,0.1,,,0.1,1751680235.753
2040,374472439,1751680323693,3,0.0003,0.00030788,55.23,BTC-25JUL25-150000-C,107990.85,buy,0.1,,,0.1,1751680323.693
2041,374472440,1751680331970,3,0.0003,0.00030785,55.24,BTC-25JUL25-150000-C,107990.77,buy,0.1,,,0.1,1751680331.97
2042,374472446,1751680405537,3,0.0003,0.0003089,55.24,BTC-25JUL25-150000-C,107985.38,buy,0.1,,,0.1,1751680405.537
2043,374472447,1751680412620,3,0.0003,0.00030903,55.24,BTC-25JUL25-150000-C,107984.88,buy,0.1,,,0.1,1751680412.62
2044,374473844,1751682929208,3,0.0003,0.00029182,55.37,BTC-25JUL25-150000-C,107906.3,buy,0.1,,,0.1,1751682929.208
2045,374473848,1751682937502,3,0.0003,0.00029137,55.38,BTC-25JUL25-150000-C,107895.1,buy,0.1,,,0.1,1751682937.502
2046,374473891,1751683032518,3,0.0003,0.00029209,55.35,BTC-25JUL25-150000-C,107925.94,buy,0.1,,,0.1,1751683032.518
2047,374473902,1751683041842,3,0.0003,0.00029229,55.34,BTC-25JUL25-150000-C,107928.01,buy,0.1,,,0.1,1751683041.842
2048,374473938,1751683115142,3,0.0003,0.00029218,55.33,BTC-25JUL25-150000-C,107949.54,buy,0.1,,,0.1,1751683115.142
2049,374473939,1751683123465,3,0.0003,0.0002915,55.33,BTC-25JUL25-150000-C,107948.83,buy,0.1,,,0.1,1751683123.465
2050,374473963,1751683200987,3,0.0003,0.00029222,55.31,BTC-25JUL25-150000-C,107969.12,buy,0.1,,,0.1,1751683200.987
2051,374473966,1751683210186,3,0.0003,0.00029222,55.31,BTC-25JUL25-150000-C,107969.79,buy,0.1,,,0.1,1751683210.186
2052,374474274,1751683934592,3,0.0003,0.00029228,55.16,BTC-25JUL25-150000-C,108093.52,buy,0.1,,,0.1,1751683934.592
2053,374474276,1751683942760,3,0.0003,0.00029242,55.16,BTC-25JUL25-150000-C,108096.1,buy,0.1,,,0.1,1751683942.76
2054,374474290,1751684033656,3,0.0003,0.00029174,55.16,BTC-25JUL25-150000-C,108100.32,buy,0.1,,,0.1,1751684033.656
2055,374474292,1751684040826,3,0.0003,0.00029157,55.16,BTC-25JUL25-150000-C,108100.33,buy,0.1,,,0.1,1751684040.826
2056,374474377,1751684102881,3,0.0003,0.00029245,55.13,BTC-25JUL25-150000-C,108120.29,buy,0.1,,,0.1,1751684102.881
2057,374474388,1751684110984,3,0.0003,0.00029227,55.13,BTC-25JUL25-150000-C,108120.55,buy,0.1,,,0.1,1751684110.984
2058,374474413,1751684176861,3,0.0003,0.0002915,55.13,BTC-25JUL25-150000-C,108117.63,buy,0.1,,,0.1,1751684176.861
2059,374474414,1751684184091,3,0.0003,0.00029137,55.13,BTC-25JUL25-150000-C,108118.41,buy,0.1,,,0.1,1751684184.091
2060,374492522,1751722932148,2,0.0002,0.0002877,53.3,BTC-25JUL25-150000-C,108169.88,sell,0.1,,,0.1,1751722932.148
2061,374504909,1751769980116,0,0.0003,0.00022117,56.53,BTC-25JUL25-150000-C,108183.79,buy,0.1,,,0.1,1751769980.116
2062,374504911,1751769988579,1,0.0003,0.00022118,56.53,BTC-25JUL25-150000-C,108183.79,buy,0.1,,,0.1,1751769988.579
2063,374504953,1751770066967,1,0.0003,0.00022136,56.52,BTC-25JUL25-150000-C,108183.52,buy,0.1,,,0.1,1751770066.967
2064,374504960,1751770074186,1,0.0003,0.00022135,56.52,BTC-25JUL25-150000-C,108183.52,buy,0.1,,,0.1,1751770074.186
2065,374505003,1751770153788,1,0.0003,0.0002213,56.53,BTC-25JUL25-150000-C,108177.88,buy,0.1,,,0.1,1751770153.788
2066,374505006,1751770162056,1,0.0003,0.00022118,56.53,BTC-25JUL25-150000-C,108177.88,buy,0.1,,,0.1,1751770162.056
2067,374505013,1751770238339,1,0.0003,0.00022128,56.53,BTC-25JUL25-150000-C,108178.33,buy,0.1,,,0.1,1751770238.339
2068,374505014,1751770247613,1,0.0003,0.00022123,56.53,BTC-25JUL25-150000-C,108178.66,buy,0.1,,,0.1,1751770247.613
2069,374505021,1751770316831,1,0.0003,0.00022128,56.53,BTC-25JUL25-150000-C,108178.22,buy,0.1,,,0.1,1751770316.831
2070,374505022,1751770325310,1,0.0003,0.00022128,56.53,BTC-25JUL25-150000-C,108178.15,buy,0.1,,,0.1,1751770325.31
2071,374505029,1751770409844,1,0.0003,0.00022123,56.53,BTC-25JUL25-150000-C,108178.29,buy,0.1,,,0.1,1751770409.844
2072,374505030,1751770419158,1,0.0003,0.00022118,56.54,BTC-25JUL25-150000-C,108178.29,buy,0.1,,,0.1,1751770419.158
2073,374505044,1751770502999,1,0.0003,0.0002212,56.54,BTC-25JUL25-150000-C,108176.99,buy,0.1,,,0.1,1751770502.999
2074,374505048,1751770511115,1,0.0003,0.0002212,56.54,BTC-25JUL25-150000-C,108177.4,buy,0.1,,,0.1,1751770511.115
2075,374505066,1751770565899,1,0.0003,0.00022081,56.54,BTC-25JUL25-150000-C,108175.99,buy,0.1,,,0.1,1751770565.899
2076,374505069,1751770575198,1,0.0003,0.00022074,56.54,BTC-25JUL25-150000-C,108175.99,buy,0.1,,,0.1,1751770575.198
2077,374505136,1751770689704,1,0.0003,0.00021779,56.58,BTC-25JUL25-150000-C,108149.83,buy,0.1,,,0.1,1751770689.704
2078,374505139,1751770697972,1,0.0003,0.00021768,56.58,BTC-25JUL25-150000-C,108149.83,buy,0.1,,,0.1,1751770697.972
2079,374505149,1751770758946,1,0.0003,0.00021721,56.58,BTC-25JUL25-150000-C,108148.11,buy,0.1,,,0.1,1751770758.946
2080,374505150,1751770766231,1,0.0003,0.00021714,56.58,BTC-25JUL25-150000-C,108148.06,buy,0.1,,,0.1,1751770766.231
2081,374505334,1751770833604,1,0.0003,0.0002145,56.64,BTC-25JUL25-150000-C,108107.35,buy,0.1,,,0.1,1751770833.604
2082,374505338,1751770840997,1,0.0003,0.0002146,56.64,BTC-25JUL25-150000-C,108107.51,buy,0.1,,,0.1,1751770840.997
2083,374505373,1751770906931,1,0.0003,0.00021479,56.63,BTC-25JUL25-150000-C,108110.28,buy,0.1,,,0.1,1751770906.931
2084,374505377,1751770915235,1,0.0003,0.00021442,56.64,BTC-25JUL25-150000-C,108104.02,buy,0.1,,,0.1,1751770915.235
2085,374505402,1751770984522,1,0.0003,0.00021342,56.66,BTC-25JUL25-150000-C,108091.55,buy,0.1,,,0.1,1751770984.522
2086,374505403,1751770991768,1,0.0003,0.00021341,56.66,BTC-25JUL25-150000-C,108091.92,buy,0.1,,,0.1,1751770991.768
2087,374505444,1751771048607,1,0.0003,0.00021308,56.67,BTC-25JUL25-150000-C,108088.0,buy,0.1,,,0.1,1751771048.607
2088,374505445,1751771055902,1,0.0003,0.00021314,56.67,BTC-25JUL25-150000-C,108088.22,buy,0.1,,,0.1,1751771055.902
2089,374505460,1751771114825,1,0.0003,0.00021348,56.66,BTC-25JUL25-150000-C,108094.57,buy,0.1,,,0.1,1751771114.825
2090,374505461,1751771122058,1,0.0003,0.00021348,56.66,BTC-25JUL25-150000-C,108094.57,buy,0.1,,,0.1,1751771122.058
2091,374505537,1751771234544,1,0.0003,0.00021514,56.61,BTC-25JUL25-150000-C,108128.37,buy,0.1,,,0.1,1751771234.544
2092,374505539,1751771241960,1,0.0003,0.00021511,56.61,BTC-25JUL25-150000-C,108128.42,buy,0.1,,,0.1,1751771241.96
2093,374505544,1751771325553,1,0.0003,0.00021445,56.62,BTC-25JUL25-150000-C,108122.8,buy,0.1,,,0.1,1751771325.553
2094,374505548,1751771332772,1,0.0003,0.00021392,56.63,BTC-25JUL25-150000-C,108112.39,buy,0.1,,,0.1,1751771332.772
2095,374566181,1751848463084,2,0.0002,0.00018262,54.06,BTC-25JUL25-150000-C,109040.99,sell,0.1,,,0.1,1751848463.084
2096,374601413,1751894570857,3,0.0002,0.00021846,55.94,BTC-25JUL25-150000-C,108238.2,sell,0.1,,,0.1,1751894570.857
2097,374604639,1751895931298,0,0.0003,0.00020979,58.69,BTC-25JUL25-150000-C,108113.14,sell,1.0,,,1.0,1751895931.298
2098,374604683,1751895955965,1,0.0003,0.00020714,58.77,BTC-25JUL25-150000-C,108067.67,buy,1.0,,,1.0,1751895955.965
2099,374604695,1751895969483,1,0.0003,0.00020611,58.79,BTC-25JUL25-150000-C,108046.72,buy,1.0,,,1.0,1751895969.483
2100,374604723,1751895981863,1,0.0003,0.0002064,58.77,BTC-25JUL25-150000-C,108064.68,buy,1.0,,,1.0,1751895981.863
2101,374604762,1751895997515,1,0.0003,0.00020644,58.73,BTC-25JUL25-150000-C,108101.01,buy,1.0,,,1.0,1751895997.515
2102,374604796,1751896009790,1,0.0003,0.00020761,58.73,BTC-25JUL25-150000-C,108090.82,buy,1.0,,,1.0,1751896009.79
2103,374604801,1751896022181,1,0.0003,0.00020673,58.76,BTC-25JUL25-150000-C,108072.22,buy,1.0,,,1.0,1751896022.181
2104,374604806,1751896032527,1,0.0003,0.00020577,58.78,BTC-25JUL25-150000-C,108062.62,buy,1.0,,,1.0,1751896032.527
2105,374604836,1751896043944,1,0.0003,0.00020445,58.82,BTC-25JUL25-150000-C,108029.68,buy,1.0,,,1.0,1751896043.944
2106,374604883,1751896078015,1,0.0003,0.00020583,58.77,BTC-25JUL25-150000-C,108065.92,buy,1.0,,,1.0,1751896078.015
2107,374604899,1751896088466,1,0.0003,0.0002053,58.78,BTC-25JUL25-150000-C,108064.14,buy,1.0,,,1.0,1751896088.466
2108,374604900,1751896103900,1,0.0003,0.00020541,58.78,BTC-25JUL25-150000-C,108061.8,buy,1.0,,,1.0,1751896103.9
2109,374604985,1751896117545,1,0.0003,0.00020825,58.69,BTC-25JUL25-150000-C,108122.23,buy,1.0,,,1.0,1751896117.545
2110,374605117,1751896145171,1,0.0003,0.00021064,58.59,BTC-25JUL25-150000-C,108183.15,buy,1.0,,,1.0,1751896145.171
2111,374605140,1751896172051,1,0.0003,0.00021054,58.59,BTC-25JUL25-150000-C,108189.6,buy,1.4,,,1.4,1751896172.051
2112,374605143,1751896181493,1,0.0003,0.00021077,58.59,BTC-25JUL25-150000-C,108189.69,buy,1.4,,,1.4,1751896181.493
2113,374605157,1751896190905,1,0.0003,0.00021095,58.57,BTC-25JUL25-150000-C,108202.64,buy,1.4,,,1.4,1751896190.905
2114,374605211,1751896210505,1,0.0003,0.00021372,58.5,BTC-25JUL25-150000-C,108234.49,buy,1.4,,,1.4,1751896210.505
2115,374605225,1751896218679,1,0.0003,0.00021223,58.53,BTC-25JUL25-150000-C,108221.98,buy,1.4,,,1.4,1751896218.679
2116,374605235,1751896226889,1,0.0003,0.0002109,58.56,BTC-25JUL25-150000-C,108204.52,buy,1.4,,,1.4,1751896226.889
2117,374605241,1751896236206,1,0.0003,0.00021046,58.57,BTC-25JUL25-150000-C,108197.94,buy,1.4,,,1.4,1751896236.206
2118,374605242,1751896245688,1,0.0003,0.00021012,58.56,BTC-25JUL25-150000-C,108207.61,buy,1.4,,,1.4,1751896245.688
2119,374605259,1751896261060,1,0.0003,0.00021005,58.57,BTC-25JUL25-150000-C,108213.24,buy,1.4,,,1.4,1751896261.06
2120,374605288,1751896269352,1,0.0003,0.00021128,58.52,BTC-25JUL25-150000-C,108236.83,buy,1.4,,,1.4,1751896269.352
2121,374605300,1751896277660,1,0.0003,0.00021148,58.51,BTC-25JUL25-150000-C,108246.15,buy,1.4,,,1.4,1751896277.66
2122,374655307,1751938980285,1,0.0003,0.00017512,59.95,BTC-25JUL25-150000-C,107916.76,buy,0.1,,,0.1,1751938980.285
2123,374689557,1751981644796,2,0.0002,0.00017821,56.81,BTC-25JUL25-150000-C,108791.12,sell,0.1,,,0.1,1751981644.796
2124,374689564,1751981651023,3,0.0002,0.00017805,56.82,BTC-25JUL25-150000-C,108783.92,buy,0.1,,,0.1,1751981651.023
2125,374689596,1751981660461,3,0.0002,0.00017766,56.83,BTC-25JUL25-150000-C,108778.54,buy,0.1,,,0.1,1751981660.461
2126,374689608,1751981684151,3,0.0002,0.00017748,56.83,BTC-25JUL25-150000-C,108779.03,buy,0.1,,,0.1,1751981684.151
2127,374690519,1751982113449,3,0.0002,0.00018287,56.78,BTC-25JUL25-150000-C,108811.18,sell,0.1,,,0.1,1751982113.449
2128,374690524,1751982118639,3,0.0002,0.00018325,56.76,BTC-25JUL25-150000-C,108825.64,buy,0.1,,,0.1,1751982118.639
2129,374690525,1751982125888,3,0.0002,0.00018354,56.76,BTC-25JUL25-150000-C,108825.56,buy,0.1,,,0.1,1751982125.888
2130,374714722,1751996667626,3,0.0002,0.00017721,57.15,BTC-25JUL25-150000-C,108803.42,buy,0.1,,,0.1,1751996667.626
2131,374737986,1752032686968,3,0.0002,0.00018267,58.45,BTC-25JUL25-150000-C,108413.36,sell,0.1,,,0.1,1752032686.968
2132,374738849,1752033369682,3,0.0002,0.00018006,58.53,BTC-25JUL25-150000-C,108370.14,sell,0.1,,,0.1,1752033369.682
2133,374739496,1752033775250,3,0.0002,0.00018177,58.48,BTC-25JUL25-150000-C,108404.62,sell,0.1,,,0.1,1752033775.25
2134,374739555,1752034075282,3,0.0002,0.0001806,58.5,BTC-25JUL25-150000-C,108397.81,sell,0.1,,,0.1,1752034075.282
2135,374740536,1752035105026,3,0.0002,0.00018074,58.57,BTC-25JUL25-150000-C,108367.36,sell,0.1,,,0.1,1752035105.026
2136,374741019,1752035428332,3,0.0002,0.00018418,58.45,BTC-25JUL25-150000-C,108444.36,sell,0.1,,,0.1,1752035428.332
2138,374741746,1752036516505,3,0.0002,0.00018319,58.38,BTC-25JUL25-150000-C,108513.64,sell,0.1,,,0.1,1752036516.505
2137,374741745,1752036516505,3,0.0002,0.00018319,58.38,BTC-25JUL25-150000-C,108513.64,sell,0.1,,,0.1,1752036516.505
2139,374746478,1752044316552,3,0.0002,0.00018144,58.07,BTC-25JUL25-150000-C,108860.28,sell,0.1,,,0.1,1752044316.552
2140,374749468,1752048540150,0,0.0003,0.00018173,60.94,BTC-25JUL25-150000-C,108766.16,buy,0.1,,,0.1,1752048540.15
2141,374821054,1752091399854,1,0.0003,0.00019391,57.17,BTC-25JUL25-150000-C,111776.96,sell,0.5,,,0.5,1752091399.854
2142,374827199,1752092756959,2,0.0002,0.00018229,55.73,BTC-25JUL25-150000-C,111058.39,sell,0.1,,,0.1,1752092756.959
2143,374828584,1752093221945,3,0.0002,0.00018672,56.01,BTC-25JUL25-150000-C,110897.22,sell,0.1,,,0.1,1752093221.945
2144,374831848,1752094548094,3,0.0002,0.00017671,56.32,BTC-25JUL25-150000-C,110697.37,sell,0.1,,,0.1,1752094548.094
2145,374832534,1752094848133,3,0.0002,0.00018081,56.29,BTC-25JUL25-150000-C,110722.04,sell,0.1,,,0.1,1752094848.133
2146,374855249,1752102152467,3,0.0002,0.00018711,55.36,BTC-25JUL25-150000-C,111403.69,sell,0.1,,,0.1,1752102152.467
2147,374864744,1752107054979,3,0.0002,0.00018811,55.71,BTC-25JUL25-150000-C,111231.49,sell,0.1,,,0.1,1752107054.979
2148,374865310,1752107556402,3,0.0002,0.00018476,55.71,BTC-25JUL25-150000-C,111226.32,sell,0.1,,,0.1,1752107556.402
2149,374865586,1752108055359,3,0.0002,0.00018091,55.93,BTC-25JUL25-150000-C,111084.12,sell,0.1,,,0.1,1752108055.359
2150,374866106,1752108355377,3,0.0002,0.00018443,55.89,BTC-25JUL25-150000-C,111125.97,sell,0.1,,,0.1,1752108355.377
2151,374866339,1752108655403,3,0.0002,0.00018247,55.93,BTC-25JUL25-150000-C,111109.35,sell,0.1,,,0.1,1752108655.403
2152,374872221,1752113171785,3,0.0002,0.00018128,55.73,BTC-25JUL25-150000-C,111280.95,sell,0.1,,,0.1,1752113171.785
2153,374891559,1752133154215,3,0.0002,0.00018755,56.21,BTC-25JUL25-150000-C,111330.71,sell,0.1,,,0.1,1752133154.215
2154,374893413,1752134169382,3,0.0002,0.00021431,56.25,BTC-25JUL25-150000-C,111274.09,sell,0.1,,,0.1,1752134169.382
2155,374897406,1752137857528,0,0.0003,0.00021694,58.97,BTC-25JUL25-150000-C,111284.1,sell,1.0,,,1.0,1752137857.528
2156,374898408,1752140235439,2,0.0002,0.00025986,56.53,BTC-25JUL25-150000-C,111185.72,sell,0.1,,,0.1,1752140235.439
2158,374898410,1752140235439,3,0.0002,0.00025986,56.53,BTC-25JUL25-150000-C,111185.72,sell,0.1,,,0.1,1752140235.439
2157,374898409,1752140235439,3,0.0002,0.00025986,56.53,BTC-25JUL25-150000-C,111185.72,sell,1.0,,,1.0,1752140235.439
2159,374939782,1752164866789,3,0.0002,0.00021181,55.08,BTC-25JUL25-150000-C,112542.07,sell,0.1,,,0.1,1752164866.789
2160,374948194,1752166463344,3,0.0002,0.00018975,55.01,BTC-25JUL25-150000-C,112628.95,sell,0.1,,,0.1,1752166463.344
2161,375043091,1752183636431,0,0.0003,0.00028403,52.27,BTC-25JUL25-150000-C,116398.97,sell,0.1,,,0.1,1752183636.431
2162,375043472,1752183644398,1,0.0003,0.00030173,51.81,BTC-25JUL25-150000-C,116682.4,sell,0.1,,,0.1,1752183644.398
2163,375044594,1752183685834,1,0.0003,0.00028245,52.27,BTC-25JUL25-150000-C,116388.01,sell,0.1,,,0.1,1752183685.834
2164,375045526,1752183753427,1,0.0003,0.00027734,52.37,BTC-25JUL25-150000-C,116370.94,sell,0.2,,,0.2,1752183753.427
2165,375045530,1752183754721,1,0.0003,0.0002787,52.36,BTC-25JUL25-150000-C,116366.39,sell,0.1,,,0.1,1752183754.721
2166,375045531,1752183754798,1,0.0003,0.0002787,52.36,BTC-25JUL25-150000-C,116366.39,sell,0.1,,,0.1,1752183754.798
2167,375046776,1752183791101,1,0.0003,0.00028376,52.21,BTC-25JUL25-150000-C,116570.67,sell,0.2,,,0.2,1752183791.101
2168,375046900,1752183796208,1,0.0003,0.0002915,52.17,BTC-25JUL25-150000-C,116536.58,sell,0.1,,,0.1,1752183796.208
2169,375048735,1752183913808,1,0.0003,0.0002703,52.55,BTC-25JUL25-150000-C,116252.96,sell,0.2,,,0.2,1752183913.808
2170,375052123,1752184238425,1,0.0003,0.00030396,52.06,BTC-25JUL25-150000-C,116505.22,sell,0.1,,,0.1,1752184238.425
2171,375053010,1752184336721,1,0.0003,0.00029554,52.21,BTC-25JUL25-150000-C,116413.08,sell,0.1,,,0.1,1752184336.721
2172,375053055,1752184338275,1,0.0003,0.00029574,52.21,BTC-25JUL25-150000-C,116413.14,sell,0.1,,,0.1,1752184338.275
2173,375053079,1752184339412,1,0.0003,0.00029595,52.2,BTC-25JUL25-150000-C,116414.44,sell,0.1,,,0.1,1752184339.412
2174,375053716,1752184426633,1,0.0003,0.00028871,52.35,BTC-25JUL25-150000-C,116370.16,sell,0.1,,,0.1,1752184426.633
2175,375053725,1752184427712,1,0.0003,0.00029109,52.27,BTC-25JUL25-150000-C,116396.19,sell,0.1,,,0.1,1752184427.712
2176,375053732,1752184428754,1,0.0003,0.00029271,52.26,BTC-25JUL25-150000-C,116397.45,sell,0.1,,,0.1,1752184428.754
2177,375053733,1752184430361,1,0.0003,0.00029305,52.26,BTC-25JUL25-150000-C,116403.39,sell,0.1,,,0.1,1752184430.361
2178,375054913,1752184578319,1,0.0003,0.00030595,51.87,BTC-25JUL25-150000-C,116651.28,sell,0.2,,,0.2,1752184578.319
2179,375054947,1752184587619,1,0.0003,0.00030033,51.99,BTC-25JUL25-150000-C,116569.44,sell,0.2,,,0.2,1752184587.619
2180,375055408,1752184654573,1,0.0003,0.00028932,52.15,BTC-25JUL25-150000-C,116477.11,sell,0.2,,,0.2,1752184654.573
2181,375055409,1752184656150,1,0.0003,0.00028922,52.16,BTC-25JUL25-150000-C,116480.35,sell,0.1,,,0.1,1752184656.15
2182,375055418,1752184658557,1,0.0003,0.00028948,52.16,BTC-25JUL25-150000-C,116476.89,sell,0.1,,,0.1,1752184658.557
2184,375069240,1752187237530,3,0.0002,0.00028324,50.77,BTC-25JUL25-150000-C,115838.27,sell,0.1,,,0.1,1752187237.53
2185,375069241,1752187237530,3,0.0002,0.00028324,50.77,BTC-25JUL25-150000-C,115838.27,sell,14.8,,,14.8,1752187237.53
2183,375069239,1752187237530,2,0.0002,0.00028324,50.77,BTC-25JUL25-150000-C,115838.27,sell,0.1,,,0.1,1752187237.53
2186,375069684,1752187371122,3,0.0002,0.00026667,50.77,BTC-25JUL25-150000-C,115835.99,sell,0.1,,,0.1,1752187371.122
2187,375069711,1752187388836,3,0.0002,0.00026465,50.76,BTC-25JUL25-150000-C,115839.51,sell,0.2,,,0.2,1752187388.836
2188,375070115,1752187537552,3,0.0002,0.00025264,50.59,BTC-25JUL25-150000-C,115938.0,sell,0.1,,,0.1,1752187537.552
2189,375070974,1752187762860,3,0.0002,0.00024697,50.31,BTC-25JUL25-150000-C,116123.74,sell,0.3,,,0.3,1752187762.86
2190,375070979,1752187764058,3,0.0002,0.00024692,50.31,BTC-25JUL25-150000-C,116123.43,sell,0.1,,,0.1,1752187764.058
2191,375071002,1752187767288,3,0.0002,0.00024659,50.31,BTC-25JUL25-150000-C,116115.75,sell,0.2,,,0.2,1752187767.288
2192,375071030,1752187778576,3,0.0002,0.00024544,50.33,BTC-25JUL25-150000-C,116109.93,sell,0.4,,,0.4,1752187778.576
2193,375071032,1752187780135,3,0.0002,0.00024521,50.33,BTC-25JUL25-150000-C,116110.24,sell,0.1,,,0.1,1752187780.135
2194,375071034,1752187782500,3,0.0002,0.00024498,50.33,BTC-25JUL25-150000-C,116108.92,sell,0.3,,,0.3,1752187782.5
2195,375071130,1752187837568,3,0.0002,0.00024149,50.33,BTC-25JUL25-150000-C,116108.87,sell,0.1,,,0.1,1752187837.568
2196,375071288,1752187883993,3,0.0002,0.00024084,50.28,BTC-25JUL25-150000-C,116156.57,sell,0.3,,,0.3,1752187883.993
2197,375071783,1752188079424,3,0.0002,0.00022929,50.35,BTC-25JUL25-150000-C,116114.05,sell,0.2,,,0.2,1752188079.424
2198,375071785,1752188081154,3,0.0002,0.00022934,50.34,BTC-25JUL25-150000-C,116121.57,sell,0.1,,,0.1,1752188081.154
2199,375071791,1752188088925,3,0.0002,0.00022981,50.33,BTC-25JUL25-150000-C,116125.66,sell,0.1,,,0.1,1752188088.925
2200,375072289,1752188307708,3,0.0002,0.00022357,50.35,BTC-25JUL25-150000-C,116092.33,sell,0.1,,,0.1,1752188307.708
2201,375073253,1752188607746,3,0.0002,0.0002144,50.54,BTC-25JUL25-150000-C,115970.36,sell,0.1,,,0.1,1752188607.746
2202,375073891,1752188907759,3,0.0002,0.00021974,50.37,BTC-25JUL25-150000-C,116093.3,sell,0.1,,,0.1,1752188907.759
2203,375074499,1752189207793,3,0.0002,0.00021545,50.47,BTC-25JUL25-150000-C,116022.23,sell,0.1,,,0.1,1752189207.793
2204,375075050,1752189507839,3,0.0002,0.0002056,50.76,BTC-25JUL25-150000-C,115848.95,sell,0.1,,,0.1,1752189507.839
2205,375075900,1752189807868,3,0.0002,0.00020831,50.77,BTC-25JUL25-150000-C,115839.43,sell,0.1,,,0.1,1752189807.868
2206,375127126,1752210443927,3,0.0002,0.0001937,49.09,BTC-25JUL25-150000-C,117161.52,sell,0.1,,,0.1,1752210443.927
2207,375129376,1752210783415,3,0.0002,0.00021058,48.91,BTC-25JUL25-150000-C,117290.86,sell,0.1,,,0.1,1752210783.415
2208,375156320,1752212871760,0,0.0003,0.00030946,49.71,BTC-25JUL25-150000-C,118256.44,buy,0.1,,,0.1,1752212871.76
2209,375168666,1752213576134,1,0.0003,0.00026806,50.32,BTC-25JUL25-150000-C,117872.95,sell,0.1,,,0.1,1752213576.134
2210,375168667,1752213576764,1,0.0003,0.00026832,50.32,BTC-25JUL25-150000-C,117876.07,sell,0.4,,,0.4,1752213576.764
2211,375176959,1752214358943,1,0.0003,0.00027624,50.04,BTC-25JUL25-150000-C,118072.64,sell,15.0,,,15.0,1752214358.943
2212,375176960,1752214358954,1,0.0003,0.00027624,50.04,BTC-25JUL25-150000-C,118072.64,sell,0.1,,,0.1,1752214358.954
2213,375176961,1752214358975,1,0.0003,0.00027624,50.04,BTC-25JUL25-150000-C,118072.64,sell,2.8,,,2.8,1752214358.975
2214,375182397,1752215323903,2,0.0002,0.00028336,47.61,BTC-25JUL25-150000-C,118175.62,sell,15.0,,,15.0,1752215323.903
2215,375182407,1752215323925,3,0.0002,0.00028336,47.61,BTC-25JUL25-150000-C,118175.62,sell,2.9,,,2.9,1752215323.925
2216,375182504,1752215325420,3,0.0002,0.00028283,47.63,BTC-25JUL25-150000-C,118151.89,sell,15.0,,,15.0,1752215325.42
2217,375183064,1752215544158,3,0.0002,0.00025329,47.68,BTC-25JUL25-150000-C,118146.29,sell,15.0,,,15.0,1752215544.158
2218,375183065,1752215544182,3,0.0002,0.00025329,47.68,BTC-25JUL25-150000-C,118146.29,sell,0.1,,,0.1,1752215544.182
2219,375183069,1752215544300,3,0.0002,0.00025329,47.68,BTC-25JUL25-150000-C,118146.29,sell,2.8,,,2.8,1752215544.3
2220,375185366,1752215953613,3,0.0002,0.00021502,47.77,BTC-25JUL25-150000-C,118078.65,sell,0.1,,,0.1,1752215953.613
2221,375185378,1752215954812,3,0.0002,0.000215,47.78,BTC-25JUL25-150000-C,118073.21,sell,15.0,,,15.0,1752215954.812
2222,375185511,1752216042956,3,0.0002,0.00021352,47.83,BTC-25JUL25-150000-C,118036.76,sell,0.2,,,0.2,1752216042.956
2223,375185513,1752216044317,3,0.0002,0.00021373,47.82,BTC-25JUL25-150000-C,118036.27,sell,0.1,,,0.1,1752216044.317
2224,375185515,1752216044893,3,0.0002,0.00021373,47.82,BTC-25JUL25-150000-C,118036.27,sell,0.1,,,0.1,1752216044.893
2225,375185516,1752216045844,3,0.0002,0.00021369,47.82,BTC-25JUL25-150000-C,118035.48,sell,0.2,,,0.2,1752216045.844
2226,375185650,1752216134267,3,0.0002,0.00021339,47.83,BTC-25JUL25-150000-C,118014.35,sell,0.3,,,0.3,1752216134.267
2227,375185652,1752216135724,3,0.0002,0.0002135,47.83,BTC-25JUL25-150000-C,118015.3,sell,0.1,,,0.1,1752216135.724
2228,375185672,1752216137991,3,0.0002,0.00021356,47.83,BTC-25JUL25-150000-C,118014.22,sell,0.2,,,0.2,1752216137.991
2229,375186070,1752216199890,3,0.0002,0.00021241,47.87,BTC-25JUL25-150000-C,118002.87,sell,0.1,,,0.1,1752216199.89
2230,375186253,1752216253412,3,0.0002,0.00020966,47.95,BTC-25JUL25-150000-C,117949.84,sell,0.3,,,0.3,1752216253.412
2231,375186348,1752216255278,3,0.0002,0.00020939,47.95,BTC-25JUL25-150000-C,117964.65,sell,0.1,,,0.1,1752216255.278
2232,375186350,1752216256133,3,0.0002,0.00020939,47.95,BTC-25JUL25-150000-C,117964.65,sell,0.2,,,0.2,1752216256.133
2233,375186358,1752216263876,3,0.0002,0.00021051,47.93,BTC-25JUL25-150000-C,117968.75,sell,0.1,,,0.1,1752216263.876
2234,375186359,1752216268186,3,0.0002,0.00021046,47.93,BTC-25JUL25-150000-C,117965.46,sell,15.0,,,15.0,1752216268.186
2235,375186360,1752216268198,3,0.0002,0.00021046,47.93,BTC-25JUL25-150000-C,117965.46,sell,0.1,,,0.1,1752216268.198
2236,375186361,1752216268211,3,0.0002,0.00021046,47.93,BTC-25JUL25-150000-C,117965.46,sell,2.8,,,2.8,1752216268.211
2237,375188920,1752216724657,0,0.0003,0.00025244,50.56,BTC-25JUL25-150000-C,117815.19,buy,0.5,,,0.5,1752216724.657
2238,375189546,1752216789923,1,0.0003,0.00025248,50.65,BTC-25JUL25-150000-C,117757.45,buy,1.4,,,1.4,1752216789.923
2239,375189557,1752216805433,2,0.0002,0.0002533,48.31,BTC-25JUL25-150000-C,117748.79,sell,0.9,,,0.9,1752216805.433
2240,375189634,1752216814723,3,0.0002,0.00025241,48.35,BTC-25JUL25-150000-C,117722.88,sell,1.0,,,1.0,1752216814.723
2241,375193228,1752217779514,0,0.0003,0.00023779,50.99,BTC-25JUL25-150000-C,117508.08,sell,0.1,,,0.1,1752217779.514
2242,375194191,1752218079549,1,0.0003,0.00024112,51.0,BTC-25JUL25-150000-C,117539.21,sell,0.1,,,0.1,1752218079.549
2243,375229353,1752227835771,1,0.0003,0.00030706,49.61,BTC-25JUL25-150000-C,118495.84,sell,1.0,,,1.0,1752227835.771
2245,375236435,1752231109243,3,0.0002,0.00022078,47.92,BTC-25JUL25-150000-C,118132.81,sell,0.1,,,0.1,1752231109.243
2244,375236434,1752231109243,2,0.0002,0.00022078,47.92,BTC-25JUL25-150000-C,118132.81,sell,0.1,,,0.1,1752231109.243
2246,375236808,1752231423764,3,0.0002,0.00021364,48.04,BTC-25JUL25-150000-C,118056.45,sell,0.1,,,0.1,1752231423.764
2247,375239917,1752232332927,3,0.0002,0.00020703,48.38,BTC-25JUL25-150000-C,117909.79,sell,0.1,,,0.1,1752232332.927
2248,375246788,1752234026800,3,0.0002,0.00021809,48.59,BTC-25JUL25-150000-C,117783.01,sell,0.1,,,0.1,1752234026.8
2249,375252164,1752236433881,3,0.0002,0.00021383,48.28,BTC-25JUL25-150000-C,118044.26,sell,0.1,,,0.1,1752236433.881
2250,375253264,1752236733914,3,0.0002,0.00020533,48.52,BTC-25JUL25-150000-C,117901.61,sell,0.1,,,0.1,1752236733.914
2251,375254645,1752237235148,3,0.0002,0.00017988,48.57,BTC-25JUL25-150000-C,117866.94,sell,0.1,,,0.1,1752237235.148
2252,375255688,1752237918386,3,0.0002,0.0001677,48.74,BTC-25JUL25-150000-C,117785.58,sell,0.1,,,0.1,1752237918.386
2253,375295313,1752247209209,0,0.0003,0.00022337,51.34,BTC-25JUL25-150000-C,117773.63,sell,0.9,,,0.9,1752247209.209
2254,375295412,1752247261329,2,0.0002,0.00021834,48.99,BTC-25JUL25-150000-C,117752.56,sell,0.2,,,0.2,1752247261.329
2255,375368231,1752289524815,0,0.0003,0.00018627,52.35,BTC-25JUL25-150000-C,117714.7,buy,0.4,,,0.4,1752289524.815
2256,375412567,1752340537446,1,0.0003,0.00024839,54.08,BTC-25JUL25-150000-C,117354.58,buy,0.3,,,0.3,1752340537.446
2257,375412581,1752340545239,1,0.0003,0.00024875,54.07,BTC-25JUL25-150000-C,117367.16,buy,0.3,,,0.3,1752340545.239
2259,375432676,1752383493054,3,0.0002,0.0002463,51.74,BTC-25JUL25-150000-C,117931.16,sell,0.7,,,0.7,1752383493.054
2258,375432675,1752383493054,2,0.0002,0.0002463,51.74,BTC-25JUL25-150000-C,117931.16,sell,0.1,,,0.1,1752383493.054
2260,375465345,1752411270587,0,0.0003,0.00026071,53.93,BTC-25JUL25-150000-C,118531.71,buy,3.1,,,3.1,1752411270.587
2261,375481367,1752416777106,0,0.0004,0.00048075,54.99,BTC-25JUL25-150000-C,119188.99,sell,0.2,,,0.2,1752416777.106
2262,375511478,1752431645025,0,0.0005,0.00043748,57.32,BTC-25JUL25-150000-C,119016.52,sell,0.1,,,0.1,1752431645.025
2263,375511483,1752431656502,1,0.0005,0.00043813,57.31,BTC-25JUL25-150000-C,119020.9,sell,0.1,,,0.1,1752431656.502
2264,375511495,1752431662269,1,0.0005,0.00043859,57.3,BTC-25JUL25-150000-C,119022.61,sell,0.2,,,0.2,1752431662.269
2265,375511507,1752431669347,1,0.0005,0.00043865,57.3,BTC-25JUL25-150000-C,119023.04,sell,0.5,,,0.5,1752431669.347
2266,375511556,1752431684942,1,0.0005,0.00044089,57.26,BTC-25JUL25-150000-C,119035.92,sell,0.1,,,0.1,1752431684.942
2267,375632155,1752467452834,1,0.0005,0.00050615,54.82,BTC-25JUL25-150000-C,120914.73,sell,0.1,,,0.1,1752467452.834
2268,375633678,1752467800292,1,0.0005,0.00052571,54.46,BTC-25JUL25-150000-C,121107.45,buy,0.1,,,0.1,1752467800.292
2270,375634294,1752467873244,1,0.0006,0.00052097,55.9,BTC-25JUL25-150000-C,121090.27,buy,0.1,,,0.1,1752467873.244
2271,375634295,1752467873244,1,0.0006,0.00052097,55.9,BTC-25JUL25-150000-C,121090.27,buy,0.1,,,0.1,1752467873.244
2269,375634293,1752467873244,0,0.0006,0.00052097,55.9,BTC-25JUL25-150000-C,121090.27,buy,1.0,,,1.0,1752467873.244
2272,375639313,1752468370989,2,0.0005,0.00054395,54.26,BTC-25JUL25-150000-C,121248.58,sell,0.1,,,0.1,1752468370.989
2273,375642332,1752468773419,3,0.0005,0.0005408,54.22,BTC-25JUL25-150000-C,121299.98,sell,0.1,,,0.1,1752468773.419
2274,375646669,1752469596524,3,0.0005,0.00054671,54.09,BTC-25JUL25-150000-C,121361.86,sell,0.1,,,0.1,1752469596.524
2275,375661831,1752470863488,0,0.0008,0.00069808,55.73,BTC-25JUL25-150000-C,122443.02,buy,0.4,,,0.4,1752470863.488
2276,375680148,1752473832128,2,0.0006,0.00064185,54.03,BTC-25JUL25-150000-C,122190.06,sell,0.1,,,0.1,1752473832.128
2277,375686033,1752475989288,0,0.0007,0.00064385,55.47,BTC-25JUL25-150000-C,122122.48,buy,2.0,,,2.0,1752475989.288
2278,375688374,1752476791107,1,0.0007,0.00069554,55.3,BTC-25JUL25-150000-C,122218.35,buy,0.1,,,0.1,1752476791.107
2279,375714205,1752481415561,2,0.0006,0.00057323,54.11,BTC-25JUL25-150000-C,122350.0,sell,0.5,,,0.5,1752481415.561
2280,375732451,1752487677303,2,0.0005,0.00051391,54.06,BTC-25JUL25-150000-C,121735.78,sell,0.1,,,0.1,1752487677.303
2281,375743669,1752490950183,0,0.0007,0.00052042,56.82,BTC-25JUL25-150000-C,121795.87,buy,0.1,,,0.1,1752490950.183
2282,375743674,1752490953916,1,0.0007,0.00052054,56.82,BTC-25JUL25-150000-C,121792.19,buy,0.1,,,0.1,1752490953.916
2283,375743676,1752490956194,1,0.0007,0.00052006,56.82,BTC-25JUL25-150000-C,121790.4,buy,0.1,,,0.1,1752490956.194
2284,375743682,1752490958701,1,0.0007,0.00051999,56.82,BTC-25JUL25-150000-C,121790.02,buy,0.1,,,0.1,1752490958.701
2285,375744569,1752491429297,1,0.0007,0.00052841,56.82,BTC-25JUL25-150000-C,121807.89,buy,0.3,,,0.3,1752491429.297
2286,375835051,1752509947441,2,0.0004,0.00047745,57.47,BTC-25JUL25-150000-C,119337.85,sell,2.0,,,2.0,1752509947.441
2287,375835052,1752509947441,3,0.0004,0.00047745,57.47,BTC-25JUL25-150000-C,119337.85,sell,0.8,,,0.8,1752509947.441
2288,375865057,1752523462113,2,0.0003,0.00038307,55.07,BTC-25JUL25-150000-C,119784.27,sell,0.4,,,0.4,1752523462.113
2291,375951127,1752557146562,3,0.0003,0.00038891,60.23,BTC-25JUL25-150000-C,117543.62,sell,0.1,,,0.1,1752557146.562
2289,375951125,1752557146562,3,0.0003,0.00038891,60.23,BTC-25JUL25-150000-C,117543.62,sell,1.5,,,1.5,1752557146.562
2290,375951126,1752557146562,3,0.0003,0.00038891,60.23,BTC-25JUL25-150000-C,117543.62,sell,0.1,,,0.1,1752557146.562
2292,375991237,1752574127847,3,0.0003,0.00028714,62.24,BTC-25JUL25-150000-C,116814.55,sell,0.2,,,0.2,1752574127.847
2294,376068495,1752595190551,3,0.0002,0.00028237,60.82,BTC-25JUL25-150000-C,116354.95,sell,0.1,,,0.1,1752595190.551
2293,376068494,1752595190551,2,0.0002,0.00028237,60.82,BTC-25JUL25-150000-C,116354.95,sell,0.1,,,0.1,1752595190.551
2295,376068496,1752595190551,3,0.0002,0.00028237,60.82,BTC-25JUL25-150000-C,116354.95,sell,0.1,,,0.1,1752595190.551
2296,376075035,1752596823516,0,0.0003,0.00022055,63.01,BTC-25JUL25-150000-C,116836.17,buy,4.3,,,4.3,1752596823.516
2297,376075136,1752596877482,1,0.0003,0.00022493,62.79,BTC-25JUL25-150000-C,116943.15,buy,4.3,,,4.3,1752596877.482
2298,376075177,1752596913340,1,0.0003,0.00022689,62.69,BTC-25JUL25-150000-C,116996.61,buy,4.3,,,4.3,1752596913.34
2299,376076381,1752597331486,0,0.0004,0.00022684,64.69,BTC-25JUL25-150000-C,117149.47,buy,0.2,,,0.2,1752597331.486
2300,376093228,1752604770485,2,0.0003,0.00020277,64.31,BTC-25JUL25-150000-C,116294.49,buy,3.5,,,3.5,1752604770.485
2301,376094239,1752604820898,3,0.0003,0.00020023,64.34,BTC-25JUL25-150000-C,116286.77,buy,3.5,,,3.5,1752604820.898
2302,376094696,1752604843538,3,0.0003,0.00019914,64.35,BTC-25JUL25-150000-C,116295.97,buy,3.5,,,3.5,1752604843.538
2303,376157916,1752640199330,2,0.0002,0.00018852,60.52,BTC-25JUL25-150000-C,117529.34,sell,0.1,,,0.1,1752640199.33
2304,376162861,1752645954842,3,0.0002,0.00016448,60.1,BTC-25JUL25-150000-C,117876.67,buy,0.9,,,0.9,1752645954.842
2305,376170561,1752651810521,3,0.0002,0.00022015,59.68,BTC-25JUL25-150000-C,118238.13,sell,0.1,,,0.1,1752651810.521
2306,376170562,1752651810521,3,0.0002,0.00022015,59.68,BTC-25JUL25-150000-C,118238.13,sell,0.1,,,0.1,1752651810.521
2307,376174439,1752653672564,3,0.0002,0.00021179,59.83,BTC-25JUL25-150000-C,118157.77,sell,0.1,,,0.1,1752653672.564
2308,376179828,1752655657995,3,0.0002,0.00018477,58.82,BTC-25JUL25-150000-C,118710.03,buy,0.9,,,0.9,1752655657.995
2310,376213302,1752675954277,3,0.0002,0.00022125,60.27,BTC-25JUL25-150000-C,118385.83,sell,0.1,,,0.1,1752675954.277
2309,376213301,1752675954277,3,0.0002,0.00022125,60.27,BTC-25JUL25-150000-C,118385.83,sell,0.1,,,0.1,1752675954.277
2311,376233130,1752679291642,0,0.0003,0.00029009,61.38,BTC-25JUL25-150000-C,119315.75,sell,15.0,,,15.0,1752679291.642
2312,376233131,1752679291656,1,0.0003,0.00029009,61.38,BTC-25JUL25-150000-C,119315.75,sell,10.0,,,10.0,1752679291.656
2313,376271491,1752694085500,1,0.0003,0.00028193,62.14,BTC-25JUL25-150000-C,119316.89,sell,0.1,,,0.1,1752694085.5
2314,376320278,1752723209795,1,0.0003,0.0002153,66.19,BTC-25JUL25-150000-C,117899.16,sell,0.1,,,0.1,1752723209.795
2315,376327245,1752731712475,1,0.0003,0.00025474,65.2,BTC-25JUL25-150000-C,118610.91,sell,0.1,,,0.1,1752731712.475
2316,376327381,1752732012487,1,0.0003,0.00027099,65.12,BTC-25JUL25-150000-C,118644.7,sell,0.1,,,0.1,1752732012.487
2317,376327707,1752732313463,1,0.0003,0.00028293,65.0,BTC-25JUL25-150000-C,118697.54,sell,0.1,,,0.1,1752732313.463
2318,376328214,1752732613515,1,0.0003,0.00028521,64.96,BTC-25JUL25-150000-C,118747.89,sell,0.1,,,0.1,1752732613.515
2319,376328482,1752732913555,1,0.0003,0.00027694,65.34,BTC-25JUL25-150000-C,118564.79,sell,0.1,,,0.1,1752732913.555
2320,376328778,1752733213599,1,0.0003,0.0002775,65.55,BTC-25JUL25-150000-C,118453.9,sell,0.1,,,0.1,1752733213.599
2321,376329421,1752733602661,1,0.0003,0.00029701,64.96,BTC-25JUL25-150000-C,118780.21,sell,0.1,,,0.1,1752733602.661
2322,376329788,1752733902681,1,0.0003,0.00028498,65.21,BTC-25JUL25-150000-C,118648.9,sell,0.1,,,0.1,1752733902.681
2323,376330252,1752734202705,1,0.0003,0.00027489,65.59,BTC-25JUL25-150000-C,118479.8,sell,0.1,,,0.1,1752734202.705
2324,376330587,1752734502730,1,0.0003,0.00027735,65.72,BTC-25JUL25-150000-C,118425.98,sell,0.1,,,0.1,1752734502.73
2325,376330909,1752734802751,1,0.0003,0.00028124,65.72,BTC-25JUL25-150000-C,118420.73,sell,0.1,,,0.1,1752734802.751
2326,376331199,1752735102809,1,0.0003,0.00028483,65.64,BTC-25JUL25-150000-C,118460.98,sell,0.1,,,0.1,1752735102.809
2327,376331258,1752735402826,1,0.0003,0.00028544,65.65,BTC-25JUL25-150000-C,118475.71,sell,0.1,,,0.1,1752735402.826
2328,376331899,1752735702887,1,0.0003,0.00027657,65.97,BTC-25JUL25-150000-C,118323.64,sell,0.1,,,0.1,1752735702.887
2329,376346741,1752743876963,2,0.0002,0.00031319,62.72,BTC-25JUL25-150000-C,118617.34,sell,0.1,,,0.1,1752743876.963
2330,376457510,1752788639219,3,0.0002,0.00019681,60.87,BTC-25JUL25-150000-C,120589.72,sell,15.0,,,15.0,1752788639.219
2331,376457511,1752788639232,3,0.0002,0.00019681,60.87,BTC-25JUL25-150000-C,120589.72,sell,0.1,,,0.1,1752788639.232
2332,376461103,1752789686684,3,0.0002,0.00018886,61.35,BTC-25JUL25-150000-C,120372.66,sell,0.1,,,0.1,1752789686.684
2333,376461624,1752789986779,3,0.0002,0.00018214,61.63,BTC-25JUL25-150000-C,120248.17,sell,0.1,,,0.1,1752789986.779
2334,376462193,1752790286792,3,0.0002,0.00018202,61.78,BTC-25JUL25-150000-C,120193.14,sell,0.1,,,0.1,1752790286.792
2335,376463105,1752790586840,3,0.0002,0.00019861,61.07,BTC-25JUL25-150000-C,120527.61,sell,0.1,,,0.1,1752790586.84
2336,376472232,1752794708320,2,0.0001,0.00017506,58.66,BTC-25JUL25-150000-C,119584.5,sell,0.1,,,0.1,1752794708.32
2338,376472234,1752794708320,3,0.0001,0.00017506,58.66,BTC-25JUL25-150000-C,119584.5,sell,0.1,,,0.1,1752794708.32
2337,376472233,1752794708320,3,0.0001,0.00017506,58.66,BTC-25JUL25-150000-C,119584.5,sell,0.1,,,0.1,1752794708.32
2339,376472235,1752794708320,3,0.0001,0.00017506,58.66,BTC-25JUL25-150000-C,119584.5,sell,0.1,,,0.1,1752794708.32
2340,376472236,1752794708320,3,0.0001,0.00017506,58.66,BTC-25JUL25-150000-C,119584.5,sell,0.8,,,0.8,1752794708.32
2341,376502734,1752813801936,0,0.0002,0.00021775,62.61,BTC-25JUL25-150000-C,120350.39,sell,0.1,,,0.1,1752813801.936
2342,376503170,1752814141861,1,0.0002,0.00021679,62.35,BTC-25JUL25-150000-C,120496.84,sell,0.1,,,0.1,1752814141.861
2343,376503670,1752814609953,1,0.0002,0.00021471,62.24,BTC-25JUL25-150000-C,120547.08,sell,0.1,,,0.1,1752814609.953
2344,376503956,1752814910056,1,0.0002,0.00021008,62.36,BTC-25JUL25-150000-C,120497.78,sell,0.1,,,0.1,1752814910.056
2345,376504393,1752815212671,1,0.0002,0.00020779,62.51,BTC-25JUL25-150000-C,120420.94,sell,0.1,,,0.1,1752815212.671
2346,376538173,1752826297295,2,0.0001,0.0001452,60.43,BTC-25JUL25-150000-C,119427.58,sell,0.1,,,0.1,1752826297.295
2347,376538191,1752826305185,3,0.0001,0.00014427,60.46,BTC-25JUL25-150000-C,119416.43,sell,0.1,,,0.1,1752826305.185
2348,376563042,1752836955302,0,0.0002,0.00014176,66.38,BTC-25JUL25-150000-C,119149.3,buy,0.1,,,0.1,1752836955.302
2349,376563045,1752836956637,1,0.0002,0.00014178,66.38,BTC-25JUL25-150000-C,119149.97,buy,0.1,,,0.1,1752836956.637
2350,376563046,1752836957992,1,0.0002,0.00014192,66.37,BTC-25JUL25-150000-C,119150.24,buy,0.1,,,0.1,1752836957.992
2351,376563047,1752836959177,1,0.0002,0.00014195,66.37,BTC-25JUL25-150000-C,119150.81,buy,0.1,,,0.1,1752836959.177
2352,376563119,1752837084667,2,0.0001,0.0001421,61.63,BTC-25JUL25-150000-C,119134.2,sell,0.1,,,0.1,1752837084.667
2353,376664092,1752869509207,3,0.0001,0.00014018,67.58,BTC-25JUL25-150000-C,117249.66,sell,28.9,,,28.9,1752869509.207
2356,376664095,1752869509207,3,0.0001,0.00014018,67.58,BTC-25JUL25-150000-C,117249.66,sell,1.0,,,1.0,1752869509.207
2355,376664094,1752869509207,3,0.0001,0.00014018,67.58,BTC-25JUL25-150000-C,117249.66,sell,1.5,,,1.5,1752869509.207
2357,376664096,1752869509207,3,0.0001,0.00014018,67.58,BTC-25JUL25-150000-C,117249.66,sell,0.1,,,0.1,1752869509.207
2354,376664093,1752869509207,3,0.0001,0.00014018,67.58,BTC-25JUL25-150000-C,117249.66,sell,3.5,,,3.5,1752869509.207
2358,376669782,1752871074671,3,0.0001,0.00012645,68.33,BTC-25JUL25-150000-C,116948.38,buy,0.1,,,0.1,1752871074.671
2359,376706004,1752916118988,3,0.0001,0.00012897,68.19,BTC-25JUL25-150000-C,118222.89,buy,0.3,,,0.3,1752916118.988
2360,376722848,1752939047944,3,0.0001,0.00014609,69.68,BTC-25JUL25-150000-C,118259.5,sell,3.0,,,3.0,1752939047.944
2361,376873007,1753086207195,3,0.0001,3.247e-05,80.54,BTC-25JUL25-150000-C,119322.61,buy,0.1,,,0.1,1753086207.195
2362,376929100,1753118220606,3,0.0001,9.7e-06,88.51,BTC-25JUL25-150000-C,117973.58,buy,0.1,,,0.1,1753118220.606
2363,376929101,1753118222948,3,0.0001,9.76e-06,88.5,BTC-25JUL25-150000-C,117974.42,buy,0.1,,,0.1,1753118222.948
2364,376929102,1753118224099,3,0.0001,9.76e-06,88.5,BTC-25JUL25-150000-C,117976.55,buy,0.1,,,0.1,1753118224.099
2365,376929103,1753118225908,3,0.0001,9.77e-06,88.48,BTC-25JUL25-150000-C,117980.55,buy,0.1,,,0.1,1753118225.908
2366,376976996,1753148685304,3,0.0001,9.6e-06,94.0,BTC-25JUL25-150000-C,117721.46,buy,0.5,,,0.5,1753148685.304
2367,376976997,1753148685304,3,0.0001,9.6e-06,94.0,BTC-25JUL25-150000-C,117721.46,buy,4.0,,,4.0,1753148685.304
2368,377182330,1753268694927,3,0.0001,6.6e-07,121.46,BTC-25JUL25-150000-C,118435.34,sell,5.0,128.0,BLOCK-212796,5.0,1753268694.927
